{"passages": [{"relevance": 0.5221725233433183, "logits_end": [0.0018116483697667718, 0.012724002823233604, 0.00015985842037480325, 6.0918464441783726e-05, 0.0007204136345535517, 0.009129110723733902, 4.618293314706534e-05, 0.0005001543904654682, 0.008604535833001137, 1.6528785636182874e-05, 0.00011585103493416682, 0.0013754811370745301, 0.00020940923423040658, 6.370327901095152e-05, 0.017035899683833122, 0.000776555621996522, 0.00010902103531407192, 0.006574997212737799, 0.000271275348495692, 0.007404678035527468, 0.010599602945148945, 0.0012181381462141871, 0.0002927839523181319, 0.00018626388919074088, 0.0005998708656989038, 0.00022452838311437517, 0.0001462100335629657, 0.0005004893755540252, 0.0028354774694889784, 0.0162561796605587, 0.0002994428214151412, 0.00010018864850280806, 9.629371197661385e-05, 0.000583066139370203, 0.00023387726105283946, 0.0004948854329995811, 0.0007074137101881206, 0.0019644449930638075, 0.001572117325849831, 0.004805045202374458, 0.011472275480628014, 0.0006841814611107111, 0.012551926076412201, 0.10080631077289581, 0.014863625168800354, 0.08643925935029984, 0.010328147560358047, 0.00019463239004835486, 0.0030067504849284887, 0.0011148002231493592, 0.00011782814544858411, 0.0007667088648304343, 0.10892876237630844, 0.0063879783265292645, 0.00022079066548030823, 0.004006294067949057, 0.0013792800018563867, 0.0017013588221743703, 0.0009654092136770487, 0.005287744104862213, 0.05819648131728172, 0.03594064712524414, 0.0008988710469566286, 0.0008420657832175493, 0.0005284585640765727, 0.0030935099348425865, 0.0001577335933689028, 0.0040611508302390575, 0.00023258240253198892, 0.005013049114495516, 0.0003120962355751544, 0.00027338237850926816, 0.00555063970386982, 0.03147100657224655, 0.16641752421855927, 0.00032410191488452256, 0.0003239247016608715, 7.239889237098396e-05, 0.0012910295045003295, 0.025815211236476898, 0.05215888097882271, 0.09683553874492645, 0.00016901522758416831, 0.00040999127668328583, 0.013049246743321419, 0.002198796719312668, 0.011712003499269485, 0.0, 0.0, 0.0, 0.0, 0.0, 0.0, 0.0, 0.0, 0.0, 0.0, 0.0, 0.0, 0.0, 0.0, 0.0, 0.0, 0.0, 0.0, 0.0, 0.0, 0.0, 0.0, 0.0, 0.0, 0.0, 0.0, 0.0, 0.0, 0.0, 0.0, 0.0, 0.0, 0.0, 0.0, 0.0, 0.0, 0.0, 0.0, 0.0, 0.0, 0.0, 0.0, 0.0, 0.0, 0.0, 0.0, 0.0, 0.0, 0.0, 0.0, 0.0, 0.0, 0.0, 0.0, 0.0, 0.0, 0.0, 0.0, 0.0, 0.0, 0.0, 0.0, 0.0, 0.0, 0.0, 0.0, 0.0, 0.0, 0.0, 0.0, 0.0, 0.0, 0.0, 0.0, 0.0, 0.0, 0.0, 0.0, 0.0, 0.0, 0.0, 0.0, 0.0, 0.0, 0.0, 0.0, 0.0, 0.0, 0.0, 0.0, 0.0, 0.0, 0.0, 0.0, 0.0, 0.0, 0.0, 0.0, 0.0, 0.0, 0.0, 0.0, 0.0, 0.0, 0.0, 0.0, 0.0, 0.0, 0.0, 0.0, 0.0, 0.0, 0.0, 0.0, 0.0, 0.0, 0.0, 0.0, 0.0, 0.0, 0.0, 0.0, 0.0, 0.0, 0.0, 0.0, 0.0, 0.0, 0.0, 0.0, 0.0, 0.0, 0.0, 0.0, 0.0, 0.0, 0.0, 0.0, 0.0, 0.0, 0.0, 0.0, 0.0], "tokens": ["submit", ".", "·", "just", "now", ".", "report", "abuse", ".", "a", "centi", "meter", "is", "one", "hundredth", "of", "a", "meter", "(", "1/100", ")", "that", "'s", "the", "beauty", "of", "the", "decimal", "system", ":", "it", "'s", "very", "easy", "and", "logical", ":", "mili", "=", "1/1000", "centi", "=", "1/100", "deci", "=", "1/10", "by", "the", "way", ",", "a", "cubic", "centimeter", "(", "a", "cube", "with", "sides", "=", "1", "cm", ")", "is", "exactly", "one", "mililiter", "in", "volume", "(", "1/1000", "of", "a", "liter", ")", ".", "manny", "p", "·", "9", "years", "ago", ".", "thumbs", "up", ".", "0", "."], "logits_start": [0.006648438982665539, 0.0009635452879592776, 0.03746958449482918, 0.002006369875743985, 0.0006623881636187434, 0.0005687176017090678, 0.022469231858849525, 0.0009300024248659611, 0.0007310174405574799, 0.16783620417118073, 0.007907787337899208, 0.006058764178305864, 0.0027506344486027956, 0.011744067072868347, 0.014713102020323277, 0.0011840524384751916, 0.003926594741642475, 0.0037108378019183874, 0.000849864911288023, 0.0032945405691862106, 0.0005282056517899036, 0.004235053434967995, 0.0010619355598464608, 0.0011612232774496078, 0.0009913688991218805, 0.0010449913097545505, 0.001539511256851256, 0.0014220144366845489, 0.0006849499186500907, 0.0005205586203373969, 0.02526022307574749, 0.001749278511852026, 0.0018048014026135206, 0.0014703671913594007, 0.0008428680012002587, 0.006802093703299761, 0.0011715396540239453, 0.0229357797652483, 0.008842882700264454, 0.010348726995289326, 0.003294767113402486, 0.011284369975328445, 0.20563417673110962, 0.008413598872721195, 0.002778183901682496, 0.001816276810131967, 0.0008241451578214765, 0.001568142673932016, 0.0009587006643414497, 0.0005757862236350775, 0.026369228959083557, 0.0641215443611145, 0.0010420575272291899, 0.0005169970099814236, 0.004255679436028004, 0.002329563954845071, 0.0013923958176746964, 0.0037443784531205893, 0.003399911569431424, 0.04859398305416107, 0.0006321230321191251, 0.00026114669162780046, 0.0006993028218857944, 0.001727227820083499, 0.0016864396166056395, 0.0007764864712953568, 0.0007583291735500097, 0.002770964289084077, 0.0007724275928921998, 0.004904612898826599, 0.0005715996958315372, 0.009120471775531769, 0.004016482271254063, 0.0003248193534091115, 0.00039527888293378055, 0.032597221434116364, 0.007206055335700512, 0.021367155015468597, 0.12233036756515503, 0.0017888036090880632, 0.00019995428738184273, 2.7202844648854807e-05, 0.00046778604155406356, 6.510871753562242e-05, 5.0403607019688934e-05, 0.0006509630475193262, 7.320349686779082e-05, 0.0, 0.0, 0.0, 0.0, 0.0, 0.0, 0.0, 0.0, 0.0, 0.0, 0.0, 0.0, 0.0, 0.0, 0.0, 0.0, 0.0, 0.0, 0.0, 0.0, 0.0, 0.0, 0.0, 0.0, 0.0, 0.0, 0.0, 0.0, 0.0, 0.0, 0.0, 0.0, 0.0, 0.0, 0.0, 0.0, 0.0, 0.0, 0.0, 0.0, 0.0, 0.0, 0.0, 0.0, 0.0, 0.0, 0.0, 0.0, 0.0, 0.0, 0.0, 0.0, 0.0, 0.0, 0.0, 0.0, 0.0, 0.0, 0.0, 0.0, 0.0, 0.0, 0.0, 0.0, 0.0, 0.0, 0.0, 0.0, 0.0, 0.0, 0.0, 0.0, 0.0, 0.0, 0.0, 0.0, 0.0, 0.0, 0.0, 0.0, 0.0, 0.0, 0.0, 0.0, 0.0, 0.0, 0.0, 0.0, 0.0, 0.0, 0.0, 0.0, 0.0, 0.0, 0.0, 0.0, 0.0, 0.0, 0.0, 0.0, 0.0, 0.0, 0.0, 0.0, 0.0, 0.0, 0.0, 0.0, 0.0, 0.0, 0.0, 0.0, 0.0, 0.0, 0.0, 0.0, 0.0, 0.0, 0.0, 0.0, 0.0, 0.0, 0.0, 0.0, 0.0, 0.0, 0.0, 0.0, 0.0, 0.0, 0.0, 0.0, 0.0, 0.0, 0.0, 0.0, 0.0, 0.0, 0.0, 0.0, 0.0, 0.0, 0.0], "url": "https://answers.yahoo.com/question/index?qid=20061211173120AA6J9jR"}, {"logits_end": [0.00023082045663613826, 0.0016990419244393706, 0.08823458105325699, 0.0008700632606633008, 0.008495825342833996, 0.03905978053808212, 0.000525168317835778, 0.0007183511042967439, 0.043130818754434586, 0.0008926989394240081, 0.004063882865011692, 0.0602850578725338, 0.198813334107399, 0.0013931296998634934, 0.0006868940545246005, 0.007398271467536688, 0.00032303272746503353, 0.0011887149885296822, 0.022231673821806908, 0.0006950459792278707, 0.0006389067275449634, 0.051370613276958466, 0.15891754627227783, 0.002161480253562331, 0.000707519706338644, 0.0036580045707523823, 8.981366408988833e-05, 0.0008725852239876986, 0.03434208407998085, 0.0003255807387176901, 0.005298207513988018, 0.015495004132390022, 0.0008511334890499711, 0.02049805223941803, 0.021587641909718513, 0.202249675989151, 0.0, 0.0, 0.0, 0.0, 0.0, 0.0, 0.0, 0.0, 0.0, 0.0, 0.0, 0.0, 0.0, 0.0, 0.0, 0.0, 0.0, 0.0, 0.0, 0.0, 0.0, 0.0, 0.0, 0.0, 0.0, 0.0, 0.0, 0.0, 0.0, 0.0, 0.0, 0.0, 0.0, 0.0, 0.0, 0.0, 0.0, 0.0, 0.0, 0.0, 0.0, 0.0, 0.0, 0.0, 0.0, 0.0, 0.0, 0.0, 0.0, 0.0, 0.0, 0.0, 0.0, 0.0, 0.0, 0.0, 0.0, 0.0, 0.0, 0.0, 0.0, 0.0, 0.0, 0.0, 0.0, 0.0, 0.0, 0.0, 0.0, 0.0, 0.0, 0.0, 0.0, 0.0, 0.0, 0.0, 0.0, 0.0, 0.0, 0.0, 0.0, 0.0, 0.0, 0.0, 0.0, 0.0, 0.0, 0.0, 0.0, 0.0, 0.0, 0.0, 0.0, 0.0, 0.0, 0.0, 0.0, 0.0, 0.0, 0.0, 0.0, 0.0, 0.0, 0.0, 0.0, 0.0, 0.0, 0.0, 0.0, 0.0, 0.0, 0.0, 0.0, 0.0, 0.0, 0.0, 0.0, 0.0, 0.0, 0.0, 0.0, 0.0, 0.0, 0.0, 0.0, 0.0, 0.0, 0.0, 0.0, 0.0, 0.0, 0.0, 0.0, 0.0, 0.0, 0.0, 0.0, 0.0, 0.0, 0.0, 0.0, 0.0, 0.0, 0.0, 0.0, 0.0, 0.0, 0.0, 0.0, 0.0, 0.0, 0.0, 0.0, 0.0, 0.0, 0.0, 0.0, 0.0, 0.0, 0.0, 0.0, 0.0, 0.0, 0.0, 0.0, 0.0, 0.0, 0.0, 0.0, 0.0, 0.0, 0.0, 0.0, 0.0, 0.0, 0.0, 0.0, 0.0, 0.0, 0.0, 0.0, 0.0, 0.0, 0.0, 0.0, 0.0, 0.0, 0.0, 0.0, 0.0, 0.0, 0.0, 0.0, 0.0], "end_index": 0,