{"query_id": 1727, "passages": [{"relevance": 0.5221725233433183, "end_index": 74, "logits_start": [0.009259375743567944, 0.0006734395865350962, 0.019065426662564278, 0.0015376334777101874, 0.0007414033752866089, 0.00022015806462150067, 0.012800208292901516, 0.0005363739328458905, 0.00027835817309096456, 0.08371393382549286, 0.003620320465415716, 0.008225965313613415, 0.0029198448173701763, 0.014782610349357128, 0.036141537129879, 0.004301798064261675, 0.01761460304260254, 0.0327468104660511, 0.0012177639873698354, 0.006002561654895544, 0.0003233633760828525, 0.005096922628581524, 0.0006438230630010366, 0.0009545253124088049, 0.00041506325942464173, 0.0005290298140607774, 0.0014190784422680736, 0.0008378733182325959, 0.0005541639402508736, 0.00017863544053398073, 0.009904303587973118, 0.0006722653051838279, 0.0010417423909530044, 0.0006006361218169332, 0.00037834185059182346, 0.0011431180173531175, 0.0013310034992173314, 0.019465461373329163, 0.010695528239011765, 0.020254051312804222, 0.005378125235438347, 0.00566483661532402, 0.04481503739953041, 0.0046022734604775906, 0.0020850051660090685, 0.009069805964827538, 0.0004965689149685204, 0.004534998442977667, 0.0005563286249525845, 0.0004956652410328388, 0.007752568926662207, 0.0777176022529602, 0.001607174752280116, 0.0001451161369914189, 0.0013812528923153877, 0.0007708974299021065, 0.0010664761066436768, 0.002384202554821968, 0.010763808153569698, 0.09881789982318878, 0.0008060397231020033, 8.999383135233074e-05, 0.0006691493326798081, 0.0012150303227826953, 0.0015758074587211013, 0.0006971489056013525, 0.0008422427345067263, 0.00510084955021739, 0.0005733324214816093, 0.002662481740117073, 0.0006642763619311154, 0.002221146132797003, 0.006682273466140032, 0.00012049483484588563, 0.00025316100800409913, 0.062401507049798965, 0.017754118889570236, 0.033825330436229706, 0.23798216879367828, 0.00394678208976984, 0.0013842496555298567, 2.8844462576671503e-05, 0.0014378223568201065, 0.00020031478197779506, 9.617819159757346e-05, 0.003478609723970294, 0.00034590353607200086, 0.0, 0.0, 0.0, 0.0, 0.0, 0.0, 0.0, 0.0, 0.0, 0.0, 0.0, 0.0, 0.0, 0.0, 0.0, 0.0, 0.0, 0.0, 0.0, 0.0, 0.0, 0.0, 0.0, 0.0, 0.0, 0.0, 0.0, 0.0, 0.0, 0.0, 0.0, 0.0, 0.0, 0.0, 0.0, 0.0, 0.0, 0.0, 0.0, 0.0, 0.0, 0.0, 0.0, 0.0, 0.0, 0.0, 0.0, 0.0, 0.0, 0.0, 0.0, 0.0, 0.0, 0.0, 0.0, 0.0, 0.0, 0.0, 0.0, 0.0, 0.0, 0.0, 0.0, 0.0, 0.0, 0.0, 0.0, 0.0, 0.0, 0.0, 0.0, 0.0, 0.0, 0.0, 0.0, 0.0, 0.0, 0.0, 0.0, 0.0, 0.0, 0.0, 0.0, 0.0, 0.0, 0.0, 0.0, 0.0, 0.0, 0.0, 0.0, 0.0, 0.0, 0.0, 0.0, 0.0, 0.0, 0.0, 0.0, 0.0, 0.0, 0.0, 0.0, 0.0, 0.0, 0.0, 0.0, 0.0, 0.0, 0.0, 0.0, 0.0, 0.0, 0.0, 0.0, 0.0, 0.0, 0.0, 0.0, 0.0, 0.0, 0.0, 0.0, 0.0, 0.0, 0.0, 0.0, 0.0, 0.0, 0.0, 0.0, 0.0, 0.0, 0.0, 0.0, 0.0, 0.0, 0.0, 0.0, 0.0, 0.0, 0.0, 0.0], "start_index": 78, "selected": true, "tokens": ["submit", ".", "·", "just", "now", ".", "report", "abuse", ".", "a", "centi", "meter", "is", "one", "hundredth", "of", "a", "meter", "(", "1/100", ")", "that", "'s", "the", "beauty", "of", "the", "decimal", "system", ":", "it", "'s", "very", "easy", "and", "logical", ":", "mili", "=", "1/1000", "centi", "=", "1/100", "deci", "=", "1/10", "by", "the", "way", ",", "a", "cubic", "centimeter", "(", "a", "cube", "with", "sides", "=", "1", "cm", ")", "is", "exactly", "one", "mililiter", "in", "volume", "(", "1/1000", "of", "a", "liter", ")", ".", "manny", "p", "·", "9", "years", "ago", ".", "thumbs", "up", ".", "0", "."], "url": "https://answers.yahoo.com/question/index?qid=20061211173120AA6J9jR", "logits_end": [0.0017124679870903492, 0.01322514284402132, 0.00029126310255378485, 0.00015969411469995975, 0.0020139182452112436, 0.014568310230970383, 5.869254164281301e-05, 0.0010486707324162126, 0.01079116016626358, 4.989132139598951e-05, 0.0003307476290501654, 0.0033968654461205006, 0.00014567363541573286, 0.0007328931242227554, 0.03028833493590355, 0.0008240803726948798, 0.0041353157721459866, 0.05664918199181557, 0.0033156073186546564, 0.018384035676717758, 0.014989691786468029, 0.00014814325550105423, 0.0001562794204801321, 0.00014035761705599725, 0.0010593750048428774, 0.00015359629469458014, 0.0002092533395625651, 0.001118430052883923, 0.0032727017533034086, 0.04339450225234032, 0.00010388411465100944, 6.912417302373797e-05, 8.477614028379321e-05, 0.0003477014834061265, 7.233250653371215e-05, 0.0007676912355236709, 0.0012531032552942634, 0.0022891557309776545, 0.0011987971374765038, 0.006306538358330727, 0.01416629459708929, 0.001304212142713368, 0.005484301131218672, 0.039053987711668015, 0.005934923887252808, 0.017311692237854004, 0.003753397846594453, 0.0001704963797237724, 0.0017516107764095068, 0.0005064153810963035, 0.0001300719304708764, 0.0021517726127058268, 0.09141933917999268, 0.0081972386687994, 0.0005739983753301203, 0.0018853044603019953, 0.0001518274802947417, 0.0015178226167336106, 0.0017291792901232839, 0.00470525398850441, 0.08607061952352524, 0.028274431824684143, 0.000760969880502671, 0.0010361192980781198, 0.0010008600074797869, 0.0025169849395751953, 0.000348553410731256, 0.006427289918065071, 0.001384601928293705, 0.005556812044233084, 0.00026265066117048264, 0.0007827627705410123, 0.013146311976015568, 0.04503728821873665, 0.14341704547405243, 0.00016832775145303458, 0.0015978344017639756, 0.00041767655056901276, 0.009641529992222786, 0.027654213830828667, 0.0838845819234848, 0.07533922791481018, 0.00011417210043873638, 0.0005177650018595159, 0.014943080022931099, 0.0020243993494659662, 0.006517332047224045, 0.0, 0.0, 0.0, 0.0, 0.0, 0.0, 0.0, 0.0, 0.0, 0.0, 0.0, 0.0, 0.0, 0.0, 0.0, 0.0, 0.0, 0.0, 0.0, 0.0, 0.0, 0.0, 0.0, 0.0, 0.0, 0.0, 0.0, 0.0, 0.0, 0.0, 0.0, 0.0, 0.0, 0.0, 0.0, 0.0, 0.0, 0.0, 0.0, 0.0, 0.0, 0.0, 0.0, 0.0, 0.0, 0.0, 0.0, 0.0, 0.0, 0.0, 0.0, 0.0, 0.0, 0.0, 0.0, 0.0, 0.0, 0.0, 0.0, 0.0, 0.0, 0.0, 0.0, 0.0, 0.0, 0.0, 0.0, 0.0, 0.0, 0.0, 0.0, 0.0, 0.0, 0.0, 0.0, 0.0, 0.0, 0.0, 0.0, 0.0, 0.0, 0.0, 0.0, 0.0, 0.0, 0.0, 0.0, 0.0, 0.0, 0.0, 0.0, 0.0, 0.0, 0.0, 0.0, 0.0, 0.0, 0.0, 0.0, 0.0, 0.0, 0.0, 0.0, 0.0, 0.0, 0.0, 0.0, 0.0, 0.0, 0.0, 0.0, 0.0, 0.0, 0.0, 0.0, 0.0, 0.0, 0.0, 0.0, 0.0, 0.0, 0.0, 0.0, 0.0, 0.0, 0.0, 0.0, 0.0, 0.0, 0.0, 0.0, 0.0, 0.0, 0.0, 0.0, 0.0, 0.0, 0.0, 0.0, 0.0, 0.0, 0.0, 0.0]}, {"relevance": 0.47782747665668174, "tokens": ["1", "1", "centimeter", "(", "cm", ")", "=", "10", "millimeters", "(", "mm", ")", ".", "2", "1", "meter", "=", "100", "centimeters", "=", "1,000", "millimeters", ".", "3", "1", "inch", "equals", "2.54", "centimeters", ",", "1", "cm", "equals", "0.393700787", "in", "."], "url": "http://www.ginifab.com/feeds/cm_to_inch/",