{"passages": [{"start_index": 0, "relevance": 0.8139854740224994, "end_index": 0, "logits_end": [0.026864059269428253, 0.1979980170726776, 0.010972624644637108, 0.0022050694096833467, 0.004385150503367186, 0.03775118291378021, 0.0007467764080502093, 0.013943670317530632, 0.034372419118881226, 0.0011131903156638145, 0.0005275127477943897, 0.0034463033080101013, 0.011938103474676609, 0.10961169004440308, 0.15814881026744843, 0.02132708579301834, 0.001669588964432478, 0.0005667822551913559, 0.0002154550893465057, 0.01965097337961197, 0.00041316673741675913, 0.022122357040643692, 0.09268248081207275, 0.00016258176765404642, 0.0002646873181220144, 0.0007030076230876148, 0.0035068097058683634, 0.0003656966728158295, 0.0011220768792554736, 0.0001411351258866489, 0.008754492737352848, 0.06551144272089005, 0.00010761644080048427, 0.00023392860020976514, 0.0012094225967302918, 0.0003512836410664022, 0.001969370059669018, 0.00017969193868339062, 0.005785229615867138, 0.006356813944876194, 0.00013828586088493466, 0.001405688701197505, 0.003734542988240719, 0.0001287071208935231, 0.00038788479287177324, 5.6967459386214614e-05, 0.00491331284865737, 0.0022114389576017857, 0.00021343350817915052, 0.0001288340426981449, 0.006964821834117174, 0.005647667217999697, 0.003844741266220808, 0.0006205461104400456, 0.0014519133837893605, 0.014628073200583458, 0.04547375813126564, 0.001059244037605822, 0.00014037650544196367, 5.333774606697261e-05, 7.725469185970724e-05, 0.007343163713812828, 0.00428174389526248, 0.00013121603114996105, 0.0005078266258351505, 0.00015438316040672362, 0.00011671025276882574, 3.722183100762777e-05, 0.0005351327126845717, 4.18537383666262e-05, 3.7208203139016405e-05, 4.410727342474274e-05, 3.42489147442393e-05, 0.0020802549552172422, 0.00011591630754992366, 2.9389428163995035e-05, 9.435035462956876e-05, 0.0024191588163375854, 7.835798169253394e-05, 3.415680112084374e-05, 4.082431405549869e-05, 0.00012874302046839148, 3.0299830541480333e-05, 6.886137998662889e-05, 2.6052617613459006e-05, 0.001629465608857572, 7.805554923834279e-05, 2.7250649509369396e-05, 6.943871267139912e-05, 0.0020313654094934464, 0.015074663795530796, 0.0, 0.0, 0.0, 0.0, 0.0, 0.0, 0.0, 0.0, 0.0, 0.0, 0.0, 0.0, 0.0, 0.0, 0.0, 0.0, 0.0, 0.0, 0.0, 0.0, 0.0, 0.0, 0.0, 0.0, 0.0, 0.0, 0.0, 0.0, 0.0, 0.0, 0.0, 0.0, 0.0, 0.0, 0.0, 0.0, 0.0, 0.0, 0.0, 0.0, 0.0, 0.0, 0.0, 0.0, 0.0, 0.0, 0.0, 0.0, 0.0, 0.0, 0.0, 0.0, 0.0, 0.0, 0.0, 0.0, 0.0, 0.0, 0.0, 0.0, 0.0, 0.0, 0.0, 0.0, 0.0, 0.0, 0.0, 0.0, 0.0, 0.0, 0.0, 0.0, 0.0, 0.0, 0.0, 0.0, 0.0, 0.0, 0.0, 0.0, 0.0, 0.0, 0.0, 0.0, 0.0, 0.0, 0.0, 0.0, 0.0, 0.0, 0.0, 0.0, 0.0, 0.0, 0.0, 0.0, 0.0, 0.0, 0.0, 0.0, 0.0, 0.0, 0.0, 0.0, 0.0, 0.0, 0.0, 0.0, 0.0, 0.0, 0.0, 0.0, 0.0, 0.0, 0.0, 0.0, 0.0, 0.0, 0.0, 0.0, 0.0, 0.0, 0.0, 0.0, 0.0, 0.0, 0.0, 0.0, 0.0, 0.0, 0.0, 0.0, 0.0, 0.0, 0.0, 0.0, 0.0, 0.0, 0.0, 0.0, 0.0, 0.0, 0.0, 0.0], "url": "https://en.wikipedia.org/wiki/Smylie_Kaufman", "selected": true, "logits_start": [0.33661970496177673, 0.03980914503335953, 0.0021180668845772743, 0.013736541382968426, 0.04325086995959282, 0.02415379323065281, 0.0008073534118011594, 0.014694231562316418, 0.001985721057280898, 0.0034167098347097635, 0.035976726561784744, 0.1424131542444229, 0.09183628857135773, 0.027263633906841278, 0.000603982713073492, 0.04668523371219635, 0.0009509791270829737, 0.003464655252173543, 0.003572921035811305, 0.042107630521059036, 0.00027272902661934495, 0.005875058937817812, 0.00018776417709887028, 0.00764602143317461, 0.001097081578336656, 0.00192910130135715, 0.003513065865263343, 0.00040508084930479527, 0.0022856728173792362, 0.0008394718752242625, 0.002938227029517293, 0.00013356417184695601, 0.0074035730212926865, 0.0014662001049146056, 0.0018991046817973256, 0.0009171291603706777, 0.0032574781216681004, 0.0005512930802069604, 0.0048593622632324696, 0.0001002072385745123, 0.0029183058068156242, 0.0029884204268455505, 0.0030196558218449354, 0.0002909194154199213, 0.0016765326727181673, 0.0003156772581860423, 0.003983172122389078, 0.00027853879146277905, 0.0005206927307881415, 0.0014747044770047069, 0.007032179739326239, 0.0006192526197992265, 0.003671251470223069, 0.0006641938234679401, 0.005767752416431904, 0.003854736452922225, 8.777920447755605e-05, 0.00914654042571783, 0.0005520490813069046, 0.0010774958645924926, 0.0015751925529912114, 0.007634569890797138, 0.00028325908351689577, 0.0005453451885841787, 0.0014018232468515635, 0.0007817160803824663, 0.0008578395936638117, 0.0004446646198630333, 0.001210103160701692, 0.0001702952868072316, 0.00046407239278778434, 0.0003873203240800649, 0.0005551426438614726, 0.0018181407358497381, 3.1567829864798114e-05, 0.0009372603381052613, 0.0011693742126226425, 0.0017552543431520462, 6.117780867498368e-05, 0.0004082974628545344, 0.0003098241868428886, 0.0004648874746635556, 5.991636498947628e-05, 0.0004810405953321606, 0.00017224918701685965, 0.0008940914995037019, 1.4453412404691335e-05, 0.00031109972042031586, 7.696986722294241e-05, 0.0010617258958518505, 0.0006769854808226228, 0.0, 0.0, 0.0, 0.0, 0.0, 0.0, 0.0, 0.0, 0.0, 0.0, 0.0, 0.0, 0.0, 0.0, 0.0, 0.0, 0.0, 0.0, 0.0, 0.0, 0.0, 0.0, 0.0, 0.0, 0.0, 0.0, 0.0, 0.0, 0.0, 0.0, 0.0, 0.0, 0.0, 0.0, 0.0, 0.0, 0.0, 0.0, 0.0, 0.0, 0.0, 0.0, 0.0, 0.0, 0.0, 0.0, 0.0, 0.0, 0.0, 0.0, 0.0, 0.0, 0.0, 0.0, 0.0, 0.0, 0.0, 0.0, 0.0, 0.0, 0.0, 0.0, 0.0, 0.0, 0.0, 0.0, 0.0, 0.0, 0.0, 0.0, 0.0, 0.0, 0.0, 0.0, 0.0, 0.0, 0.0, 0.0, 0.0, 0.0, 0.0, 0.0, 0.0, 0.0, 0.0, 0.0, 0.0, 0.0, 0.0, 0.0, 0.0, 0.0, 0.0, 0.0, 0.0, 0.0, 0.0, 0.0, 0.0, 0.0, 0.0, 0.0, 0.0, 0.0, 0.0, 0.0, 0.0, 0.0, 0.0, 0.0, 0.0, 0.0, 0.0, 0.0, 0.0, 0.0, 0.0, 0.0, 0.0, 0.0, 0.0, 0.0, 0.0, 0.0, 0.0, 0.0, 0.0, 0.0, 0.0, 0.0, 0.0, 0.0, 0.0, 0.0, 0.0, 0.0, 0.0, 0.0, 0.0, 0.0, 0.0, 0.0, 0.0, 0.0],