{"passages": [{"start_index": 0, "logits_end": [0.03478769585490227, 0.1567070186138153, 0.008014976046979427, 0.0014422857202589512, 0.0015819198451936245, 0.020802117884159088, 0.0009800258558243513, 0.018874075263738632, 0.05865597724914551, 0.001373326638713479, 0.00039595927228219807, 0.0073468866758048534, 0.01869116723537445, 0.10162565112113953, 0.31118127703666687, 0.004115603398531675, 0.000280418578768149, 0.002972218906506896, 0.0001086509510059841, 0.008339676074683666, 0.00019037599849980325, 0.011949878185987473, 0.09012943506240845, 0.00013425457291305065, 0.00023362197680398822, 0.000450492138043046, 0.0015598924364894629, 0.0002718700561672449, 0.0008122128201648593, 0.00010180408571613953, 0.004904355853796005, 0.0501321479678154, 6.385785673046485e-05, 0.0003700193192344159, 0.00039318803464993834, 0.0002776484179776162, 0.0009564899955876172, 8.550057100364938e-05, 0.004161822143942118, 0.0006532265688292682, 4.22429438913241e-05, 0.0019261706620454788, 0.0019480377668514848, 0.00013300390855874866, 0.00041094436892308295, 6.981568731134757e-05, 0.0035403768997639418, 0.00026723937480710447, 9.534812852507457e-05, 5.601545490208082e-05, 0.0018689982825890183, 0.0009959732415154576, 0.001517797471024096, 0.00023676930868532509, 0.0004586947907228023, 0.0073888106271624565, 0.030414676293730736, 0.0007601000252179801, 9.111745021073148e-05, 5.624139521387406e-05, 5.3647341701434925e-05, 0.0035788591485470533, 0.001517080469056964, 6.19434067630209e-05, 0.0003909094084519893, 0.00027565911295823753, 0.0001240671845152974, 5.8243687817594036e-05, 0.0011793088633567095, 6.651904550381005e-05, 4.029777483083308e-05, 4.341859676060267e-05, 4.384535350254737e-05, 0.0016100251814350486, 6.27547997282818e-05, 4.037948383484036e-05, 0.0002978099510073662, 0.001976300962269306, 6.242518429644406e-05, 3.6272755096433684e-05, 3.963773269788362e-05, 0.00012326356954872608, 3.104644929408096e-05, 0.0001230298657901585, 4.164267375017516e-05, 0.0014894147170707583, 7.427065429510549e-05, 1.5555078789475374e-05, 4.030995478387922e-05, 0.0012633298756554723, 0.006851428188383579, 0.0, 0.0, 0.0, 0.0, 0.0, 0.0, 0.0, 0.0, 0.0, 0.0, 0.0, 0.0, 0.0, 0.0, 0.0, 0.0, 0.0, 0.0, 0.0, 0.0, 0.0, 0.0, 0.0, 0.0, 0.0, 0.0, 0.0, 0.0, 0.0, 0.0, 0.0, 0.0, 0.0, 0.0, 0.0, 0.0, 0.0, 0.0, 0.0, 0.0, 0.0, 0.0, 0.0, 0.0, 0.0, 0.0, 0.0, 0.0, 0.0, 0.0, 0.0, 0.0, 0.0, 0.0, 0.0, 0.0, 0.0, 0.0, 0.0, 0.0, 0.0, 0.0, 0.0, 0.0, 0.0, 0.0, 0.0, 0.0, 0.0, 0.0, 0.0, 0.0, 0.0, 0.0, 0.0, 0.0, 0.0, 0.0, 0.0, 0.0, 0.0, 0.0, 0.0, 0.0, 0.0, 0.0, 0.0, 0.0, 0.0, 0.0, 0.0, 0.0, 0.0, 0.0, 0.0, 0.0, 0.0, 0.0, 0.0, 0.0, 0.0, 0.0, 0.0, 0.0, 0.0, 0.0, 0.0, 0.0, 0.0, 0.0, 0.0, 0.0, 0.0, 0.0, 0.0, 0.0, 0.0, 0.0, 0.0, 0.0, 0.0, 0.0, 0.0, 0.0, 0.0, 0.0, 0.0, 0.0, 0.0, 0.0, 0.0, 0.0, 0.0, 0.0, 0.0, 0.0, 0.0, 0.0, 0.0, 0.0, 0.0, 0.0, 0.0, 0.0], "selected": true, "logits_start": [0.4118107855319977, 0.03274213895201683, 0.0009709354490041733, 0.0021638553589582443, 0.0077134668827056885, 0.008444249629974365, 0.0011945420410484076, 0.04106198623776436, 0.004073294810950756, 0.014898098073899746, 0.05296659469604492, 0.10952325165271759, 0.05223774164915085, 0.03814006596803665, 0.0004517521592788398, 0.024841999635100365, 0.0032415606547147036, 0.007095468696206808, 0.0024884857703000307, 0.048517048358917236, 0.0004249245685059577, 0.004963200073689222, 0.00013162732648197562, 0.007521186955273151, 0.0013618376106023788, 0.0018712682649493217, 0.0016641785623505712, 0.0010765473125502467, 0.0022263762075453997, 0.00054937694221735, 0.0030266866087913513, 0.00011398742208257318, 0.008779717609286308, 0.0018524029292166233, 0.0014761165948584676, 0.0016763785388320684, 0.0017024773405864835, 0.0012482213787734509, 0.0050884755328297615, 0.00014470198948401958, 0.002149128122255206, 0.004066525958478451, 0.0009475459810346365, 0.0009404661832377315, 0.001882903161458671, 0.0011641711462289095, 0.005414862185716629, 0.0003212712472304702, 0.0013997479109093547, 0.0021718500647693872, 0.011618276126682758, 0.0013155096676200628, 0.002851954661309719, 0.0010043371003121138, 0.005130405072122812, 0.0030295022297650576, 0.00010111070878338069, 0.005686162505298853, 0.0010349263902753592, 0.001033403561450541, 0.0018116692081093788, 0.005414110608398914, 0.00034401824814267457, 0.0007470634882338345, 0.0019168007420375943, 0.001143207191489637, 0.001359246438369155, 0.0011759140761569142, 0.0029228725470602512, 0.0001802740735001862, 0.000691500841639936, 0.0007067634142003953, 0.0007994591724127531, 0.0021904699970036745, 5.7892637414624915e-05, 0.0006920319865457714, 0.003432474797591567, 0.0014585304306820035, 0.00013195940118748695, 0.000488617573864758, 0.0004738039569929242, 0.0005618994473479688, 0.00023744629288557917, 0.0008700508042238653, 0.0004993226029910147, 0.001965919276699424, 2.8573405870702118e-05, 0.00033670736593194306, 0.00045137101551517844, 0.0018770825117826462, 0.00029187346808612347, 0.0, 0.0, 0.0, 0.0, 0.0, 0.0, 0.0, 0.0, 0.0, 0.0, 0.0, 0.0, 0.0, 0.0, 0.0, 0.0, 0.0, 0.0, 0.0, 0.0, 0.0, 0.0, 0.0, 0.0, 0.0, 0.0, 0.0, 0.0, 0.0, 0.0, 0.0, 0.0, 0.0, 0.0, 0.0, 0.0, 0.0, 0.0, 0.0, 0.0, 0.0, 0.0, 0.0, 0.0, 0.0, 0.0, 0.0, 0.0, 0.0, 0.0, 0.0, 0.0, 0.0, 0.0, 0.0, 0.0, 0.0, 0.0, 0.0, 0.0, 0.0, 0.0, 0.0, 0.0, 0.0, 0.0, 0.0, 0.0, 0.0, 0.0, 0.0, 0.0, 0.0, 0.0, 0.0, 0.0, 0.0, 0.0, 0.0, 0.0, 0.0, 0.0, 0.0, 0.0, 0.0, 0.0, 0.0, 0.0, 0.0, 0.0, 0.0, 0.0, 0.0, 0.0, 0.0, 0.0, 0.0, 0.0, 0.0, 0.0, 0.0, 0.0, 0.0, 0.0, 0.0, 0.0, 0.0, 0.0, 0.0, 0.0, 0.0, 0.0, 0.0, 0.0, 0.0, 0.0, 0.0, 0.0, 0.0, 0.0, 0.0, 0.0, 0.0, 0.0, 0.0, 0.0, 0.0, 0.0, 0.0, 0.0, 0.0, 0.0, 0.0, 0.0, 0.0, 0.0, 0.0, 0.0, 0.0, 0.0, 0.0, 0.0, 0.0, 0.0], "relevance": 0.7078702902737571, "end_index": 14, "tokens": ["smylie", "kaufman", "(", "born", "november", "30", ",", "1991", ")", "is", "an", "american", "professional", "golfer", ".", "kaufman", "was", "born", "in", "birmingham", ",", "alabama", ".", "he", "played", "college", "golf", "at", "louisiana", "state", "university", ".", "he", "turned", "professional", "after", "graduating", "in", "2014", ";", "in", "december", "2014", "he", "tied", "for", "64th", "place", "at", "the", "web.com", "tour", "qualifying", "school", "final", "stage", ".", "kaufman", "played", "on", "the", "web.com", "tour", "in", "2015.", "after", "missing", "the", "cut", "in", "his", "first", "three", "tournaments", ",", "he", "finished", "t-4", "in", "the", "next", "two", "and", "won", "the", "third", ",", "the", "united", "leasing", "championship"],