{"passages": [{"end_index": 1, "logits_start": [0.34023576974868774, 0.026948895305395126, 0.00117328274063766, 0.009883394464850426, 0.013548888266086578, 0.008532239124178886, 0.0010722177103161812, 0.053225141018629074, 0.006719185039401054, 0.008040016517043114, 0.024439139291644096, 0.12142135947942734, 0.13589359819889069, 0.08537700027227402, 0.00011271320545347407, 0.030578190460801125, 0.0011382545344531536, 0.004204936325550079, 0.0018044341122731566, 0.05079464241862297, 0.00022742738656233996, 0.005602212157100439, 4.0043407352641225e-05, 0.0032612381037324667, 0.0005715620936825871, 0.0017676398856565356, 0.0010964525863528252, 0.00026153126964345574, 0.001114764716476202, 0.0007079293136484921, 0.0032007242552936077, 3.1162111554294825e-05, 0.00282237958163023, 0.0004933808231726289, 0.0005736295133829117, 0.0003018298593815416, 0.001237175427377224, 0.0002013498597079888, 0.002844169968739152, 3.5774894058704376e-05, 0.0016696247039362788, 0.0023205624893307686, 0.0010703542502596974, 0.0002110538916895166, 0.0006997545133344829, 0.0002828121359925717, 0.0028283330611884594, 0.00016945981769822538, 0.0003529875830281526, 0.0005746605456806719, 0.004264826886355877, 0.0005525602609850466, 0.0030325327534228563, 0.0008115846430882812, 0.0038978043012320995, 0.0028544547967612743, 3.181017382303253e-05, 0.005901243072003126, 0.00036310296854935586, 0.00029527524020522833, 0.0005895997164770961, 0.004644434899091721, 0.0004192603228148073, 0.00020827798289246857, 0.0008469633758068085, 0.0003946828073821962, 0.00031199119985103607, 0.00018059644207824022, 0.00046132138231769204, 0.00010977812780765817, 0.00013571078306995332, 0.00021357940568123013, 0.00022310149506665766, 0.0008613535901531577, 1.8001430362346582e-05, 0.00034133828012272716, 0.0009572150884196162, 0.0011835251934826374, 5.5864224123070017e-05, 0.0001520022051408887, 0.00013391459651757032, 9.70773326116614e-05, 5.6444408983225e-05, 0.00021671222930308431, 0.0001242785801878199, 0.0007853247807361186, 1.4928804375813343e-05, 0.0002164643519790843, 0.0002772544976323843, 0.001779549173079431, 0.0002689817047212273, 0.0, 0.0, 0.0, 0.0, 0.0, 0.0, 0.0, 0.0, 0.0, 0.0, 0.0, 0.0, 0.0, 0.0, 0.0, 0.0, 0.0, 0.0, 0.0, 0.0, 0.0, 0.0, 0.0, 0.0, 0.0, 0.0, 0.0, 0.0, 0.0, 0.0, 0.0, 0.0, 0.0, 0.0, 0.0, 0.0, 0.0, 0.0, 0.0, 0.0, 0.0, 0.0, 0.0, 0.0, 0.0, 0.0, 0.0, 0.0, 0.0, 0.0, 0.0, 0.0, 0.0, 0.0, 0.0, 0.0, 0.0, 0.0, 0.0, 0.0, 0.0, 0.0, 0.0, 0.0, 0.0, 0.0, 0.0, 0.0, 0.0, 0.0, 0.0, 0.0, 0.0, 0.0, 0.0, 0.0, 0.0, 0.0, 0.0, 0.0, 0.0, 0.0, 0.0, 0.0, 0.0, 0.0, 0.0, 0.0, 0.0, 0.0, 0.0, 0.0, 0.0, 0.0, 0.0, 0.0, 0.0, 0.0, 0.0, 0.0, 0.0, 0.0, 0.0, 0.0, 0.0, 0.0, 0.0, 0.0, 0.0, 0.0, 0.0, 0.0, 0.0, 0.0, 0.0, 0.0, 0.0, 0.0, 0.0, 0.0, 0.0, 0.0, 0.0, 0.0, 0.0, 0.0, 0.0, 0.0, 0.0, 0.0, 0.0, 0.0, 0.0, 0.0, 0.0, 0.0, 0.0, 0.0, 0.0, 0.0, 0.0, 0.0, 0.0, 0.0], "selected": true, "logits_end": [0.049473777413368225, 0.26248419284820557, 0.01135818101465702, 0.0035089878365397453, 0.00667203776538372, 0.024112869054079056, 0.0007535035838373005, 0.01677769608795643, 0.01936373859643936, 0.000498025503475219, 0.00029704306507483125, 0.010227074846625328, 0.01410008780658245, 0.16754461824893951, 0.15437306463718414, 0.007986281998455524, 0.0007666859310120344, 0.0013626456493511796, 0.00017347927496302873, 0.011139550246298313, 0.0004390396934468299, 0.016813477501273155, 0.055991750210523605, 0.00024650312843732536, 0.0001957774074980989, 0.0018796263029798865, 0.004196487832814455, 0.0006626261165365577, 0.00046442868188023567, 0.00020367669640108943, 0.007456311024725437, 0.027565455064177513, 0.00012565030192490667, 0.0002380619989708066, 0.0005860665696673095, 0.00023508709273301065, 0.0011901103425770998, 0.000127491177408956, 0.005060921423137188, 0.004426167346537113, 0.00019544162205420434, 0.0028683380223810673, 0.0038430276326835155, 0.0002443339617457241, 0.00037973621510900557, 7.355325942626223e-05, 0.004556945525109768, 0.0009134556748904288, 0.0002458452945575118, 6.19022102910094e-05, 0.005668905097991228, 0.0028684858698397875, 0.0030993374530225992, 0.0005148145137354732, 0.0015210947021842003, 0.00873809214681387, 0.03009982407093048, 0.0015299093211069703, 0.0002663415507413447, 6.139436300145462e-05, 4.5105003664502874e-05, 0.0052689057774841785, 0.004612891003489494, 0.00033181122853420675, 0.001590317115187645, 0.0005113219376653433, 0.0002445293066557497, 5.853041875525378e-05, 0.00042308290721848607, 0.00010427838424220681, 5.3541454690275714e-05, 7.212338095996529e-05, 5.572407826548442e-05, 0.0019089202396571636, 0.0002012026379816234, 3.449295400059782e-05, 0.00016293994849547744, 0.0026789873372763395, 0.00021142941841389984, 4.9940736062126234e-05, 6.747688894392923e-05, 7.457914034603164e-05, 6.303054396994412e-05, 7.853462011553347e-05, 2.8977061447221786e-05, 0.0017386801773682237, 0.00014463804836850613, 2.737278373388108e-05, 7.001814083196223e-05, 0.0022004363127052784, 0.018057193607091904, 0.0, 0.0, 0.0, 0.0, 0.0, 0.0, 0.0, 0.0, 0.0, 0.0, 0.0, 0.0, 0.0, 0.0, 0.0, 0.0, 0.0, 0.0, 0.0, 0.0, 0.0, 0.0, 0.0, 0.0, 0.0, 0.0, 0.0, 0.0, 0.0, 0.0, 0.0, 0.0, 0.0, 0.0, 0.0, 0.0, 0.0, 0.0, 0.0, 0.0, 0.0, 0.0, 0.0, 0.0, 0.0, 0.0, 0.0, 0.0, 0.0, 0.0, 0.0, 0.0, 0.0, 0.0, 0.0, 0.0, 0.0, 0.0, 0.0, 0.0, 0.0, 0.0, 0.0, 0.0, 0.0, 0.0, 0.0, 0.0, 0.0, 0.0, 0.0, 0.0, 0.0, 0.0, 0.0, 0.0, 0.0, 0.0, 0.0, 0.0, 0.0, 0.0, 0.0, 0.0, 0.0, 0.0, 0.0, 0.0, 0.0, 0.0, 0.0, 0.0, 0.0, 0.0, 0.0, 0.0, 0.0, 0.0, 0.0, 0.0, 0.0, 0.0, 0.0, 0.0, 0.0, 0.0, 0.0, 0.0, 0.0, 0.0, 0.0, 0.0, 0.0, 0.0, 0.0, 0.0, 0.0, 0.0, 0.0, 0.0, 0.0, 0.0, 0.0, 0.0, 0.0, 0.0, 0.0, 0.0, 0.0, 0.0, 0.0, 0.0, 0.0, 0.0, 0.0, 0.0, 0.0, 0.0, 0.0, 0.0, 0.0, 0.0, 0.0, 0.0], "relevance": 0.8139854740224994, "tokens": ["smylie", "kaufman", "(", "born", "november", "30", ",", "1991", ")", "is", "an", "american", "professional", "golfer", ".", "kaufman", "was", "born", "in", "birmingham", ",", "alabama", ".", "he", "played", "college", "golf", "at", "louisiana", "state", "university", ".", "he", "turned", "professional", "after", "graduating", "in", "2014", ";", "in", "december", "2014", "he", "tied", "for", "64th", "place", "at", "the", "web.com", "tour", "qualifying", "school", "final", "stage", ".", "kaufman", "played", "on", "the", "web.com", "tour", "in", "2015.", "after", "missing", "the", "cut", "in", "his", "first", "three", "tournaments", ",", "he", "finished", "t-4", "in", "the", "next", "two", "and", "won", "the", "third", ",", "the", "united", "leasing", "championship"], "url": "https://en.wikipedia.org/wiki/Smylie_Kaufman",