{"query_id": 3214, "passages": [{"relevance": 0.3932493684653484, "end_index": 12, "logits_start": [0.045928001403808594, 0.0036763849202543497, 0.008339844644069672, 0.013739055953919888, 0.012192589230835438, 0.06710197776556015, 0.6094323992729187, 0.005436291452497244, 0.0009526927024126053, 0.0011209287913516164, 0.056507010012865067, 0.0014758541947230697, 1.722726119623985e-05, 0.0026544532738626003, 9.347440936835483e-05, 0.0001225801242981106, 0.0010833190754055977, 0.00012780592078343034, 0.00019699129916261882, 0.00015816670202184469, 0.0002092399081448093, 0.00010825335630215704, 5.4539985285373405e-05, 0.003845654660835862, 0.0007511553703807294, 0.0016488964902237058, 0.0013014702126383781, 0.0006738503579981625, 0.0009401743882335722, 0.004971016198396683, 0.0003057890571653843, 0.000789537385571748, 0.00033941311994567513, 0.0004118630022276193, 0.0011843229876831174, 0.0018533633556216955, 0.0012018817942589521, 0.03342949226498604, 0.0002909264003392309, 3.663922325358726e-05, 0.003998388536274433, 0.005680249538272619, 0.030009543523192406, 0.0002112115762429312, 1.8408150936011225e-05, 0.0012219577329233289, 6.675188342342153e-05, 0.0004558647342491895, 0.00045832808245904744, 0.00016100748325698078, 0.00016420359315816313, 0.0005782358930446208, 0.0013665531296283007, 0.0009157095337286592, 0.030414409935474396, 0.0003182262007612735, 2.1518908397410996e-05, 0.0032552473712712526, 0.004409163724631071, 0.02753298170864582, 0.00021136499708518386, 1.5761250324430875e-05, 0.0014991620555520058, 4.939354766975157e-05, 4.052341319038533e-05, 0.0005213337717577815, 4.650478149414994e-05, 8.994378731586039e-05, 9.359179239254445e-05, 7.296586409211159e-05, 5.965310265310109e-05, 8.353754674317315e-05, 6.537855369970202e-05, 2.853283513104543e-05, 1.773582880559843e-05, 9.095036148210056e-06, 0.0002885575231630355, 2.258965469081886e-05, 9.03396648936905e-05, 2.4358574592042714e-05, 2.07407047128072e-05, 2.425578895781655e-05, 2.9818857001373544e-05, 1.4504415048577357e-05, 6.094041054893751e-06, 5.62747627554927e-05, 2.5286046366090886e-05, 5.779128059657523e-06, 1.9237726519349962e-05, 2.1132116671651602e-05, 1.4081268091103993e-05, 3.602012156989076e-06, 0.00015968215302564204, 1.5286179404938594e-05, 2.0907664293190464e-05, 1.5290581359295174e-05, 3.218829078832641e-05, 1.5706646081525832e-05, 1.3587279681814834e-05, 6.377118552336469e-05, 8.314376827911474e-06, 9.30833903112216e-06, 8.082552994892467e-06, 3.312214175821282e-06, 2.9196522518759593e-05, 5.934179171163123e-06, 2.267083573315176e-06, 1.2163957762822974e-05, 1.0194003152719233e-05, 2.067139394057449e-05, 1.6221154510276392e-05, 4.339787210483337e-06, 0.0, 0.0, 0.0, 0.0, 0.0, 0.0, 0.0, 0.0, 0.0, 0.0, 0.0, 0.0, 0.0, 0.0, 0.0, 0.0, 0.0, 0.0, 0.0, 0.0, 0.0, 0.0, 0.0, 0.0, 0.0, 0.0, 0.0, 0.0, 0.0, 0.0, 0.0, 0.0, 0.0, 0.0, 0.0, 0.0, 0.0, 0.0, 0.0, 0.0, 0.0, 0.0, 0.0, 0.0, 0.0, 0.0, 0.0, 0.0, 0.0, 0.0, 0.0, 0.0, 0.0, 0.0, 0.0, 0.0, 0.0, 0.0, 0.0, 0.0, 0.0, 0.0, 0.0, 0.0, 0.0, 0.0, 0.0, 0.0, 0.0, 0.0, 0.0, 0.0, 0.0, 0.0, 0.0, 0.0, 0.0, 0.0, 0.0, 0.0, 0.0, 0.0, 0.0, 0.0, 0.0, 0.0, 0.0, 0.0, 0.0, 0.0, 0.0, 0.0, 0.0, 0.0, 0.0, 0.0, 0.0, 0.0, 0.0, 0.0, 0.0, 0.0, 0.0, 0.0, 0.0, 0.0, 0.0, 0.0, 0.0, 0.0, 0.0, 0.0, 0.0, 0.0, 0.0, 0.0, 0.0, 0.0], "start_index": 6, "selected": true, "tokens": ["costa", "rica", "is", "relatively", "small", "-", "19,700", "square", "miles", "(", "51,100", "sq", ".", "km", ")", ",", "ranking", "it", "129th", "in", "worldwide", "landmass", ".", "costa", "rica", "'s", "size", "is", "commonly", "compared", "to", "the", "state", "of", "west", "virgina", "(", "24,231", "sq", ".", "mi.", ",", "62,758", "sq", ".", "km", ")", "and", "the", "european", "state", "of", "denmark", "(", "16,629", "sq", ".", "mi.", ",", "43,069", "sq", ".", "km", ")", ".", "do", "n't", "let", "costa", "rica", "'s", "small", "size", "fool", "you", ";", "it", "is", "a", "vast", "country", "of", "rolling", "mountains", ",", "open", "plains", "and", "lush", "river", "valleys", ".", "these", "natural", "features", "prevent", "the", "construction", "of", "super", "highways", "that", "would", ",", "in", "theory", ",", "connect", "relatively", "close", "locations", "."], "url": "http://www.anywherecostarica.com/questions/geography-weather/how-big-is-costa-rica", "logits_end": [0.00010449180263094604, 4.104294566786848e-05, 1.298004099226091e-05, 0.00010651253978721797, 0.00013196385407354683, 8.523221185896546e-05, 0.009961477480828762, 0.01856473833322525, 0.10934560745954514, 0.002572582568973303, 0.0029757292941212654, 0.14640463888645172, 0.2705722153186798, 0.004961205180734396, 0.02824399061501026, 0.0010610331082716584, 0.00045683514326810837, 6.078893784433603e-05, 0.0004515425825957209, 3.066902718273923e-05, 0.0002525931049603969, 0.0016320789000019431, 0.027853084728121758, 3.203929009032436e-05, 2.7007308744941838e-05, 1.7555161321070045e-05, 0.00010785618360387161, 2.4495731850038283e-05, 2.6463656467967667e-05, 0.0023134229704737663, 0.00010508656123420224, 5.13931991008576e-05, 0.00016450072871521115, 7.635722431587055e-05, 0.00011014022311428562, 0.0005358561174944043, 5.189684816286899e-05, 0.0015771413454785943, 0.041899390518665314, 0.046421829611063004, 0.00043190288124606013, 1.1291417649772484e-05, 0.0034963805228471756, 0.04446464031934738, 0.0474129356443882, 0.0011048571905121207, 0.0052686212584376335, 9.409263293491676e-05, 2.4919288989622146e-05, 0.00024315109476447105, 6.521893374156207e-05, 3.583531724871136e-05, 0.000346796412486583, 4.869454278377816e-05, 0.0014423459069803357, 0.04310351237654686, 0.046720463782548904, 0.0005835325573571026, 1.1313881259411573e-05, 0.003985896706581116, 0.03381010890007019, 0.025698916986584663, 0.0009380297851748765, 0.005474522244185209, 0.008858469314873219, 3.0659786716569215e-05, 3.5863045923179016e-05, 2.2143181922729127e-05, 2.700859658943955e-05, 2.511195452825632e-05, 1.3854113603883889e-05, 1.5342771803261712e-05, 5.6748798670014367e-05, 4.612804332282394e-05, 0.00012331914331298321, 0.001773384865373373, 7.558493507531239e-06, 7.189339157775976e-06, 1.0520161595195532e-05, 2.4628336177556776e-05, 6.077626949263504e-06, 4.754764177050674e-06, 2.8509084586403333e-05, 7.354711124207824e-05, 1.7003449102048762e-05, 2.1402980564744212e-05, 0.00015077550779096782, 1.3794562619295903e-05, 4.6091699914541095e-06, 8.15328075987054e-06, 7.9163204645738e-05, 0.0026832453440874815, 3.065646524191834e-06, 3.7026220525149256e-06, 4.159957370575285e-06, 2.2702333808410913e-06, 2.4914857021940406e-06, 5.550761215999955e-06, 1.8879679828387452e-06, 1.6528156265849248e-05, 4.450222331797704e-05, 4.6239056246122345e-06, 7.980307600519154e-06, 7.833637937437743e-06, 1.384643269375374e-06, 2.9595379601232708e-05, 7.925026693555992e-06, 1.217993485624902e-06, 1.6917132370508625e-06, 2.410077513559372e-06, 5.475135549204424e-05, 0.001384063041768968, 0.0, 0.0, 0.0, 0.0, 0.0, 0.0, 0.0, 0.0, 0.0, 0.0, 0.0, 0.0, 0.0, 0.0, 0.0, 0.0, 0.0, 0.0, 0.0, 0.0, 0.0, 0.0, 0.0, 0.0, 0.0, 0.0, 0.0, 0.0, 0.0, 0.0, 0.0, 0.0, 0.0, 0.0, 0.0, 0.0, 0.0, 0.0, 0.0, 0.0, 0.0, 0.0, 0.0, 0.0, 0.0, 0.0, 0.0, 0.0, 0.0, 0.0, 0.0, 0.0, 0.0, 0.0, 0.0, 0.0, 0.0, 0.0, 0.0, 0.0, 0.0, 0.0, 0.0, 0.0, 0.0, 0.0, 0.0, 0.0, 0.0, 0.0, 0.0, 0.0, 0.0, 0.0, 0.0, 0.0, 0.0, 0.0, 0.0, 0.0, 0.0, 0.0, 0.0, 0.0, 0.0, 0.0, 0.0, 0.0, 0.0, 0.0, 0.0, 0.0, 0.0, 0.0, 0.0, 0.0, 0.0, 0.0, 0.0, 0.0, 0.0, 0.0, 0.0, 0.0, 0.0, 0.0, 0.0, 0.0, 0.0, 0.0, 0.0, 0.0, 0.0, 0.0, 0.0, 0.0, 0.0, 0.0]}, {"relevance": 0.3332547089104782,