{"passages": [{"relevance": 0.3932493684653484, "logits_end": [0.00012628044351004064, 6.887481868034229e-05, 1.4925512004992925e-05, 6.487602513516322e-05, 8.863965922500938e-05, 3.630079390859464e-06, 0.0015736649511381984, 0.011850975453853607, 0.07054254412651062, 0.0007741614826954901, 0.012962966226041317, 0.1946941614151001, 0.294705331325531, 0.009681149385869503, 0.02410181425511837, 0.00041507979040034115, 0.000954891147557646, 0.00018620591436047107, 0.0009280351805500686, 6.476406997535378e-05, 0.00015879233251325786, 0.0015408775070682168, 0.05071340501308441, 7.247181929415092e-05, 3.314781861263327e-05, 4.651429208024638e-06, 1.9695306036737747e-05, 5.711542598874075e-06, 1.268738014914561e-05, 0.002659920370206237, 4.7794124839128926e-05, 1.7344138541375287e-05, 2.5759130949154496e-05, 1.8832379282684997e-05, 7.912475666671526e-06, 0.0009403398144058883, 6.693320301565109e-06, 0.0038706192281097174, 0.022996623069047928, 0.021498221904039383, 0.0004692811635322869, 8.923333552957047e-06, 0.0036974092945456505, 0.030777987092733383, 0.05855398252606392, 0.0024315796326845884, 0.006910325959324837, 0.0001678030821494758, 3.7703448469983414e-05, 0.00010051755089079961, 3.875793845509179e-05, 1.737804814183619e-05, 0.0003088628000114113, 1.3180864698369987e-05, 0.0021648111287504435, 0.013547766022384167, 0.016160989180207253, 0.0003520122554618865, 5.1250112846901175e-06, 0.001833346439525485, 0.02451903000473976, 0.0575668029487133, 0.0028385245241224766, 0.010026485659182072, 0.03636230155825615, 5.102522118249908e-05, 1.7971302440855652e-05, 1.240912388311699e-05, 1.0357339306210633e-05, 1.623893876967486e-05, 3.573875119400327e-06, 3.775733148358995e-06, 1.288153634959599e-05, 8.234039341914468e-06, 4.4711992813972756e-05, 9.753023186931387e-05, 5.930936822551303e-06, 2.7125388442073017e-06, 1.830518613132881e-06, 3.6861058561044047e-06, 2.050740704362397e-06, 1.711323534436815e-06, 7.0385558501584455e-06, 1.976536077563651e-05, 3.80889014195418e-06, 1.2153544957982376e-05, 1.6206187865464017e-05, 2.6127411274501355e-06, 1.8049770460493164e-06, 1.989130623769597e-06, 2.57743176916847e-05, 0.0011727734236046672, 4.4841403905593324e-06, 1.625357185730536e-06, 2.7321768811816582e-06, 1.045914586939034e-06, 7.55488031245477e-07, 1.9041009409193066e-06, 5.479450351231208e-07, 1.4082703273743391e-05, 3.3702281143632717e-06, 2.382444790782756e-06, 5.117333785165101e-06, 2.0130751181568485e-06, 5.804615739180008e-07, 5.461683485918911e-06, 1.3865317214367678e-06, 7.864842928029248e-07, 1.3961142713014851e-06, 1.8199770011051442e-06, 3.519764504744671e-05, 0.0009873039089143276, 0.0, 0.0, 0.0, 0.0, 0.0, 0.0, 0.0, 0.0, 0.0, 0.0, 0.0, 0.0, 0.0, 0.0, 0.0, 0.0, 0.0, 0.0, 0.0, 0.0, 0.0, 0.0, 0.0, 0.0, 0.0, 0.0, 0.0, 0.0, 0.0, 0.0, 0.0, 0.0, 0.0, 0.0, 0.0, 0.0, 0.0, 0.0, 0.0, 0.0, 0.0, 0.0, 0.0, 0.0, 0.0, 0.0, 0.0, 0.0, 0.0, 0.0, 0.0, 0.0, 0.0, 0.0, 0.0, 0.0, 0.0, 0.0, 0.0, 0.0, 0.0, 0.0, 0.0, 0.0, 0.0, 0.0, 0.0, 0.0, 0.0, 0.0, 0.0, 0.0, 0.0, 0.0, 0.0, 0.0, 0.0, 0.0, 0.0, 0.0, 0.0, 0.0, 0.0, 0.0, 0.0, 0.0, 0.0, 0.0, 0.0, 0.0, 0.0, 0.0, 0.0, 0.0, 0.0, 0.0, 0.0, 0.0, 0.0, 0.0, 0.0, 0.0, 0.0, 0.0, 0.0, 0.0, 0.0, 0.0, 0.0, 0.0, 0.0, 0.0, 0.0, 0.0, 0.0, 0.0, 0.0, 0.0], "tokens": ["costa", "rica", "is", "relatively", "small", "-", "19,700", "square", "miles", "(", "51,100", "sq", ".", "km", ")", ",", "ranking", "it", "129th", "in", "worldwide", "landmass", ".", "costa", "rica", "'s", "size", "is", "commonly", "compared", "to", "the", "state", "of", "west", "virgina", "(", "24,231", "sq", ".", "mi.", ",", "62,758", "sq", ".", "km", ")", "and", "the", "european", "state", "of", "denmark", "(", "16,629", "sq", ".", "mi.", ",", "43,069", "sq", ".", "km", ")", ".", "do", "n't", "let", "costa", "rica", "'s", "small", "size", "fool", "you", ";", "it", "is", "a", "vast", "country", "of", "rolling", "mountains", ",", "open", "plains", "and", "lush", "river", "valleys", ".", "these", "natural", "features", "prevent", "the", "construction", "of", "super", "highways", "that", "would", ",", "in", "theory", ",", "connect", "relatively", "close", "locations", "."], "logits_start": [0.059780340641736984, 0.0073305475525557995, 0.010458454489707947, 0.023334449157118797, 0.023992285132408142, 0.0360749252140522, 0.513274073600769, 0.03181926906108856, 0.0013118183705955744, 0.0017683416372165084, 0.03383854404091835, 0.001525990548543632, 0.00036827995791099966, 0.004483803175389767, 0.00016265879094135016, 0.0001525671686977148, 0.0011113088112324476, 0.00025738324620760977, 0.00039273532456718385, 0.00021838946850039065, 0.0005012872279621661, 0.00021537663997150958, 0.0002365133841522038, 0.01525607518851757, 0.0019427917432039976, 0.0021662660874426365, 0.002242292044684291, 0.0020465990528464317, 0.0033745463006198406, 0.010129996575415134, 0.0007265617605298758, 0.001662815106101334, 0.0010399713646620512, 0.001145555404946208, 0.0027965609915554523, 0.005047490820288658, 0.003108216216787696, 0.06694547086954117, 0.00040083055500872433, 0.00045679471804760396, 0.0030066678300499916, 0.0006068109651096165, 0.02353477105498314, 0.00022534778690896928, 0.0001997440995182842, 0.0010608142474666238, 0.00017143660807050765, 0.00025863837799988687, 0.0005726919043809175, 0.0005337724578566849, 0.0005119817215017974, 0.0008834362379275262, 0.0029990875627845526, 0.003536089789122343, 0.05333303287625313, 0.0003877437557093799, 0.00036332212039269507, 0.0028272331692278385, 0.0004891498247161508, 0.02617942914366722, 0.00020289735402911901, 7.829584501450881e-05, 0.0008795277099125087, 5.8263380196876824e-05, 3.52288298017811e-05, 0.0004195805813651532, 6.125038635218516e-05, 5.813350435346365e-05, 6.14483724348247e-05, 9.040771692525595e-05, 6.263978139031678e-05, 5.9747759223682806e-05, 6.444508471759036e-05, 3.789264155784622e-05, 2.882115586544387e-05, 2.8820359148085117e-05, 0.00039643494528718293, 6.910612137289718e-05, 0.00010070312418974936, 8.23404043330811e-05, 6.388383189914748e-05, 6.478752038674429e-05, 6.586195377167314e-05, 5.021171091357246e-05, 3.866802580887452e-05, 0.00010671616473700851, 5.814210089738481e-05, 4.177057053311728e-05, 6.585328810615465e-05, 5.2053219405934215e-05, 4.598883242579177e-05, 2.2579608412343077e-05, 0.0008808972197584808, 6.122457125457004e-05, 4.563207767205313e-05, 5.472586417454295e-05, 4.9937309086089954e-05, 4.467515100259334e-05, 4.0037302824202925e-05, 4.919302591588348e-05, 2.957872493425384e-05, 2.291301825607661e-05, 2.0466768546612002e-05, 1.8551510947872885e-05, 6.175839371280745e-05, 3.603846926125698e-05, 2.088901965180412e-05, 5.7337449106853455e-05, 4.053896918776445e-05, 5.503470674739219e-05, 6.064080662326887e-05, 1.817254269553814e-05, 0.0, 0.0, 0.0, 0.0, 0.0, 0.0, 0.0, 0.0, 0.0, 0.0, 0.0, 0.0, 0.0, 0.0, 0.0, 0.0, 0.0, 0.0, 0.0, 0.0, 0.0, 0.0, 0.0, 0.0, 0.0, 0.0, 0.0, 0.0, 0.0, 0.0, 0.0, 0.0, 0.0, 0.0, 0.0, 0.0, 0.0, 0.0, 0.0, 0.0, 0.0, 0.0, 0.0, 0.0, 0.0, 0.0, 0.0, 0.0, 0.0, 0.0, 0.0, 0.0, 0.0, 0.0, 0.0, 0.0, 0.0, 0.0, 0.0, 0.0, 0.0, 0.0, 0.0, 0.0, 0.0, 0.0, 0.0, 0.0, 0.0, 0.0, 0.0, 0.0, 0.0, 0.0, 0.0, 0.0, 0.0, 0.0, 0.0, 0.0, 0.0, 0.0, 0.0, 0.0, 0.0, 0.0, 0.0, 0.0, 0.0, 0.0, 0.0, 0.0, 0.0, 0.0, 0.0, 0.0, 0.0, 0.0, 0.0, 0.0, 0.0, 0.0, 0.0, 0.0, 0.0, 0.0, 0.0, 0.0, 0.0, 0.0, 0.0, 0.0, 0.0, 0.0, 0.0, 0.0, 0.0, 0.0], "url": "http://www.anywherecostarica.com/questions/geography-weather/how-big-is-costa-rica"}, {"relevance": 0.3332547089104782,