{"query_id": 3664, "passages": [{"tokens": ["how", "to", "figure", "out", "the", "maximum", "shed", "size", "without", "permit", ":", "most", "major", "canadian", "municipalities", "allow", "for", "a", "maximum", "shed", "size", "without", "permit", "of", "10", "square", "metres", "or", "107", "square", "feet", ".", "sheds", "such", "as", "our", "10", "x", "10", "|", "8", "x", "10", "|", "8", "x", "12", "can", "typically", "be", "build", "in", "most", "metro", "vancouver", "municipalities", "without", "a", "building", "permit", ".", "if", "you", "want", "to", "build", "a", "shed", "larger", "than", "the", "maximum", "shed", "size", "allowed", "without", "permit", "you", "will", "need", "to", "obtain", "a", "building", "permit", "from", "your", "local", "municipality", ".", "figuring", "out", "the", "maximum", "shed", "size", "without", "permit", "in", "your", "local", "municipality", "is", "easy", ".", "1", "call", "your", "municipalities", "building", "department", ".", "2", "ask", "them", "these", "three", "question", ";"], "relevance": 0.44559082857483506, "start_index": 24, "logits_end": [5.8936588175129145e-05, 2.063447936961893e-05, 7.907659164629877e-05, 3.24281572829932e-05, 3.9961749280337244e-05, 0.0001458765473216772, 0.0006699540535919368, 0.000923782994505018, 0.0001764476764947176, 0.0016913965810090303, 0.026193466037511826, 6.180118361953646e-05, 7.079583883751184e-05, 7.609437307110056e-05, 0.00026159812114201486, 5.864179183845408e-05, 3.667631244752556e-05, 7.615491631440818e-05, 0.00013219215907156467, 0.00018019242270383984, 0.0005783411324955523, 8.300902845803648e-05, 8.703719504410401e-05, 2.808082899719011e-05, 0.001013034489005804, 0.0028273931238800287, 0.008102208375930786, 0.00043660501250997186, 0.006137911230325699, 0.014865692704916, 0.2793448567390442, 0.424380898475647, 0.0002282436180394143, 5.943038922850974e-05, 3.271507739555091e-05, 2.5731751520652324e-05, 0.0019011088879778981, 0.007474415935575962, 0.006072732154279947, 0.005534888245165348, 0.0034366901963949203, 0.007282991427928209, 0.004910625983029604, 0.006363967899233103, 0.004532407503575087, 0.00787524227052927, 0.03916039317846298, 0.0014519895194098353, 0.0010040716733783484, 0.0001961595844477415, 0.001804158790037036, 0.0003909928200300783, 0.0009426797041669488, 0.00585938012227416, 0.0009550469112582505, 0.0011341450735926628, 0.0005773723241873085, 0.0002611729723867029, 0.0008372261072508991, 0.002121313475072384, 0.09942895174026489, 6.005906834616326e-05, 3.1043124181451276e-05, 2.3194526875158772e-05, 2.1255164028843865e-05, 3.809029658441432e-05, 2.1430800188682042e-05, 0.00011222159082535654, 4.785779310623184e-05, 9.908244828693569e-05, 2.1534855477511883e-05, 6.291796307777986e-05, 0.0001166164583992213, 0.00010829454549821094, 5.982994116493501e-05, 3.718679363373667e-05, 5.4607331549050286e-05, 2.1602694687317125e-05, 1.106916806747904e-05, 1.2436454198905267e-05, 1.2726569366350304e-05, 1.3896312339056749e-05, 1.8251330402563326e-05, 2.415322705928702e-05, 4.6229775762185454e-05, 2.215258064097725e-05, 1.88818339665886e-05, 4.623140921466984e-05, 0.0010154686169698834, 0.009695197455585003, 1.4283738892117981e-05, 9.899965334625449e-06, 1.5115596397663467e-05, 3.072049003094435e-05, 7.303262100322172e-05, 6.062186002964154e-05, 1.7352642316836864e-05, 4.277697007637471e-05, 1.4711960830027238e-05, 8.50933702167822e-06, 1.6831834727781825e-05, 0.00012098043225705624, 1.7470636521466076e-05, 0.0002268046810058877, 0.004012248478829861, 3.91121648135595e-05, 2.7479231903271284e-06, 1.7853677718449035e-06, 4.067537884111516e-05, 3.7264329876052216e-05, 8.168126078089699e-05, 0.0012996008154004812, 2.236730870208703e-05, 1.1279917089268565e-06, 1.0138985544472234e-06, 2.0370630409161095e-06, 0.0001291556836804375, 0.0001682639413047582, 0.0008908368181437254, 0.0, 0.0, 0.0, 0.0, 0.0, 0.0, 0.0, 0.0, 0.0, 0.0, 0.0, 0.0, 0.0, 0.0, 0.0, 0.0, 0.0, 0.0, 0.0, 0.0, 0.0, 0.0, 0.0, 0.0, 0.0, 0.0, 0.0, 0.0, 0.0, 0.0, 0.0, 0.0, 0.0, 0.0, 0.0, 0.0, 0.0, 0.0, 0.0, 0.0, 0.0, 0.0, 0.0, 0.0, 0.0, 0.0, 0.0, 0.0, 0.0, 0.0, 0.0, 0.0, 0.0, 0.0, 0.0, 0.0, 0.0, 0.0, 0.0, 0.0, 0.0, 0.0, 0.0, 0.0, 0.0, 0.0, 0.0, 0.0, 0.0, 0.0, 0.0, 0.0, 0.0, 0.0, 0.0, 0.0, 0.0, 0.0, 0.0, 0.0, 0.0, 0.0, 0.0, 0.0, 0.0, 0.0, 0.0, 0.0, 0.0, 0.0, 0.0, 0.0, 0.0, 0.0, 0.0, 0.0, 0.0, 0.0, 0.0, 0.0, 0.0, 0.0, 0.0, 0.0, 0.0, 0.0, 0.0, 0.0, 0.0, 0.0, 0.0], "url": "http://www.outbuildings.ca/2012/12/23/maximum-shed-size-without-permit/", "selected": true, "logits_start": [0.025630317628383636, 0.0009443467133678496, 0.0013750361977145076, 0.0012550433166325092, 0.002075573429465294, 0.002396917901933193, 0.0012883389135822654, 0.0007264246232807636, 0.00041537589277140796, 0.00029353119316510856, 0.0006088729714974761, 0.04222087562084198, 0.004695570096373558, 0.003351087449118495, 0.0037251743488013744, 0.003119999310001731, 0.0033068980555981398, 0.01017947681248188, 0.010976339690387249, 0.005902922246605158, 0.004272894933819771, 0.0048306165263056755, 0.005305007565766573, 0.01246055867522955, 0.7037853002548218, 0.012897790409624577, 0.009335237555205822, 0.000828988035209477, 0.03379959240555763, 0.004265885800123215, 0.0005483421846292913, 0.00015934226394165307, 0.011375142261385918, 0.000675837742164731, 0.001059524598531425, 0.001037648762576282, 0.04847657307982445, 0.0008596567204222083, 0.0026036230847239494, 0.0005596157861873507, 0.002713666297495365, 0.0004995948984287679, 0.0016876208828762174, 0.00047740351874381304, 0.0019158325158059597, 0.00026466944837011397, 0.0003281288663856685, 3.953302439185791e-05, 5.570362918660976e-05, 4.167912993580103e-05, 6.51360023766756e-05, 6.960032624192536e-05, 0.00014682069013360888, 0.0002406444982625544, 9.141943883150816e-05, 0.00018436474783811718, 3.681054658954963e-05, 9.330052125733346e-05, 4.566830102703534e-05, 3.209056376363151e-05, 2.4182352717616595e-05, 0.0010562835959717631, 7.100495713530108e-05, 8.276143489638343e-05, 0.0001027693651849404, 0.00017424732504878193, 0.0002793550374917686, 0.00041718818829394877, 0.00021601340267807245, 0.00028530225972644985, 0.0002935306401923299, 0.0002863230474758893, 0.00014575677050743252, 4.8421079554827884e-05, 4.914501550956629e-05, 3.216526602045633e-05, 2.8981237846892327e-05, 2.0438546926015988e-05, 2.468860475346446e-05, 2.4333927285624668e-05, 3.004887912538834e-05, 3.62553728336934e-05, 7.019552867859602e-05, 4.45194891653955e-05, 2.5039755200850777e-05, 3.796375676756725e-05, 1.999714004341513e-05, 5.4406562412623316e-05, 0.00013989927538204938, 1.4021068636793643e-05, 0.0008374978788197041, 5.8911056839860976e-05, 0.00015472713857889175, 0.000125374281196855, 7.11311586201191e-05, 2.887196751544252e-05, 2.1987018044455908e-05, 2.4376504370593466e-05, 3.1241717806551605e-05, 1.992767101910431e-05, 3.7976431485731155e-05, 0.00010474455484654754, 1.9569482901715674e-05, 3.8255780964391306e-05, 6.346437658066861e-06, 0.00031186453998088837, 0.00020452946773730218, 2.264665818074718e-05, 6.701573147438467e-05, 1.44648338391562e-05, 9.332513400295284e-06, 1.559761403768789e-05, 0.00025926600210368633, 0.0002606732596177608, 3.0583792977267876e-05, 4.66321362182498e-05, 0.0003419124404899776, 2.0129988115513697e-05, 2.4367716832784936e-05, 0.0, 0.0, 0.0, 0.0, 0.0, 0.0, 0.0, 0.0, 0.0, 0.0, 0.0, 0.0, 0.0, 0.0, 0.0, 0.0, 0.0, 0.0, 0.0, 0.0, 0.0, 0.0, 0.0, 0.0, 0.0, 0.0, 0.0, 0.0, 0.0, 0.0, 0.0, 0.0, 0.0, 0.0, 0.0, 0.0, 0.0, 0.0, 0.0, 0.0, 0.0, 0.0, 0.0, 0.0, 0.0, 0.0, 0.0, 0.0, 0.0, 0.0, 0.0, 0.0, 0.0, 0.0, 0.0, 0.0, 0.0, 0.0, 0.0, 0.0, 0.0, 0.0, 0.0, 0.0, 0.0, 0.0, 0.0, 0.0, 0.0, 0.0, 0.0, 0.0, 0.0, 0.0, 0.0, 0.0, 0.0, 0.0, 0.0, 0.0, 0.0, 0.0, 0.0, 0.0, 0.0, 0.0, 0.0, 0.0, 0.0, 0.0, 0.0, 0.0, 0.0, 0.0, 0.0, 0.0, 0.0, 0.0, 0.0, 0.0, 0.0, 0.0, 0.0, 0.0, 0.0, 0.0, 0.0, 0.0, 0.0, 0.0, 0.0],