{"passages": [{"relevance": 0.5056654099495514, "logits_end": [5.976639658911154e-05, 1.161723594123032e-05, 7.301066943909973e-05, 1.1061978511861525e-05, 4.509767677518539e-06, 0.00027060051797889173, 0.0004131668247282505, 0.0003108819364570081, 0.00012708852591458708, 0.0005619526491500437, 0.0033838488161563873, 5.1038827223237604e-05, 8.410651935264468e-05, 4.083546082256362e-05, 0.00019876046280842274, 8.616693230578676e-05, 2.5888959498843178e-05, 1.864400655904319e-05, 0.000505757809150964, 0.0004079605278093368, 0.00033968110801652074, 0.0002636081771925092, 0.0001969890872715041, 7.1986128205026034e-06, 0.005093608517199755, 0.006830359343439341, 0.022482415661215782, 0.0004105254483874887, 0.0086238207295537, 0.021657975390553474, 0.29978954792022705, 0.4411380887031555, 0.0006312761688604951, 0.0001366097858408466, 3.903978722519241e-05, 2.4791994292172603e-05, 0.0019397370051592588, 0.002416820963844657, 0.007809175178408623, 0.0026909427251666784, 0.001642863149754703, 0.002295613056048751, 0.005273888818919659, 0.005108782555907965, 0.0021343317348510027, 0.0018551972461864352, 0.027573799714446068, 0.006398069206625223, 0.0005847059073857963, 0.0001358610315946862, 0.0012791110202670097, 0.00024009811750147492, 0.0006058213766664267, 0.0018846910679712892, 0.00035977884544990957, 0.0012162619968876243, 0.00037280298420228064, 9.58196324063465e-05, 0.0001554065092932433, 0.0025359089486300945, 0.09835806488990784, 0.00018050617654807866, 3.904127515852451e-05, 4.4252599764149636e-05, 1.837241870816797e-05, 2.8368644052534364e-05, 9.216012585966382e-06, 4.611079566529952e-05, 0.00011533135693753138, 0.0001206905726576224, 1.1167339835083112e-05, 0.00014905464195180684, 0.00022756271937396377, 0.0001100326408050023, 4.931167859467678e-05, 3.625537647167221e-05, 2.663910163391847e-05, 2.655111711646896e-05, 1.0001979717344511e-05, 2.4870329070836306e-05, 9.664139724918641e-06, 1.626954872335773e-05, 7.691562132094987e-06, 1.1221701242902782e-05, 3.737254883162677e-05, 1.3837038750352804e-05, 1.8601809642859735e-05, 1.3099283023620956e-05, 0.00021585598005913198, 0.006325727794319391, 1.7565558664500713e-05, 3.4756114928313764e-06, 3.183927219652105e-06, 5.785978282801807e-05, 3.89701162930578e-05, 3.146171729895286e-05, 9.218861123372335e-06, 1.4647881471319124e-05, 4.917288606520742e-06, 8.000370144145563e-06, 4.596080088958843e-06, 3.310973625048064e-05, 4.661610546463635e-06, 5.0618124078027904e-05, 0.0019049950642511249, 2.3933145712362602e-05, 1.8941318558063358e-06, 1.947040118466248e-06, 1.2608182942130952e-06, 1.104405441765266e-06, 8.39879248815123e-06, 0.00044609568431042135, 1.4898698282195255e-05, 8.639097472951107e-07, 4.635753043658042e-07, 7.434225608449196e-07, 2.0619427232304588e-05, 3.57813187292777e-05, 3.6315934266895056e-05, 0.0, 0.0, 0.0, 0.0, 0.0, 0.0, 0.0, 0.0, 0.0, 0.0, 0.0, 0.0, 0.0, 0.0, 0.0, 0.0, 0.0, 0.0, 0.0, 0.0, 0.0, 0.0, 0.0, 0.0, 0.0, 0.0, 0.0, 0.0, 0.0, 0.0, 0.0, 0.0, 0.0, 0.0, 0.0, 0.0, 0.0, 0.0, 0.0, 0.0, 0.0, 0.0, 0.0, 0.0, 0.0, 0.0, 0.0, 0.0, 0.0, 0.0, 0.0, 0.0, 0.0, 0.0, 0.0, 0.0, 0.0, 0.0, 0.0, 0.0, 0.0, 0.0, 0.0, 0.0, 0.0, 0.0, 0.0, 0.0, 0.0, 0.0, 0.0, 0.0, 0.0, 0.0, 0.0, 0.0, 0.0, 0.0, 0.0, 0.0, 0.0, 0.0, 0.0, 0.0, 0.0, 0.0, 0.0, 0.0, 0.0, 0.0, 0.0, 0.0, 0.0, 0.0, 0.0, 0.0, 0.0, 0.0, 0.0, 0.0, 0.0, 0.0, 0.0, 0.0, 0.0, 0.0, 0.0, 0.0, 0.0, 0.0, 0.0], "tokens": ["how", "to", "figure", "out", "the", "maximum", "shed", "size", "without", "permit", ":", "most", "major", "canadian", "municipalities", "allow", "for", "a", "maximum", "shed", "size", "without", "permit", "of", "10", "square", "metres", "or", "107", "square", "feet", ".", "sheds", "such", "as", "our", "10", "x", "10", "|", "8", "x", "10", "|", "8", "x", "12", "can", "typically", "be", "build", "in", "most", "metro", "vancouver", "municipalities", "without", "a", "building", "permit", ".", "if", "you", "want", "to", "build", "a", "shed", "larger", "than", "the", "maximum", "shed", "size", "allowed", "without", "permit", "you", "will", "need", "to", "obtain", "a", "building", "permit", "from", "your", "local", "municipality", ".", "figuring", "out", "the", "maximum", "shed", "size", "without", "permit", "in", "your", "local", "municipality", "is", "easy", ".", "1", "call", "your", "municipalities", "building", "department", ".", "2", "ask", "them", "these", "three", "question", ";"], "logits_start": [0.014195302501320839, 0.0007663349388167262, 0.0011205042246729136, 0.0006778679089620709, 0.001077404711395502, 0.00184245768468827, 0.0007439404143951833, 0.0005266279331408441, 0.00037217617500573397, 0.00041319773299619555, 0.0005336534231901169, 0.07176566869020462, 0.003042996395379305, 0.0040656523779034615, 0.0033959029242396355, 0.003276336006820202, 0.003981732297688723, 0.00926376972347498, 0.02894793078303337, 0.005523707717657089, 0.005999285727739334, 0.006633433047682047, 0.006580794230103493, 0.04432521015405655, 0.5995945930480957, 0.004632039461284876, 0.0017593491356819868, 0.0025968162808567286, 0.04912658408284187, 0.0016972171142697334, 0.0004651645722333342, 0.0001778148434823379, 0.007385098375380039, 0.000894716999027878, 0.001350943697616458, 0.002105597872287035, 0.0662134513258934, 0.0009028916829265654, 0.005929957609623671, 0.0006176105816848576, 0.008949038572609425, 0.0009933107066899538, 0.005662902258336544, 0.0006322624976746738, 0.006924035027623177, 0.0005339955678209662, 0.0029318262822926044, 3.927672150894068e-05, 9.14037082111463e-05, 7.641021511517465e-05, 8.373409218620509e-05, 9.896508709061891e-05, 0.00011789709242293611, 0.0001181043844553642, 7.260029087774456e-05, 0.00010141570965060964, 4.198053647996858e-05, 3.675205516628921e-05, 3.266804196755402e-05, 3.4400669392198324e-05, 3.4616259654285386e-05, 0.0014129887567833066, 0.00012338717351667583, 0.00011840403021778911, 0.00013383426994550973, 0.0001439878687961027, 0.00029199421987868845, 0.00043577939504757524, 0.00020024526747874916, 0.00042442811536602676, 0.00016750628128647804, 0.0005635041743516922, 0.00010409145761514083, 6.433170347008854e-05, 6.10680363024585e-05, 5.421660898718983e-05, 4.732582965516485e-05, 4.610870746546425e-05, 4.64097574877087e-05, 4.3862419261131436e-05, 5.680670074070804e-05, 4.854312282986939e-05, 4.7701971197966486e-05, 4.518834612099454e-05, 3.5680201108334586e-05, 5.828998109791428e-05, 2.919822327385191e-05, 3.4497748856665567e-05, 4.118065407965332e-05, 1.458530005038483e-05, 0.0007449968834407628, 6.654265598626807e-05, 8.076764061115682e-05, 0.00024491362273693085, 4.978883225703612e-05, 4.130628440179862e-05, 3.311698674224317e-05, 2.568128184066154e-05, 2.8815429686801508e-05, 2.679895806068089e-05, 2.5432873371755704e-05, 3.9713031583232805e-05, 1.123223228205461e-05, 1.1512895071064122e-05, 1.127933501265943e-05, 0.0002715622540563345, 0.00038371433038264513, 2.3237531422637403e-05, 2.046057488769293e-05, 1.5123632692848332e-05, 1.155774498329265e-05, 8.396979865210596e-06, 0.00016200866957660764, 0.0004261612193658948, 2.5175027985824272e-05, 2.5028832169482484e-05, 0.000145363446790725, 8.58194562169956e-06, 7.370641469606198e-06, 0.0, 0.0, 0.0, 0.0, 0.0, 0.0, 0.0, 0.0, 0.0, 0.0, 0.0, 0.0, 0.0, 0.0, 0.0, 0.0, 0.0, 0.0, 0.0, 0.0, 0.0, 0.0, 0.0, 0.0, 0.0, 0.0, 0.0, 0.0, 0.0, 0.0, 0.0, 0.0, 0.0, 0.0, 0.0, 0.0, 0.0, 0.0, 0.0, 0.0, 0.0, 0.0, 0.0, 0.0, 0.0, 0.0, 0.0, 0.0, 0.0, 0.0, 0.0, 0.0, 0.0, 0.0, 0.0, 0.0, 0.0, 0.0, 0.0, 0.0, 0.0, 0.0, 0.0, 0.0, 0.0, 0.0, 0.0, 0.0, 0.0, 0.0, 0.0, 0.0, 0.0, 0.0, 0.0, 0.0, 0.0, 0.0, 0.0, 0.0, 0.0, 0.0, 0.0, 0.0, 0.0, 0.0, 0.0, 0.0, 0.0, 0.0, 0.0, 0.0, 0.0, 0.0, 0.0, 0.0, 0.0, 0.0, 0.0, 0.0, 0.0, 0.0, 0.0, 0.0, 0.0, 0.0, 0.0, 0.0, 0.0, 0.0, 0.0],