{"passages": [{"relevance": 0.7712264726885751, "logits_start": [0.01965884491801262, 0.0081032020971179, 0.0805959701538086, 0.0002522469440009445, 0.00995628908276558, 0.0009656785405240953, 0.0004296400584280491, 0.039034176617860794, 0.0032380183693021536, 0.0006630239076912403, 0.01406838744878769, 0.002979527460411191, 0.005331362597644329, 0.0039107101038098335, 0.0023841422516852617, 0.0020928673911839724, 0.007112052291631699, 0.005741046275943518, 0.0014420526567846537, 0.0023368096444755793, 0.024194732308387756, 0.0029321089386940002, 0.0020853227470070124, 0.06762821227312088, 0.004244849551469088, 0.0020326857920736074, 0.0033320763614028692, 0.004054457880556583, 0.0057814945466816425, 0.006135814823210239, 0.0035197085235267878, 0.013345294632017612, 0.0037247776053845882, 0.0017461241222918034, 0.01969791203737259, 0.0038346806541085243, 0.005341984331607819, 0.0005190899828448892, 0.06021649390459061, 0.0018238323973491788, 0.003932960331439972, 0.002898182487115264, 0.004081265535205603, 0.005014555994421244, 0.012921415269374847, 0.0025659226812422276, 0.00973422545939684, 0.009205864742398262, 0.0031030115205794573, 0.00230639660730958, 0.05299033969640732, 0.01207533199340105, 0.0007366946083493531, 0.04604526236653328, 0.003060796530917287, 0.006154464092105627, 0.0029551242478191853, 0.002467147307470441, 0.01253639068454504, 0.008875430561602116, 0.002064026426523924, 0.0045955670066177845, 0.04477215185761452, 0.005199199542403221, 0.0035123520065099, 0.147075355052948, 0.008395497687160969, 0.002434081630781293, 0.006030369084328413, 0.007086269091814756, 0.022096557542681694, 0.023129066452383995, 0.0003571096167434007, 0.029543759301304817, 0.0003153826401103288, 0.024767495691776276, 0.01606856659054756, 0.0007373089320026338, 0.0015055143740028143, 0.00016590487211942673, 0.0, 0.0, 0.0, 0.0, 0.0, 0.0, 0.0, 0.0, 0.0, 0.0, 0.0, 0.0, 0.0, 0.0, 0.0, 0.0, 0.0, 0.0, 0.0, 0.0, 0.0, 0.0, 0.0, 0.0, 0.0, 0.0, 0.0, 0.0, 0.0, 0.0, 0.0, 0.0, 0.0, 0.0, 0.0, 0.0, 0.0, 0.0, 0.0, 0.0, 0.0, 0.0, 0.0, 0.0, 0.0, 0.0, 0.0, 0.0, 0.0, 0.0, 0.0, 0.0, 0.0, 0.0, 0.0, 0.0, 0.0, 0.0, 0.0, 0.0, 0.0, 0.0, 0.0, 0.0, 0.0, 0.0, 0.0, 0.0, 0.0, 0.0, 0.0, 0.0, 0.0, 0.0, 0.0, 0.0, 0.0, 0.0, 0.0, 0.0, 0.0, 0.0, 0.0, 0.0, 0.0, 0.0, 0.0, 0.0, 0.0, 0.0, 0.0, 0.0, 0.0, 0.0, 0.0, 0.0, 0.0, 0.0, 0.0, 0.0, 0.0, 0.0, 0.0, 0.0, 0.0, 0.0, 0.0, 0.0, 0.0, 0.0, 0.0, 0.0, 0.0, 0.0, 0.0, 0.0, 0.0, 0.0, 0.0, 0.0, 0.0, 0.0, 0.0, 0.0, 0.0, 0.0, 0.0, 0.0, 0.0, 0.0, 0.0, 0.0, 0.0, 0.0, 0.0, 0.0, 0.0, 0.0, 0.0, 0.0, 0.0, 0.0, 0.0, 0.0, 0.0, 0.0, 0.0, 0.0, 0.0, 0.0, 0.0, 0.0, 0.0, 0.0, 0.0, 0.0, 0.0, 0.0, 0.0, 0.0], "tokens": ["meaning", "of", "redvers", ".", "english", "name", ".", "in", "english", ",", "the", "name", "redvers", "means-name", "derived", "from", "a", "surname", ",", "and", "only", "used", "as", "a", "first", "name", "since", "the", "19th", "century..the", "name", "redvers", "originated", "as", "an", "english", "name", ".", "the", "name", "redvers", "is", "most", "often", "used", "as", "a", "boy", "name", "or", "male", "name", ".", "english", "name", "meaning-name", "derived", "from", "a", "surname", ",", "and", "only", "used", "as", "a", "first", "name", "since", "the", "19th", "century", ".", "origin-english", ".", "expression", "num", "-", "1", "."], "logits_end": [0.00029560495750047266, 0.00024497517733834684, 0.10075437277555466, 0.007162252441048622, 0.000570846488699317, 0.0031872664112597704, 0.004761177580803633, 0.00019505091768223792, 0.004734242334961891, 0.0006111744442023337, 0.0012227838160470128, 0.0011419433867558837, 0.005575517658144236, 0.0037717358209192753, 0.003221943276003003, 0.0007465865346603096, 0.002296127611771226, 0.011409269645810127, 0.004276301246136427, 0.0009819517144933343, 0.007375917863100767, 0.00197932543233037, 0.001052556443028152, 0.006054965313524008, 0.00319227809086442, 0.0012270412407815456, 0.0010081084910780191, 0.001573027577251196, 0.0017478885129094124, 0.01482568308711052, 0.0022669911850243807, 0.019442284479737282, 0.014079183340072632, 0.0013244388392195106, 0.0011171713704243302, 0.007284123916178942, 0.05705706775188446, 0.16375316679477692, 0.000442878546891734, 0.0006307312869466841, 0.0068443273194134235, 0.001318130875006318, 0.001143980654887855, 0.0007713052327744663, 0.0011541686253622174, 0.0006592056597582996, 0.0006050959345884621, 0.004019392654299736, 0.0030481978319585323, 0.0017117573879659176, 0.053428806364536285, 0.13045071065425873, 0.15459954738616943, 0.0007148849545046687, 0.00041631542262621224, 0.0017558359540998936, 0.0013128217542544007, 0.00027304142713546753, 0.0010771786328405142, 0.006586347706615925, 0.0013011550763621926, 0.0006346998852677643, 0.005316370166838169, 0.0015797640662640333, 0.0005041590775363147, 0.0038045530673116446, 0.001232362468726933, 0.0004833833663724363, 0.0002800431102514267, 0.00013075755850877613, 0.0016914067091420293, 0.03919496014714241, 0.06168488785624504, 0.005104256793856621, 0.011376842856407166, 0.00015544936468359083, 0.01099336612969637, 0.0004646670713555068, 0.007069284096360207, 0.01051066629588604, 0.0, 0.0, 0.0, 0.0, 0.0, 0.0, 0.0, 0.0, 0.0, 0.0, 0.0, 0.0, 0.0, 0.0, 0.0, 0.0, 0.0, 0.0, 0.0, 0.0, 0.0, 0.0, 0.0, 0.0, 0.0, 0.0, 0.0, 0.0, 0.0, 0.0, 0.0, 0.0, 0.0, 0.0, 0.0, 0.0, 0.0, 0.0, 0.0, 0.0, 0.0, 0.0, 0.0, 0.0, 0.0, 0.0, 0.0, 0.0, 0.0, 0.0, 0.0, 0.0, 0.0, 0.0, 0.0, 0.0, 0.0, 0.0, 0.0, 0.0, 0.0, 0.0, 0.0, 0.0, 0.0, 0.0, 0.0, 0.0, 0.0, 0.0, 0.0, 0.0, 0.0, 0.0, 0.0, 0.0, 0.0, 0.0, 0.0, 0.0, 0.0, 0.0, 0.0, 0.0, 0.0, 0.0, 0.0, 0.0, 0.0, 0.0, 0.0, 0.0, 0.0, 0.0, 0.0, 0.0, 0.0, 0.0, 0.0, 0.0, 0.0, 0.0, 0.0, 0.0, 0.0, 0.0, 0.0, 0.0, 0.0, 0.0, 0.0, 0.0, 0.0, 0.0, 0.0, 0.0, 0.0, 0.0, 0.0, 0.0, 0.0, 0.0, 0.0, 0.0, 0.0, 0.0, 0.0, 0.0, 0.0, 0.0, 0.0, 0.0, 0.0, 0.0, 0.0, 0.0, 0.0, 0.0, 0.0, 0.0, 0.0, 0.0, 0.0, 0.0, 0.0, 0.0, 0.0, 0.0, 0.0, 0.0, 0.0, 0.0, 0.0, 0.0, 0.0, 0.0, 0.0, 0.0, 0.0, 0.0],