{"query_id": 469, "passages": [{"tokens": ["get", "an", "instant", "estimate", "of", "the", "cost", "to", "replace", "a", "tub", "faucet", "!", "our", "free", "calculator", "uses", "recent", ",", "trusted", "data", "to", "estimate", "costs", "for", "your", "tub", "faucet", "replacement", "project", ".", "for", "a", "basic", "1", "faucet", "project", "in", "zip", "code", "47474", ",", "the", "benchmark", "cost", "to", "replace", "a", "tub", "faucet", "ranges", "between", "$", "350.80", "-", "$", "579.54", "per", "faucet", ".", "to", "estimate", "costs", "for", "your", "project", ":", "1.", "set", "project", "zip", "code", "enter", "the", "zip", "code", "for", "the", "location", "where", "labor", "is", "hired", "and", "materials", "purchased", "."], "relevance": 0.47470235511340836, "start_index": 52, "logits_end": [7.2365946834906936e-06, 4.598192845151061e-06, 6.080901130189886e-06, 1.753688593453262e-05, 3.186077719874447e-06, 4.8409096962132026e-06, 1.1648787221929524e-05, 3.877158633258659e-06, 9.295809832110535e-06, 5.730845259677153e-06, 3.134500730084255e-05, 0.00010125425615115091, 0.0002426579740131274, 2.8600181849469664e-06, 3.091844973823754e-06, 1.616962435946334e-05, 7.676781024201773e-06, 3.1108345865504816e-05, 6.885794391564559e-06, 1.9721810531336814e-06, 2.388315351709025e-06, 2.8142119390395237e-06, 1.4600545000575949e-05, 3.257830030634068e-05, 4.04806178266881e-06, 4.333854576543672e-06, 1.2445112588466145e-05, 6.15750250290148e-05, 3.009717693203129e-05, 0.00016716380196157843, 0.001505904016084969, 2.7100093120679958e-06, 3.736729013326112e-06, 4.809049187315395e-06, 0.00010203916463069618, 0.0002041669940808788, 2.885900357796345e-05, 1.0539652066654526e-05, 4.288524360163137e-05, 6.733011559845181e-06, 0.04763614013791084, 0.00029581025592051446, 1.649439218454063e-05, 2.4374852728215046e-05, 1.5501167581533082e-05, 6.421161742764525e-06, 9.447979209653568e-06, 7.274811650859192e-06, 2.8849399313912727e-05, 1.6802912796265446e-05, 7.337695933529176e-06, 5.9531148508540355e-06, 6.279098306549713e-05, 0.005218252539634705, 8.932546916184947e-05, 0.0008480264223180711, 0.1298074573278427, 0.004886304493993521, 0.3587559461593628, 0.4376446008682251, 0.0001280473079532385, 0.0002261811459902674, 0.00016360126028303057, 3.885322075802833e-05, 3.459515210124664e-05, 0.000622101710177958, 0.008390647359192371, 4.5945918827783316e-05, 2.4417500753770582e-05, 2.879060775740072e-05, 2.468017555656843e-05, 2.3648541173315607e-05, 8.744155820750166e-06, 5.098144811199745e-06, 1.5010526112746447e-05, 2.2323552911984734e-05, 2.9912653189967386e-06, 3.549956318238401e-06, 1.3443266652757302e-05, 1.784175037755631e-05, 2.995750037371181e-06, 1.9649007754196646e-06, 1.3107379345456138e-05, 1.8523005564929917e-06, 3.0684013836435042e-06, 2.5915711376001127e-05, 0.001963976537808776, 0.0, 0.0, 0.0, 0.0, 0.0, 0.0, 0.0, 0.0, 0.0, 0.0, 0.0, 0.0, 0.0, 0.0, 0.0, 0.0, 0.0, 0.0, 0.0, 0.0, 0.0, 0.0, 0.0, 0.0, 0.0, 0.0, 0.0, 0.0, 0.0, 0.0, 0.0, 0.0, 0.0, 0.0, 0.0, 0.0, 0.0, 0.0, 0.0, 0.0, 0.0, 0.0, 0.0, 0.0, 0.0, 0.0, 0.0, 0.0, 0.0, 0.0, 0.0, 0.0, 0.0, 0.0, 0.0, 0.0, 0.0, 0.0, 0.0, 0.0, 0.0, 0.0, 0.0, 0.0, 0.0, 0.0, 0.0, 0.0, 0.0, 0.0, 0.0, 0.0, 0.0, 0.0, 0.0, 0.0, 0.0, 0.0, 0.0, 0.0, 0.0, 0.0, 0.0, 0.0, 0.0, 0.0, 0.0, 0.0, 0.0, 0.0, 0.0, 0.0, 0.0, 0.0, 0.0, 0.0, 0.0, 0.0, 0.0, 0.0, 0.0, 0.0, 0.0, 0.0, 0.0, 0.0, 0.0, 0.0, 0.0, 0.0, 0.0, 0.0, 0.0, 0.0, 0.0, 0.0, 0.0, 0.0, 0.0, 0.0, 0.0, 0.0, 0.0, 0.0, 0.0, 0.0, 0.0, 0.0, 0.0, 0.0, 0.0, 0.0, 0.0, 0.0, 0.0, 0.0, 0.0, 0.0, 0.0, 0.0, 0.0, 0.0, 0.0], "url": "http://www.homewyse.com/services/cost_to_replace_tub_faucet.html", "selected": true, "logits_start": [0.0015755624044686556, 0.00012130248796893284, 9.03534164535813e-05, 9.228364797309041e-05, 7.467523391824216e-05, 0.00011835643090307713, 8.712561248103157e-05, 5.454594793263823e-05, 7.709955389145762e-05, 0.00010741753794718534, 7.974132313393056e-05, 7.353172986768186e-05, 3.3470674679847434e-05, 0.0010348949581384659, 8.597074338467792e-05, 0.00010976820340147242, 8.86589041328989e-05, 6.783783464925364e-05, 4.267020267434418e-05, 0.0008936764788813889, 8.89099610503763e-05, 7.566703425254673e-05, 0.00021655742602888495, 9.018046694109216e-05, 8.023319242056459e-05, 9.0211266069673e-05, 0.00010825115168699995, 9.956739813787863e-05, 0.00011947860184591264, 9.875016985461116e-05, 0.00023170013446360826, 0.023723967373371124, 0.004746646620333195, 0.0034084671642631292, 0.00948286522179842, 0.0033945974428206682, 0.0038444758392870426, 0.003318184055387974, 0.0036712507717311382, 0.0046003139577806, 0.06006527319550514, 0.0003365839656908065, 0.015470958314836025, 0.001966346986591816, 0.0016522471560165286, 0.0013226091396063566, 0.0024883414153009653, 0.0072726234793663025, 0.004205666948109865, 0.0030925055034458637, 0.006209275219589472, 0.19910737872123718, 0.6198705434799194, 0.0017531902994960546, 0.00019272894132882357, 0.0075777810998260975, 0.00027140273596160114, 0.0003927849465981126, 1.9530254576238804e-05, 7.526030458393507e-06, 0.00015211448771879077, 2.7789688829216175e-05, 6.206107173056807e-06, 2.9809932584612397e-06, 4.6363743422261905e-06, 6.315922291832976e-06, 2.3343989141721977e-06, 7.112016464816406e-05, 6.744888196408283e-06, 2.6281970804120647e-06, 2.628490165079711e-06, 2.157352355425246e-06, 2.68836583927623e-06, 4.687547061621444e-06, 2.1953544546704507e-06, 1.5586261952194036e-06, 1.417970906913979e-06, 3.8035057059460087e-06, 1.6330118342011701e-06, 1.466008825445897e-06, 3.4329677873756737e-06, 1.1865455462611862e-06, 4.666899258154444e-06, 1.232128397532506e-06, 1.6876649624464335e-06, 4.411057943798369e-06, 1.7098138869187096e-06, 0.0, 0.0, 0.0, 0.0, 0.0, 0.0, 0.0, 0.0, 0.0, 0.0, 0.0, 0.0, 0.0, 0.0, 0.0, 0.0, 0.0, 0.0, 0.0, 0.0, 0.0, 0.0, 0.0, 0.0, 0.0, 0.0, 0.0, 0.0, 0.0, 0.0, 0.0, 0.0, 0.0, 0.0, 0.0, 0.0, 0.0, 0.0, 0.0, 0.0, 0.0, 0.0, 0.0, 0.0, 0.0, 0.0, 0.0, 0.0, 0.0, 0.0, 0.0, 0.0, 0.0, 0.0, 0.0, 0.0, 0.0, 0.0, 0.0, 0.0, 0.0, 0.0, 0.0, 0.0, 0.0, 0.0, 0.0, 0.0, 0.0, 0.0, 0.0, 0.0, 0.0, 0.0, 0.0, 0.0, 0.0, 0.0, 0.0, 0.0, 0.0, 0.0, 0.0, 0.0, 0.0, 0.0, 0.0, 0.0, 0.0, 0.0, 0.0, 0.0, 0.0, 0.0, 0.0, 0.0, 0.0, 0.0, 0.0, 0.0, 0.0, 0.0, 0.0, 0.0, 0.0, 0.0, 0.0, 0.0, 0.0, 0.0, 0.0, 0.0, 0.0, 0.0, 0.0, 0.0, 0.0, 0.0, 0.0, 0.0, 0.0, 0.0, 0.0, 0.0, 0.0, 0.0, 0.0, 0.0, 0.0, 0.0, 0.0, 0.0, 0.0, 0.0, 0.0, 0.0, 0.0, 0.0, 0.0, 0.0, 0.0, 0.0, 0.0], "end_index": 59}, {"tokens": ["if", "you", "have", "an", "old", "single-handle", "faucet", ",", "you", "can", "replace", "it", "with", "a", "new", "one", "designed", "specifically", "for", "do-it-yourselfers", ".", "there", "is", "a", "nice", "array", "of", "finishes", "in", "single-handle", "faucets", ",", "so", "you", "'ll", "be", "able", "to", "find", "one", "that", "matches", "your", "bathroom", "accessories", "."], "relevance": 0.26339336741152836, "url": "http://www.diyornot.com/Project.aspx?ndx2=12&Rcd=71",