{"query_id": 469, "passages": [{"relevance": 0.5438157602842381, "end_index": 59, "logits_start": [0.0007521994994021952, 6.422509613912553e-05, 5.71301206946373e-05, 6.597131141461432e-05, 4.0872142562875524e-05, 0.00010439207835588604, 4.4799071474699304e-05, 3.55203592334874e-05, 4.524793985183351e-05, 8.186431659851223e-05, 6.64705949020572e-05, 4.50393526989501e-05, 1.9001439795829356e-05, 0.0005601630546152592, 5.3106337873032317e-05, 9.390409104526043e-05, 4.691921640187502e-05, 2.4296467017848045e-05, 6.6220386543136556e-06, 0.0002301509666722268, 2.9891692975070328e-05, 3.726088834810071e-05, 0.00013751359074376523, 2.612117532407865e-05, 2.922733619925566e-05, 5.432145553641021e-05, 6.759833922842517e-05, 2.920715996879153e-05, 2.8491886041592807e-05, 2.68204585154308e-05, 4.212458588881418e-05, 0.007250076159834862, 0.0018471081275492907, 0.0008237127331085503, 0.0022680829279124737, 0.0009006551699712873, 0.0009908638894557953, 0.0019192503532394767, 0.0012684775283560157, 0.0033944533206522465, 0.028057120740413666, 9.374849469168112e-05, 0.010565334931015968, 0.003763241693377495, 0.0012508085928857327, 0.0016050656558945775, 0.0035352197010070086, 0.0074023096822202206, 0.00625718105584383, 0.004439807962626219, 0.011762009933590889, 0.22323012351989746, 0.6630750894546509, 0.0030148958321660757, 0.0005413282779045403, 0.006919614505022764, 0.00042545117321424186, 0.00011674757115542889, 1.5430950952577405e-05, 2.6263542167725973e-06, 7.87647077231668e-05, 2.1363444830058143e-05, 1.0322837624698877e-05, 6.951229352125665e-06, 7.913487934274599e-06, 5.825832431582967e-06, 4.617481863533612e-06, 6.899533036630601e-05, 1.2976257494301535e-05, 1.1715828804881312e-05, 1.0385174391558394e-05, 5.342430085875094e-06, 1.231532860401785e-05, 1.5735704437247477e-05, 5.028757186664734e-06, 3.267653255534242e-06, 4.183566943538608e-06, 7.91137517808238e-06, 2.4030230179050704e-06, 1.9511264781613136e-06, 6.579773071280215e-06, 2.1246280539344298e-06, 3.788660933423671e-06, 9.868035704130307e-07, 1.409426772625011e-06, 3.701454261317849e-06, 1.2063700296494062e-06, 0.0, 0.0, 0.0, 0.0, 0.0, 0.0, 0.0, 0.0, 0.0, 0.0, 0.0, 0.0, 0.0, 0.0, 0.0, 0.0, 0.0, 0.0, 0.0, 0.0, 0.0, 0.0, 0.0, 0.0, 0.0, 0.0, 0.0, 0.0, 0.0, 0.0, 0.0, 0.0, 0.0, 0.0, 0.0, 0.0, 0.0, 0.0, 0.0, 0.0, 0.0, 0.0, 0.0, 0.0, 0.0, 0.0, 0.0, 0.0, 0.0, 0.0, 0.0, 0.0, 0.0, 0.0, 0.0, 0.0, 0.0, 0.0, 0.0, 0.0, 0.0, 0.0, 0.0, 0.0, 0.0, 0.0, 0.0, 0.0, 0.0, 0.0, 0.0, 0.0, 0.0, 0.0, 0.0, 0.0, 0.0, 0.0, 0.0, 0.0, 0.0, 0.0, 0.0, 0.0, 0.0, 0.0, 0.0, 0.0, 0.0, 0.0, 0.0, 0.0, 0.0, 0.0, 0.0, 0.0, 0.0, 0.0, 0.0, 0.0, 0.0, 0.0, 0.0, 0.0, 0.0, 0.0, 0.0, 0.0, 0.0, 0.0, 0.0, 0.0, 0.0, 0.0, 0.0, 0.0, 0.0, 0.0, 0.0, 0.0, 0.0, 0.0, 0.0, 0.0, 0.0, 0.0, 0.0, 0.0, 0.0, 0.0, 0.0, 0.0, 0.0, 0.0, 0.0, 0.0, 0.0, 0.0, 0.0, 0.0, 0.0, 0.0, 0.0], "start_index": 52, "selected": true, "tokens": ["get", "an", "instant", "estimate", "of", "the", "cost", "to", "replace", "a", "tub", "faucet", "!", "our", "free", "calculator", "uses", "recent", ",", "trusted", "data", "to", "estimate", "costs", "for", "your", "tub", "faucet", "replacement", "project", ".", "for", "a", "basic", "1", "faucet", "project", "in", "zip", "code", "47474", ",", "the", "benchmark", "cost", "to", "replace", "a", "tub", "faucet", "ranges", "between", "$", "350.80", "-", "$", "579.54", "per", "faucet", ".", "to", "estimate", "costs", "for", "your", "project", ":", "1.", "set", "project", "zip", "code", "enter", "the", "zip", "code", "for", "the", "location", "where", "labor", "is", "hired", "and", "materials", "purchased", "."], "url": "http://www.homewyse.com/services/cost_to_replace_tub_faucet.html", "logits_end": [5.010784207115648e-06, 4.499874194152653e-06, 6.7331984610063955e-06, 2.824274815793615e-05, 5.584760401688982e-06, 6.5634208112896886e-06, 4.7966263082344085e-05, 8.11314930615481e-06, 7.357205049629556e-06, 9.028276508615818e-06, 0.00013490987475961447, 0.00019968625565525144, 0.0006622800719924271, 5.642621545121074e-06, 7.753560566925444e-06, 3.387911419849843e-05, 8.416547643719241e-06, 6.835263775428757e-05, 1.8433003788231872e-05, 2.439873014736804e-06, 6.072343239793554e-06, 3.9873484638519585e-06, 5.037191658630036e-05, 0.00013688862964045256, 1.0400812243460678e-05, 1.1639373042271473e-05, 3.7618785427184775e-05, 2.2121841539046727e-05, 2.611135641927831e-05, 0.00014643043687101454, 0.0017749170074239373, 3.2105556329042884e-06, 9.621352546673734e-06, 2.8265139917493798e-05, 0.00012935386621393263, 9.513901022728533e-05, 1.0136388482351322e-05, 4.58563408756163e-06, 5.089423939352855e-05, 1.12966461074393e-06, 0.015208209864795208, 0.00017489089805167168, 3.062788664465188e-06, 6.648499947914388e-06, 1.7173095329781063e-05, 4.750739208247978e-06, 4.178290964773623e-06, 4.883179826720152e-06, 2.204234442615416e-05, 1.3186849173507653e-05, 3.8460370888060424e-06, 1.2860728929808829e-05, 0.00017683487385511398, 0.0014685727655887604, 0.00033379290835000575, 0.0018552809488028288, 0.13904771208763123, 0.00495517160743475, 0.36167290806770325, 0.46845391392707825, 0.00011532819189596921, 8.822060044622049e-05, 0.0001113897014874965, 2.8718110115732998e-05, 3.44217914971523e-05, 0.00019291878561489284, 0.0011726138181984425, 3.573982394300401e-05, 1.732995042402763e-05, 1.8793678464135155e-05, 2.0580218915711157e-05, 8.537828762200661e-06, 5.513829364645062e-06, 3.789317588598351e-06, 1.2340261491772253e-05, 1.282527136936551e-05, 3.4343897823418956e-06, 3.037919441339909e-06, 1.0669689800124615e-05, 5.175724254513625e-06, 2.13036332752381e-06, 1.8598716451379005e-06, 1.6483592844451778e-05, 2.1012569959566463e-06, 1.6524064676559647e-06, 2.9971724870847538e-05, 0.0007746554911136627, 0.0, 0.0, 0.0, 0.0, 0.0, 0.0, 0.0, 0.0, 0.0, 0.0, 0.0, 0.0, 0.0, 0.0, 0.0, 0.0, 0.0, 0.0, 0.0, 0.0, 0.0, 0.0, 0.0, 0.0, 0.0, 0.0, 0.0, 0.0, 0.0, 0.0, 0.0, 0.0, 0.0, 0.0, 0.0, 0.0, 0.0, 0.0, 0.0, 0.0, 0.0, 0.0, 0.0, 0.0, 0.0, 0.0, 0.0, 0.0, 0.0, 0.0, 0.0, 0.0, 0.0, 0.0, 0.0, 0.0, 0.0, 0.0, 0.0, 0.0, 0.0, 0.0, 0.0, 0.0, 0.0, 0.0, 0.0, 0.0, 0.0, 0.0, 0.0, 0.0, 0.0, 0.0, 0.0, 0.0, 0.0, 0.0, 0.0, 0.0, 0.0, 0.0, 0.0, 0.0, 0.0, 0.0, 0.0, 0.0, 0.0, 0.0, 0.0, 0.0, 0.0, 0.0, 0.0, 0.0, 0.0, 0.0, 0.0, 0.0, 0.0, 0.0, 0.0, 0.0, 0.0, 0.0, 0.0, 0.0, 0.0, 0.0, 0.0, 0.0, 0.0, 0.0, 0.0, 0.0, 0.0, 0.0, 0.0, 0.0, 0.0, 0.0, 0.0, 0.0, 0.0, 0.0, 0.0, 0.0, 0.0, 0.0, 0.0, 0.0, 0.0, 0.0, 0.0, 0.0, 0.0, 0.0, 0.0, 0.0, 0.0, 0.0, 0.0]}, {"relevance": 0.3242110672897213, "tokens": ["get", "an", "instant", "estimate", "of", "the", "cost", "to", "replace", "a", "bathtub", "faucet", "!", "our", "free", "calculator", "uses", "recent", ",", "trusted", "data", "to", "estimate", "costs", "for", "your", "bathtub", "faucet", "replacement", "project", ".", "for", "a", "basic", "1", "faucet", "project", "in", "zip", "code", "47474", ",", "the", "benchmark", "cost", "to", "replace", "a", "bathtub", "faucet", "ranges", "between", "$", "428.58", "-", "$", "693.78", "per", "faucet", ".", "to", "estimate", "costs", "for", "your", "project", ":", "1", "."], "url": "http://www.homewyse.com/services/cost_to_replace_bathtub_faucet.html",