{"query_id": 4949, "passages": [{"relevance": 0.5180520010243896, "end_index": 30, "logits_start": [0.0074220579117536545, 0.00030431619961746037, 9.270293230656534e-05, 0.011345881037414074, 0.00032372798887081444, 0.0002283002104377374, 0.0003868734638672322, 0.00017255303100682795, 0.00018334589549340308, 0.00044307089410722256, 0.0001501345686847344, 0.00010709148045862094, 0.0002732215798459947, 0.0001867537503130734, 5.320669515640475e-05, 0.004856948275119066, 0.0002121689758496359, 0.00020458745711948723, 0.00017962964193429798, 0.00030045933090150356, 0.00018288208229932934, 0.009378857910633087, 0.0006155443261377513, 0.00840094592422247, 0.010610559023916721, 0.017710108309984207, 0.00786756630986929, 0.005170929711312056, 0.004357709549367428, 0.8698575496673584, 0.0015686153201386333, 0.00014800881035625935, 0.0012828715844079852, 0.010299157351255417, 0.00013221851259004325, 7.004220242379233e-05, 0.0007365309866145253, 0.018530232831835747, 0.00017722765915095806, 2.261286681459751e-05, 0.0001557491341372952, 0.000570471107494086, 0.00013678254617843777, 6.614636367885396e-05, 0.00011791077122325078, 6.74235270707868e-05, 4.89116609969642e-05, 2.6384275770396926e-05, 2.878572922782041e-05, 2.9265929697430693e-05, 2.3340022380580194e-05, 5.7277455198345706e-05, 1.345530017715646e-05, 9.715307896840386e-06, 0.0013700318522751331, 6.365469744196162e-05, 6.014240352669731e-05, 7.48644961277023e-05, 4.2299892811570317e-05, 9.670775762060657e-05, 6.849443889223039e-05, 0.00015315675409510732, 0.0013855628203600645, 5.113820861879503e-06, 2.147374107153155e-05, 0.00046870746882632375, 7.486631602660054e-06, 7.713343620707747e-06, 5.681326456397073e-06, 9.211388533003628e-05, 4.745326077681966e-05, 1.2910363693663385e-05, 1.56121877807891e-05, 9.349222091259435e-05, 8.44640271679964e-06, 0.0, 0.0, 0.0, 0.0, 0.0, 0.0, 0.0, 0.0, 0.0, 0.0, 0.0, 0.0, 0.0, 0.0, 0.0, 0.0, 0.0, 0.0, 0.0, 0.0, 0.0, 0.0, 0.0, 0.0, 0.0, 0.0, 0.0, 0.0, 0.0, 0.0, 0.0, 0.0, 0.0, 0.0, 0.0, 0.0, 0.0, 0.0, 0.0, 0.0, 0.0, 0.0, 0.0, 0.0, 0.0, 0.0, 0.0, 0.0, 0.0, 0.0, 0.0, 0.0, 0.0, 0.0, 0.0, 0.0, 0.0, 0.0, 0.0, 0.0, 0.0, 0.0, 0.0, 0.0, 0.0, 0.0, 0.0, 0.0, 0.0, 0.0, 0.0, 0.0, 0.0, 0.0, 0.0, 0.0, 0.0, 0.0, 0.0, 0.0, 0.0, 0.0, 0.0, 0.0, 0.0, 0.0, 0.0, 0.0, 0.0, 0.0, 0.0, 0.0, 0.0, 0.0, 0.0, 0.0, 0.0, 0.0, 0.0, 0.0, 0.0, 0.0, 0.0, 0.0, 0.0, 0.0, 0.0, 0.0, 0.0, 0.0, 0.0, 0.0, 0.0, 0.0, 0.0, 0.0, 0.0, 0.0, 0.0, 0.0, 0.0, 0.0, 0.0, 0.0, 0.0, 0.0, 0.0, 0.0, 0.0, 0.0, 0.0, 0.0, 0.0, 0.0, 0.0, 0.0, 0.0, 0.0, 0.0, 0.0, 0.0, 0.0, 0.0, 0.0, 0.0, 0.0, 0.0, 0.0, 0.0, 0.0, 0.0, 0.0, 0.0, 0.0, 0.0], "start_index": 29, "selected": true, "tokens": ["wage", "increase", ".", "workers", "took", "to", "the", "streets", "of", "manila", "to", "demand", "higher", "wages", ".", "photo", "by", "lady", "anne", "salem", ".", "manila", ",", "philippines-the", "philippine", "average", "monthly", "wage", "of", "$", "279", "(", "roughly", "php", "11,700", ")", "is", "19", "%", "of", "the", "world's", "average", "as", "calculated", "by", "the", "international", "labor", "organization", "(", "ilo", ")", ".", "the", "calculation", "placed", "the", "country", "at", "the", "bottom", "3", "of", "the", "72", "listed", "countries", ",", "just", "above", "pakistan", "and", "tajikistan", "."], "url": "http://www.rappler.com/nation/4612-philippines-at-bottom-3-of-world-s-wages", "logits_end": [3.542237027431838e-05, 0.0005546861793845892, 0.0059079923667013645, 1.9823757611447945e-05, 8.341243665199727e-05, 2.5408926376258023e-05, 2.9868078854633495e-05, 5.071804116596468e-05, 3.460989682935178e-05, 0.00012782851990778, 3.1475276045966893e-05, 2.255397521366831e-05, 4.8494643124286085e-05, 0.0006859510904178023, 0.01189190149307251, 9.356910595670342e-06, 7.0499590947292745e-06, 1.6189140296773985e-05, 2.420895361865405e-05, 0.0002254814753541723, 0.0019046786474063993, 5.452399273053743e-05, 2.2974543753662147e-05, 0.00020412910089362413, 7.680536327825394e-06, 0.00020996658713556826, 0.00011867141438415274, 0.00022332696244120598, 2.2827494831290096e-05, 0.001506374916061759, 0.47219720482826233, 0.00472344271838665, 0.0026000235229730606, 0.002426611725240946, 0.1397903710603714, 0.05521455407142639, 0.00025890214601531625, 0.006154543254524469, 0.05693824589252472, 0.0010585312265902758, 0.00042221148032695055, 0.006987945642322302, 0.014625600539147854, 0.001103258808143437, 0.0023206069599837065, 0.0003899280563928187, 0.0002622513275127858, 0.00014454427582677454, 0.00019196518405806273, 0.0024475862737745047, 0.0013985810801386833, 0.0010279390262439847, 0.03658352047204971, 0.15116369724273682, 7.044418453006074e-05, 0.00015222547517623752, 5.6399811001028866e-05, 4.11897744925227e-05, 4.7477911721216515e-05, 7.304429163923487e-05, 1.781823084456846e-05, 6.526059587486088e-05, 0.0008907802985049784, 6.64263206999749e-05, 2.258837230328936e-05, 0.0009789655450731516, 0.0004552644968498498, 0.0007558029610663652, 0.0001142219771281816, 3.897036731359549e-05, 0.00012791181507054716, 0.00011146414908580482, 1.7166570614790544e-05, 0.0003054788976442069, 0.011051434092223644, 0.0, 0.0, 0.0, 0.0, 0.0, 0.0, 0.0, 0.0, 0.0, 0.0, 0.0, 0.0, 0.0, 0.0, 0.0, 0.0, 0.0, 0.0, 0.0, 0.0, 0.0, 0.0, 0.0, 0.0, 0.0, 0.0, 0.0, 0.0, 0.0, 0.0, 0.0, 0.0, 0.0, 0.0, 0.0, 0.0, 0.0, 0.0, 0.0, 0.0, 0.0, 0.0, 0.0, 0.0, 0.0, 0.0, 0.0, 0.0, 0.0, 0.0, 0.0, 0.0, 0.0, 0.0, 0.0, 0.0, 0.0, 0.0, 0.0, 0.0, 0.0, 0.0, 0.0, 0.0, 0.0, 0.0, 0.0, 0.0, 0.0, 0.0, 0.0, 0.0, 0.0, 0.0, 0.0, 0.0, 0.0, 0.0, 0.0, 0.0, 0.0, 0.0, 0.0, 0.0, 0.0, 0.0, 0.0, 0.0, 0.0, 0.0, 0.0, 0.0, 0.0, 0.0, 0.0, 0.0, 0.0, 0.0, 0.0, 0.0, 0.0, 0.0, 0.0, 0.0, 0.0, 0.0, 0.0, 0.0, 0.0, 0.0, 0.0, 0.0, 0.0, 0.0, 0.0, 0.0, 0.0, 0.0, 0.0, 0.0, 0.0, 0.0, 0.0, 0.0, 0.0, 0.0, 0.0, 0.0, 0.0, 0.0, 0.0, 0.0, 0.0, 0.0, 0.0, 0.0, 0.0, 0.0, 0.0, 0.0, 0.0, 0.0, 0.0, 0.0, 0.0, 0.0, 0.0, 0.0, 0.0, 0.0, 0.0, 0.0, 0.0, 0.0, 0.0]}, {"relevance": 0.2571501505443913, "tokens": ["the", "salary", "explorer", "website", "does", "a", "similar", "job", "for", "different", "nations", ".", "it", "goes", "into", "more", "detail", "about", "what", "each", "philippines", "career", "makes", ".", "this", "is", "a", "very", "helpful", "breakdown", "with", "the", "average", "salary", "in", "the", "philippines", "being", "$", "11,959.56", "per", "year", ".", "the", "median", "salary", "in", "the", "philippines", "is", "about", "$", "7,660.8", "per", "year", ".", "this", "seems", "a", "bit", "high", "compared", "to", "the", "earlier", "calculations", ".", "the", "best", "thing", "to", "do", "is", "to", "compare", "similar", "wages", "on", "sites", "country-by-country", "."], "url": "http://www.dumblittleman.com/2014/05/what-is-the-average-salary-in-the-philippines.html",