{"query_id": 4949, "passages": [{"tokens": ["wage", "increase", ".", "workers", "took", "to", "the", "streets", "of", "manila", "to", "demand", "higher", "wages", ".", "photo", "by", "lady", "anne", "salem", ".", "manila", ",", "philippines-the", "philippine", "average", "monthly", "wage", "of", "$", "279", "(", "roughly", "php", "11,700", ")", "is", "19", "%", "of", "the", "world's", "average", "as", "calculated", "by", "the", "international", "labor", "organization", "(", "ilo", ")", ".", "the", "calculation", "placed", "the", "country", "at", "the", "bottom", "3", "of", "the", "72", "listed", "countries", ",", "just", "above", "pakistan", "and", "tajikistan", "."], "relevance": 0.4488975360069857, "start_index": 29, "logits_end": [5.6730710639385507e-05, 0.00044673384400084615, 0.0022633152548223734, 5.003935712011298e-06, 1.9042900021304376e-05, 7.676605491724331e-06, 1.0148941328225192e-05, 1.1481463843665551e-05, 1.1808071576524526e-05, 7.22987242625095e-05, 2.4059605493675917e-05, 3.8181278796400875e-05, 0.0001434548757970333, 0.0007828617817722261, 0.004902185872197151, 1.5298190191970207e-05, 1.0910957826126833e-05, 1.5789075405336916e-05, 1.710315336822532e-05, 0.00035352518898434937, 0.003936262335628271, 2.287871393491514e-05, 2.2395262931240723e-05, 0.0005094331572763622, 8.154207898769528e-05, 0.0001181201878353022, 0.00016908104589674622, 0.0003160451597068459, 2.4348320948774926e-05, 0.0007685102755203843, 0.4539898931980133, 0.00015837418322917074, 0.0034973518922924995, 0.004917781334370375, 0.2129143476486206, 0.08541157841682434, 0.00037405831972137094, 0.004822127055376768, 0.052467260509729385, 0.0009724297560751438, 0.0006981648039072752, 0.003985663875937462, 0.003994601778686047, 0.00040495136636309326, 0.0012043273309245706, 0.0018831565976142883, 0.00029910713783465326, 0.00019253072969149798, 0.00021032134827692062, 0.0005623169126920402, 0.00048681595944799483, 0.0011405224213376641, 0.02280590310692787, 0.10142643749713898, 5.187323404243216e-05, 5.2249924920033664e-05, 3.700402521644719e-05, 3.999090040451847e-05, 4.6663586545037106e-05, 4.034423909615725e-05, 1.4275196008384228e-05, 1.2903823517262936e-05, 0.001023376127704978, 2.1080419173813425e-05, 9.858779776550364e-06, 0.0021336597856134176, 0.0001318916620220989, 0.0002701875346247107, 5.523146319319494e-05, 1.2977525329915807e-05, 6.860286521259695e-05, 0.0001199303223984316, 2.367209890508093e-05, 0.00060871965251863, 0.021229339763522148, 0.0, 0.0, 0.0, 0.0, 0.0, 0.0, 0.0, 0.0, 0.0, 0.0, 0.0, 0.0, 0.0, 0.0, 0.0, 0.0, 0.0, 0.0, 0.0, 0.0, 0.0, 0.0, 0.0, 0.0, 0.0, 0.0, 0.0, 0.0, 0.0, 0.0, 0.0, 0.0, 0.0, 0.0, 0.0, 0.0, 0.0, 0.0, 0.0, 0.0, 0.0, 0.0, 0.0, 0.0, 0.0, 0.0, 0.0, 0.0, 0.0, 0.0, 0.0, 0.0, 0.0, 0.0, 0.0, 0.0, 0.0, 0.0, 0.0, 0.0, 0.0, 0.0, 0.0, 0.0, 0.0, 0.0, 0.0, 0.0, 0.0, 0.0, 0.0, 0.0, 0.0, 0.0, 0.0, 0.0, 0.0, 0.0, 0.0, 0.0, 0.0, 0.0, 0.0, 0.0, 0.0, 0.0, 0.0, 0.0, 0.0, 0.0, 0.0, 0.0, 0.0, 0.0, 0.0, 0.0, 0.0, 0.0, 0.0, 0.0, 0.0, 0.0, 0.0, 0.0, 0.0, 0.0, 0.0, 0.0, 0.0, 0.0, 0.0, 0.0, 0.0, 0.0, 0.0, 0.0, 0.0, 0.0, 0.0, 0.0, 0.0, 0.0, 0.0, 0.0, 0.0, 0.0, 0.0, 0.0, 0.0, 0.0, 0.0, 0.0, 0.0, 0.0, 0.0, 0.0, 0.0, 0.0, 0.0, 0.0, 0.0, 0.0, 0.0, 0.0, 0.0, 0.0, 0.0, 0.0, 0.0, 0.0, 0.0, 0.0, 0.0, 0.0, 0.0], "url": "http://www.rappler.com/nation/4612-philippines-at-bottom-3-of-world-s-wages", "selected": true, "logits_start": [0.0032348972745239735, 0.0002123741141986102, 9.988388046622276e-05, 0.0018684288952499628, 0.00010392146214144304, 6.19787533651106e-05, 7.599206583108753e-05, 6.72590103931725e-05, 7.683762669330463e-05, 0.00012298506044317037, 6.631345604546368e-05, 7.674023072468117e-05, 0.00011204998736502603, 7.572829781565815e-05, 7.695584645261988e-05, 0.0013997696805745363, 0.0001261923462152481, 9.095346467802301e-05, 0.00014217606803867966, 0.00018928383360616863, 0.0003755408397410065, 0.034335728734731674, 0.0020487718284130096, 0.022346921265125275, 0.013397091999650002, 0.06339766830205917, 0.027364596724510193, 0.011397087946534157, 0.0068621402606368065, 0.7955012917518616, 0.0009962550830096006, 4.808898665942252e-05, 0.001106194336898625, 0.00045203760964795947, 0.00011031640315195546, 2.7492309527588077e-05, 0.00022207913571037352, 0.00787703599780798, 3.4854769182857126e-05, 3.5100747481919825e-05, 0.00012238541967235506, 0.0005991147481836379, 0.00015849289775360376, 1.5472640370717272e-05, 2.0769151888089254e-05, 1.67774960573297e-05, 2.423278783680871e-05, 1.119888293033e-05, 1.1202301720913965e-05, 1.161950331152184e-05, 2.3324100766330957e-05, 5.10594982188195e-05, 2.1499085960385855e-06, 6.538533398270374e-06, 0.0003699445223901421, 3.272710455348715e-05, 1.5661360521335155e-05, 2.0204815882607363e-05, 1.198742029373534e-05, 2.5228409867850132e-05, 6.229115388123319e-05, 9.793962090043351e-05, 0.0007557754870504141, 1.6393300029449165e-05, 7.809224189259112e-05, 0.0010195450158789754, 1.905541921587428e-06, 9.451689948036801e-06, 2.454401737850276e-06, 3.1486230000155047e-05, 3.070032107643783e-05, 6.101055532781174e-06, 7.697664841543883e-06, 0.00011045398423448205, 2.4803323412925238e-06, 0.0, 0.0, 0.0, 0.0, 0.0, 0.0, 0.0, 0.0, 0.0, 0.0, 0.0, 0.0, 0.0, 0.0, 0.0, 0.0, 0.0, 0.0, 0.0, 0.0, 0.0, 0.0, 0.0, 0.0, 0.0, 0.0, 0.0, 0.0, 0.0, 0.0, 0.0, 0.0, 0.0, 0.0, 0.0, 0.0, 0.0, 0.0, 0.0, 0.0, 0.0, 0.0, 0.0, 0.0, 0.0, 0.0, 0.0, 0.0, 0.0, 0.0, 0.0, 0.0, 0.0, 0.0, 0.0, 0.0, 0.0, 0.0, 0.0, 0.0, 0.0, 0.0, 0.0, 0.0, 0.0, 0.0, 0.0, 0.0, 0.0, 0.0, 0.0, 0.0, 0.0, 0.0, 0.0, 0.0, 0.0, 0.0, 0.0, 0.0, 0.0, 0.0, 0.0, 0.0, 0.0, 0.0, 0.0, 0.0, 0.0, 0.0, 0.0, 0.0, 0.0, 0.0, 0.0, 0.0, 0.0, 0.0, 0.0, 0.0, 0.0, 0.0, 0.0, 0.0, 0.0, 0.0, 0.0, 0.0, 0.0, 0.0, 0.0, 0.0, 0.0, 0.0, 0.0, 0.0, 0.0, 0.0, 0.0, 0.0, 0.0, 0.0, 0.0, 0.0, 0.0, 0.0, 0.0, 0.0, 0.0, 0.0, 0.0, 0.0, 0.0, 0.0, 0.0, 0.0, 0.0, 0.0, 0.0, 0.0, 0.0, 0.0, 0.0, 0.0, 0.0, 0.0, 0.0, 0.0, 0.0, 0.0, 0.0, 0.0, 0.0, 0.0, 0.0], "end_index": 30}, {"tokens": ["the", "average", "monthly", "salary", "of", "tech", "or", "customer", "support", "representatives", "in", "makati", ",", "manila", ",", "eastwood", ",", "ortigas", ",", "and", "fort", "bonifacio", ",", "philippines", "ranges", "from", "us", "$", "300", "to", "us", "$", "500", "."], "relevance": 0.3233186449521203, "url": "http://kittelsoncarpo.com/labor-employment/salary/",