{"query_id": 6155, "passages": [{"tokens": ["get", "an", "instant", "estimate", "of", "the", "cost", "to", "install", "exterior", "trim", "!", "our", "free", "calculator", "uses", "recent", ",", "trusted", "data", "to", "estimate", "costs", "for", "your", "exterior", "trim", "installation", "project", ".", "for", "a", "basic", "60", "feet", "project", "in", "zip", "code", "47474", ",", "the", "benchmark", "cost", "to", "install", "exterior", "trim", "ranges", "between", "$", "3.99", "-", "$", "5.62", "per", "linear", "foot", ".", "to", "estimate", "costs", "for", "your", "project", ":", "1", "."], "relevance": 0.4353938858554866, "start_index": 50, "logits_end": [1.2137913472543005e-05, 8.29650252853753e-06, 1.2112162039557006e-05, 4.034916128148325e-05, 6.73856675348361e-06, 1.1794283636845648e-05, 3.7551100831478834e-05, 9.955831046681851e-06, 4.0868802898330614e-05, 2.754235902102664e-05, 0.0001340348389931023, 0.00021177882445044816, 3.3720202736731153e-06, 2.0346428755146917e-06, 2.1279858628986403e-05, 6.601094810321229e-06, 3.448081770329736e-05, 6.891095381433843e-06, 2.4106213913910324e-06, 3.4286713344044983e-06, 3.8097855394880753e-06, 1.5058411918289494e-05, 7.757629646221176e-05, 5.89292812946951e-06, 6.054005098121706e-06, 1.262754994968418e-05, 2.6117895686184056e-05, 1.8973414626088925e-05, 0.0001182232954306528, 0.0011261043837293983, 2.278698502777843e-06, 3.626340685514151e-06, 3.593076371544157e-06, 0.0009911912493407726, 0.06427711248397827, 0.0008787164115346968, 8.889451419236138e-05, 0.000407947605708614, 2.3010243239696138e-05, 0.012293068692088127, 0.00031550906714983284, 4.516573972068727e-05, 8.37172701722011e-05, 8.295771112898365e-05, 2.177211717935279e-05, 2.1960400772513822e-05, 3.603840013965964e-05, 2.7808377126348205e-05, 1.7610323993721977e-05, 6.919669431226794e-06, 7.97674001660198e-05, 0.004708149004727602, 0.00010797892900882289, 0.0006331125041469932, 0.07375369966030121, 0.008487614803016186, 0.019554108381271362, 0.37087297439575195, 0.4035586416721344, 0.00015549098316114396, 0.00025619412190280855, 0.0001895882742246613, 4.2863277485594153e-05, 3.628362901508808e-05, 0.0002555104438215494, 0.000406213803216815, 0.0023470763117074966, 0.03288167715072632, 0.0, 0.0, 0.0, 0.0, 0.0, 0.0, 0.0, 0.0, 0.0, 0.0, 0.0, 0.0, 0.0, 0.0, 0.0, 0.0, 0.0, 0.0, 0.0, 0.0, 0.0, 0.0, 0.0, 0.0, 0.0, 0.0, 0.0, 0.0, 0.0, 0.0, 0.0, 0.0, 0.0, 0.0, 0.0, 0.0, 0.0, 0.0, 0.0, 0.0, 0.0, 0.0, 0.0, 0.0, 0.0, 0.0, 0.0, 0.0, 0.0, 0.0, 0.0, 0.0, 0.0, 0.0, 0.0, 0.0, 0.0, 0.0, 0.0, 0.0, 0.0, 0.0, 0.0, 0.0, 0.0, 0.0, 0.0, 0.0, 0.0, 0.0, 0.0, 0.0, 0.0, 0.0, 0.0, 0.0, 0.0, 0.0, 0.0, 0.0, 0.0, 0.0, 0.0, 0.0, 0.0, 0.0, 0.0, 0.0, 0.0, 0.0, 0.0, 0.0, 0.0, 0.0, 0.0, 0.0, 0.0, 0.0, 0.0, 0.0, 0.0, 0.0, 0.0, 0.0, 0.0, 0.0, 0.0, 0.0, 0.0, 0.0, 0.0, 0.0, 0.0, 0.0, 0.0, 0.0, 0.0, 0.0, 0.0, 0.0, 0.0, 0.0, 0.0, 0.0, 0.0, 0.0, 0.0, 0.0, 0.0, 0.0, 0.0, 0.0, 0.0, 0.0, 0.0, 0.0, 0.0, 0.0, 0.0, 0.0, 0.0, 0.0, 0.0, 0.0, 0.0, 0.0, 0.0, 0.0, 0.0, 0.0, 0.0, 0.0, 0.0, 0.0, 0.0, 0.0, 0.0, 0.0, 0.0, 0.0, 0.0, 0.0], "url": "http://www.homewyse.com/services/cost_to_install_exterior_trim.html", "selected": true, "logits_start": [0.0025043964851647615, 0.0002396147174295038, 0.00016260331904049963, 0.0001461999345337972, 0.00012491995585151017, 0.00019694800721481442, 0.00013538909843191504, 7.763961184537038e-05, 0.00010615922656143084, 0.00012049957877025008, 0.00011808441195171326, 7.043379446258768e-05, 0.0021926029585301876, 0.00015498547872994095, 0.00019558043277356774, 0.00015644493396393955, 0.00012695627810899168, 6.359305552905425e-05, 0.0014911553589627147, 0.00015022938896436244, 0.00012436449469532818, 0.00033524309401400387, 0.00014215406554285437, 0.00011149959755130112, 0.00011918740347027779, 0.000142001619678922, 0.00013695863890461624, 0.00013287746696732938, 0.00012535363202914596, 0.0002664594503585249, 0.029475729912519455, 0.007440278772264719, 0.0028049154207110405, 0.08974582701921463, 0.0001451765128877014, 0.0004597032384481281, 0.0007210305775515735, 0.0008953551878221333, 0.0012441230937838554, 0.017509886994957924, 0.00021609743998851627, 0.020958757027983665, 0.002224791096523404, 0.0015722562093287706, 0.0012344346614554524, 0.002149601699784398, 0.002691222121939063, 0.002877676859498024, 0.024489067494869232, 0.2045806646347046, 0.5630987286567688, 0.0016771963564679027, 0.0001927219273056835, 0.009634521789848804, 0.0004004159418400377, 0.0007172239711508155, 0.00016962384688667953, 2.9172555514378473e-05, 8.577819244237617e-06, 0.00021564554481301457, 4.264007293386385e-05, 1.2620078450709116e-05, 5.725306891690707e-06, 7.636404006916564e-06, 1.0536629815760534e-05, 4.316490503697423e-06, 0.00016090292774606496, 4.611742042470723e-06, 0.0, 0.0, 0.0, 0.0, 0.0, 0.0, 0.0, 0.0, 0.0, 0.0, 0.0, 0.0, 0.0, 0.0, 0.0, 0.0, 0.0, 0.0, 0.0, 0.0, 0.0, 0.0, 0.0, 0.0, 0.0, 0.0, 0.0, 0.0, 0.0, 0.0, 0.0, 0.0, 0.0, 0.0, 0.0, 0.0, 0.0, 0.0, 0.0, 0.0, 0.0, 0.0, 0.0, 0.0, 0.0, 0.0, 0.0, 0.0, 0.0, 0.0, 0.0, 0.0, 0.0, 0.0, 0.0, 0.0, 0.0, 0.0, 0.0, 0.0, 0.0, 0.0, 0.0, 0.0, 0.0, 0.0, 0.0, 0.0, 0.0, 0.0, 0.0, 0.0, 0.0, 0.0, 0.0, 0.0, 0.0, 0.0, 0.0, 0.0, 0.0, 0.0, 0.0, 0.0, 0.0, 0.0, 0.0, 0.0, 0.0, 0.0, 0.0, 0.0, 0.0, 0.0, 0.0, 0.0, 0.0, 0.0, 0.0, 0.0, 0.0, 0.0, 0.0, 0.0, 0.0, 0.0, 0.0, 0.0, 0.0, 0.0, 0.0, 0.0, 0.0, 0.0, 0.0, 0.0, 0.0, 0.0, 0.0, 0.0, 0.0, 0.0, 0.0, 0.0, 0.0, 0.0, 0.0, 0.0, 0.0, 0.0, 0.0, 0.0, 0.0, 0.0, 0.0, 0.0, 0.0, 0.0, 0.0, 0.0, 0.0, 0.0, 0.0, 0.0, 0.0, 0.0, 0.0, 0.0, 0.0, 0.0, 0.0, 0.0, 0.0, 0.0, 0.0, 0.0, 0.0, 0.0, 0.0, 0.0, 0.0, 0.0], "end_index": 58}, {"tokens": ["our", "free", "calculator", "uses", "recent", ",", "trusted", "data", "to", "estimate", "costs", "for", "your", "molding", "installation", "project", ".", "for", "a", "basic", "125", "linear", "feet", "project", "in", "zip", "code", "47474", ",", "the", "benchmark", "cost", "to", "install", "trim", "molding", "ranges", "between", "$", "3.48", "-", "$", "6.24", "per", "linear", "foot", ".", "to", "estimate", "costs", "for", "your", "project", ":"], "relevance": 0.2978914952596159, "url": "http://www.homewyse.com/services/cost_to_install_trim_molding.html",