{"query_id": 6155, "passages": [{"relevance": 0.5558062451424769, "end_index": 58, "logits_start": [0.0038379263132810593, 0.0002906201407313347, 0.0001818818273022771, 0.0001638228859519586, 0.00015905781765468419, 0.00026804988738149405, 0.00015595636796206236, 0.00015515423729084432, 0.00015894894022494555, 0.00011799944331869483, 0.00010019048932008445, 5.472818520502187e-05, 0.0027031460776925087, 0.00023984065046533942, 0.00023655692348256707, 0.00018847429601009935, 0.0001232519280165434, 3.3943415473913774e-05, 0.001953562255948782, 0.0002754306187853217, 0.0002463584823999554, 0.0008337296894751489, 0.00021060545986983925, 0.00018384880968369544, 0.00019256827363278717, 0.00014639933942817152, 0.0001197455931105651, 0.00013008192763663828, 0.00013398622104432434, 0.00010630199540173635, 0.013400680385529995, 0.0027424744330346584, 0.0012231406290084124, 0.058724839240312576, 9.496806160314009e-05, 0.000687098246999085, 0.0007377385627478361, 0.0009741215035319328, 0.0015674559399485588, 0.01719023287296295, 0.00024296421906910837, 0.008437786251306534, 0.003016457660123706, 0.001259820768609643, 0.0010734769748523831, 0.0020120132248848677, 0.002627988113090396, 0.00433020293712616, 0.012495436705648899, 0.2104542851448059, 0.6304194927215576, 0.0025756433606147766, 0.0005886590224690735, 0.007409393321722746, 0.00042941945139318705, 0.00023293586855288595, 7.61194241931662e-05, 6.999981997068971e-05, 6.3821962612564676e-06, 0.00046884999028407037, 0.00011652043031062931, 5.3090028814040124e-05, 3.450291114859283e-05, 3.4274427889613435e-05, 3.3663050999166444e-05, 3.231261143810116e-05, 0.00041182691347785294, 1.1414696928113699e-05, 0.0, 0.0, 0.0, 0.0, 0.0, 0.0, 0.0, 0.0, 0.0, 0.0, 0.0, 0.0, 0.0, 0.0, 0.0, 0.0, 0.0, 0.0, 0.0, 0.0, 0.0, 0.0, 0.0, 0.0, 0.0, 0.0, 0.0, 0.0, 0.0, 0.0, 0.0, 0.0, 0.0, 0.0, 0.0, 0.0, 0.0, 0.0, 0.0, 0.0, 0.0, 0.0, 0.0, 0.0, 0.0, 0.0, 0.0, 0.0, 0.0, 0.0, 0.0, 0.0, 0.0, 0.0, 0.0, 0.0, 0.0, 0.0, 0.0, 0.0, 0.0, 0.0, 0.0, 0.0, 0.0, 0.0, 0.0, 0.0, 0.0, 0.0, 0.0, 0.0, 0.0, 0.0, 0.0, 0.0, 0.0, 0.0, 0.0, 0.0, 0.0, 0.0, 0.0, 0.0, 0.0, 0.0, 0.0, 0.0, 0.0, 0.0, 0.0, 0.0, 0.0, 0.0, 0.0, 0.0, 0.0, 0.0, 0.0, 0.0, 0.0, 0.0, 0.0, 0.0, 0.0, 0.0, 0.0, 0.0, 0.0, 0.0, 0.0, 0.0, 0.0, 0.0, 0.0, 0.0, 0.0, 0.0, 0.0, 0.0, 0.0, 0.0, 0.0, 0.0, 0.0, 0.0, 0.0, 0.0, 0.0, 0.0, 0.0, 0.0, 0.0, 0.0, 0.0, 0.0, 0.0, 0.0, 0.0, 0.0, 0.0, 0.0, 0.0, 0.0, 0.0, 0.0, 0.0, 0.0, 0.0, 0.0, 0.0, 0.0, 0.0, 0.0, 0.0, 0.0, 0.0, 0.0, 0.0, 0.0, 0.0, 0.0], "start_index": 50, "selected": true, "tokens": ["get", "an", "instant", "estimate", "of", "the", "cost", "to", "install", "exterior", "trim", "!", "our", "free", "calculator", "uses", "recent", ",", "trusted", "data", "to", "estimate", "costs", "for", "your", "exterior", "trim", "installation", "project", ".", "for", "a", "basic", "60", "feet", "project", "in", "zip", "code", "47474", ",", "the", "benchmark", "cost", "to", "install", "exterior", "trim", "ranges", "between", "$", "3.99", "-", "$", "5.62", "per", "linear", "foot", ".", "to", "estimate", "costs", "for", "your", "project", ":", "1", "."], "url": "http://www.homewyse.com/services/cost_to_install_exterior_trim.html", "logits_end": [8.443667866231408e-06, 1.0347558600187767e-05, 2.562259578553494e-05, 6.879022112116218e-05, 1.6486412278027274e-05, 2.2042984710424207e-05, 0.00013721479626838118, 2.3894184778328054e-05, 5.668726589647122e-05, 4.79752488899976e-05, 0.0001542083191452548, 0.0007169602904468775, 1.2177993994555436e-05, 1.676449210208375e-05, 7.464159716619179e-05, 2.4377472072956152e-05, 0.00013600151578430086, 4.583006739267148e-05, 4.9228747229790315e-06, 1.4674735211883672e-05, 6.150765784695977e-06, 3.840168938040733e-05, 0.00010302368173142895, 1.20410068120691e-05, 1.800762584025506e-05, 2.634162228787318e-05, 8.891085599316284e-05, 2.932024835899938e-05, 0.0002994479436893016, 0.00448665302246809, 3.5255623060947983e-06, 7.522403848270187e-06, 3.7827583128091646e-06, 0.0008543256553821266, 0.037105295807123184, 0.0004103883111383766, 3.344315700815059e-05, 0.0003425531613174826, 8.882284419087227e-06, 0.024538367986679077, 0.00042692702845670283, 2.5355668185511604e-05, 3.6043376894667745e-05, 9.403323929291219e-05, 2.2467283997684717e-05, 2.3090407921699807e-05, 2.7901956855203025e-05, 2.978819793497678e-05, 4.142901525483467e-05, 2.4048425984801725e-05, 0.0002400924131507054, 0.0014141467399895191, 0.000358246878022328, 0.0013651284389197826, 0.14454385638237, 0.015871230512857437, 0.011833867989480495, 0.32464808225631714, 0.42317426204681396, 6.13248921581544e-05, 7.039889896987006e-05, 8.422247628914192e-05, 1.5311248716898263e-05, 3.5454977478366345e-05, 8.906454604584724e-05, 0.0004528338904492557, 0.0005226373905315995, 0.0044342041946947575, 0.0, 0.0, 0.0, 0.0, 0.0, 0.0, 0.0, 0.0, 0.0, 0.0, 0.0, 0.0, 0.0, 0.0, 0.0, 0.0, 0.0, 0.0, 0.0, 0.0, 0.0, 0.0, 0.0, 0.0, 0.0, 0.0, 0.0, 0.0, 0.0, 0.0, 0.0, 0.0, 0.0, 0.0, 0.0, 0.0, 0.0, 0.0, 0.0, 0.0, 0.0, 0.0, 0.0, 0.0, 0.0, 0.0, 0.0, 0.0, 0.0, 0.0, 0.0, 0.0, 0.0, 0.0, 0.0, 0.0, 0.0, 0.0, 0.0, 0.0, 0.0, 0.0, 0.0, 0.0, 0.0, 0.0, 0.0, 0.0, 0.0, 0.0, 0.0, 0.0, 0.0, 0.0, 0.0, 0.0, 0.0, 0.0, 0.0, 0.0, 0.0, 0.0, 0.0, 0.0, 0.0, 0.0, 0.0, 0.0, 0.0, 0.0, 0.0, 0.0, 0.0, 0.0, 0.0, 0.0, 0.0, 0.0, 0.0, 0.0, 0.0, 0.0, 0.0, 0.0, 0.0, 0.0, 0.0, 0.0, 0.0, 0.0, 0.0, 0.0, 0.0, 0.0, 0.0, 0.0, 0.0, 0.0, 0.0, 0.0, 0.0, 0.0, 0.0, 0.0, 0.0, 0.0, 0.0, 0.0, 0.0, 0.0, 0.0, 0.0, 0.0, 0.0, 0.0, 0.0, 0.0, 0.0, 0.0, 0.0, 0.0, 0.0, 0.0, 0.0, 0.0, 0.0, 0.0, 0.0, 0.0, 0.0, 0.0, 0.0, 0.0, 0.0, 0.0, 0.0, 0.0, 0.0, 0.0, 0.0, 0.0, 0.0]}, {"relevance": 0.2593528664089006, "tokens": ["best", "answer", ":", "depends", "on", "the", "thickness", "and", "width", ".", "all", "of", "the", "pieces", "are", "18", "feet", "long", ".", "also", "called", "base", "trim", "or", "base", "molding", ",", "baseboard", "is", "both", "attractive", "and", "functional", ".", "...", "composite", "baseboards", "5-6", "inches", "high", "run", "$", "1.50-", "$", "2", "a", "linear", "foot", ",", "...", "cost", "per", "lineal", "foot", "for", "installing", "base", "and", "door", "trim", "in", "vancouver", "hi", "guys", "."], "url": "http://www.environmentallyfriendlyflooring.com/product/1513.html",