{"passages": [{"logits_start": [0.05873537436127663, 0.004186874255537987, 0.012378613464534283, 0.0015361009864136577, 0.003566842759028077, 0.002946635941043496, 0.023999439552426338, 0.04986650124192238, 0.23788048326969147, 0.023225300014019012, 0.05269869789481163, 0.2861303389072418, 0.005227524787187576, 0.02479795180261135, 0.011426473036408424, 0.0438326857984066, 0.0019667604938149452, 0.002063988707959652, 0.02105921134352684, 0.007539867423474789, 7.357547292485833e-05, 0.0051070088520646095, 0.0002097979886457324, 0.0001354131381958723, 0.00013904209481552243, 0.00023621403670404106, 0.00028686693985946476, 0.00036605543573386967, 0.0008188604842871428, 0.0027966902125626802, 0.06475082784891129, 0.0011015537893399596, 7.347078644670546e-05, 0.005745429079979658, 0.0011838539503514767, 0.0006356539088301361, 0.00738248135894537, 0.011895930394530296, 0.011749825440347195, 0.0013681375421583652, 2.699201832001563e-05, 0.0007804405759088695, 0.00014634001126978546, 9.369655163027346e-05, 7.834076677681878e-05, 0.0007141098030842841, 0.0003551349800545722, 0.0006398858386091888, 0.0006407163455151021, 1.2368222087388858e-05, 5.2032642997801304e-05, 2.0148107068962418e-05, 4.303972309571691e-05, 0.00032197305699810386, 4.383679879538249e-06, 0.00039867754094302654, 8.89916846062988e-05, 5.0391910917824134e-05, 5.9872989368159324e-05, 5.127766780788079e-05, 0.0002666853542905301, 5.1763796363957226e-05, 7.758907304378226e-05, 0.00016464288637507707, 5.481818880070932e-05, 0.0006117058801464736, 2.8837828722316772e-05, 0.0004841996997129172, 0.00017704593483358622, 0.002301417291164398, 7.853114220779389e-05, 1.5902867289696587e-06, 0.0, 0.0, 0.0, 0.0, 0.0, 0.0, 0.0, 0.0, 0.0, 0.0, 0.0, 0.0, 0.0, 0.0, 0.0, 0.0, 0.0, 0.0, 0.0, 0.0, 0.0, 0.0, 0.0, 0.0, 0.0, 0.0, 0.0, 0.0, 0.0, 0.0, 0.0, 0.0, 0.0, 0.0, 0.0, 0.0, 0.0, 0.0, 0.0, 0.0, 0.0, 0.0, 0.0, 0.0, 0.0, 0.0, 0.0, 0.0, 0.0, 0.0, 0.0, 0.0, 0.0, 0.0, 0.0, 0.0, 0.0, 0.0, 0.0, 0.0, 0.0, 0.0, 0.0, 0.0, 0.0, 0.0, 0.0, 0.0, 0.0, 0.0, 0.0, 0.0, 0.0, 0.0, 0.0, 0.0, 0.0, 0.0, 0.0, 0.0, 0.0, 0.0, 0.0, 0.0, 0.0, 0.0, 0.0, 0.0, 0.0, 0.0, 0.0, 0.0, 0.0, 0.0, 0.0, 0.0, 0.0, 0.0, 0.0, 0.0, 0.0, 0.0, 0.0, 0.0, 0.0, 0.0, 0.0, 0.0, 0.0, 0.0, 0.0, 0.0, 0.0, 0.0, 0.0, 0.0, 0.0, 0.0, 0.0, 0.0, 0.0, 0.0, 0.0, 0.0, 0.0, 0.0, 0.0, 0.0, 0.0, 0.0, 0.0, 0.0, 0.0, 0.0, 0.0, 0.0, 0.0, 0.0, 0.0, 0.0, 0.0, 0.0, 0.0, 0.0, 0.0, 0.0, 0.0, 0.0, 0.0, 0.0, 0.0], "logits_end": [0.0007940413197502494, 3.538597593433224e-05, 0.0014922661939635873, 6.760985706932843e-05, 3.308041414129548e-05, 8.503101707901806e-05, 0.0015171484556049109, 0.0006045744521543384, 0.014017574489116669, 0.010295585729181767, 0.0010690803173929453, 0.09594734013080597, 0.03410917520523071, 0.001839064178057015, 0.00041538162622600794, 0.0139186792075634, 0.01785067841410637, 0.00016294323722831905, 0.0010507396655157208, 0.13440601527690887, 0.4892873167991638, 0.02199859730899334, 0.00039375710184685886, 8.621114830020815e-05, 5.779470666311681e-05, 7.695264503126964e-05, 0.00015263704699464142, 0.00012780989345628768, 0.0001298839197261259, 8.33816739032045e-05, 0.008556065149605274, 0.04615921899676323, 0.06394549459218979, 3.163598375977017e-05, 0.0002233139966847375, 2.2884694772074e-05, 0.00015251946751959622, 0.00014765631931368262, 0.0019692392088472843, 0.007705288473516703, 0.018957404419779778, 1.800543577701319e-05, 2.6587045795167796e-05, 1.165209869213868e-05, 6.5890953919733874e-06, 2.1364759959396906e-05, 1.3526741895475425e-05, 1.8575181456981227e-05, 0.000730162370018661, 1.6502715880051255e-05, 1.5969406376825646e-05, 3.691360006996547e-06, 2.9456875836331164e-06, 0.00046371572534553707, 0.0062807220965623856, 3.892700533469906e-06, 1.1788280971813947e-05, 4.4707180677505676e-06, 8.137975783029106e-06, 2.66496067524713e-06, 2.6664694814826362e-05, 2.7843234420288354e-06, 2.8377369289955823e-06, 1.3215689250500873e-05, 1.4830874306426267e-06, 6.091345858294517e-05, 1.7161868299808702e-06, 3.582249701139517e-05, 3.1867068628343986e-06, 0.00015385355800390244, 0.0003178364713676274, 0.0017422905657440424, 0.0, 0.0, 0.0, 0.0, 0.0, 0.0, 0.0, 0.0, 0.0, 0.0, 0.0, 0.0, 0.0, 0.0, 0.0, 0.0, 0.0, 0.0, 0.0, 0.0, 0.0, 0.0, 0.0, 0.0, 0.0, 0.0, 0.0, 0.0, 0.0, 0.0, 0.0, 0.0, 0.0, 0.0, 0.0, 0.0, 0.0, 0.0, 0.0, 0.0, 0.0, 0.0, 0.0, 0.0, 0.0, 0.0, 0.0, 0.0, 0.0, 0.0, 0.0, 0.0, 0.0, 0.0, 0.0, 0.0, 0.0, 0.0, 0.0, 0.0, 0.0, 0.0, 0.0, 0.0, 0.0, 0.0, 0.0, 0.0, 0.0, 0.0, 0.0, 0.0, 0.0, 0.0, 0.0, 0.0, 0.0, 0.0, 0.0, 0.0, 0.0, 0.0, 0.0, 0.0, 0.0, 0.0, 0.0, 0.0, 0.0, 0.0, 0.0, 0.0, 0.0, 0.0, 0.0, 0.0, 0.0, 0.0, 0.0, 0.0, 0.0, 0.0, 0.0, 0.0, 0.0, 0.0, 0.0, 0.0, 0.0, 0.0, 0.0, 0.0, 0.0, 0.0, 0.0, 0.0, 0.0, 0.0, 0.0, 0.0, 0.0, 0.0, 0.0, 0.0, 0.0, 0.0, 0.0, 0.0, 0.0, 0.0, 0.0, 0.0, 0.0, 0.0, 0.0, 0.0, 0.0, 0.0, 0.0, 0.0, 0.0, 0.0, 0.0, 0.0, 0.0, 0.0, 0.0, 0.0, 0.0, 0.0, 0.0], "tokens": ["valliyur", "or", "vallioor", "is", "a", "panchayat", "union", "in", "radhapuram", "taluk", "in", "tirunelveli", "district", "in", "the", "indian", "state", "of", "tamil", "nadu", ".", "valliyur", "is", "one", "of", "the", "fastest", "growing", "towns", "in", "tirunelveli", "district", ".", "this", "town", "is", "located", "along", "nh", "13280", ".", "it", "gets", "its", "name", "from", "the", "goddess", "valli", ",", "consort", "of", "lord", "murugan", ".", "its", "in", "a", "place", "that", "connects", "two", "big", "towns", "as", "tirunelveli", "and", "nagercoil", "in", "nh", "13280", "."], "relevance": 0.4965421336425067, "selected": true, "end_index": 20, "start_index": 11, "url": "http://wikimapia.org/1905411/Vallioor"}, {"logits_start": [0.013649137690663338, 0.0016999493818730116, 0.0001796717115212232, 0.0013953743036836386, 0.0006183249643072486, 0.0002182379539590329, 0.0007527784910053015, 0.00035300495801493526, 0.0709557980298996, 0.008851530961692333, 0.021317528560757637, 0.04010742902755737, 0.021969597786664963, 0.06543416529893875, 0.08710857480764389, 0.38191312551498413, 0.003398845437914133, 0.05467844009399414, 0.07584308087825775, 0.0006076175486668944, 0.0010851635597646236, 0.0034063314087688923, 0.0057320683263242245, 0.03978470340371132, 0.000384234735975042, 0.018354719504714012, 0.0001011538042803295, 0.013333048671483994, 0.0009928785730153322, 0.006051277741789818, 0.0118562625721097, 0.005440299864858389, 0.015071802772581577, 0.0007818860467523336, 0.005340763833373785, 0.0009036684641614556, 8.282106864498928e-05, 0.00022341322619467974, 0.00022765970788896084, 0.0013510179705917835, 0.0022092508152127266, 0.0007731074001640081, 0.0004907706752419472, 0.002955830655992031, 5.2610546845244244e-05, 0.0009246039553545415, 0.00036014607758261263, 0.00017912602925207466, 0.00222363811917603, 8.889222044672351e-06, 0.0014876030618324876, 0.0005615924601443112, 0.0003071690152864903, 0.0002613720716908574, 9.849597699940205e-05, 0.0007814571144990623, 0.0011431754101067781, 0.001156920101493597, 0.0007368918159045279, 9.182908979710191e-05, 0.0001538987853564322, 0.0010659977560862899, 0.00029680319130420685, 0.00012032284575980157, 1.1267842410234152e-06, 0.0, 0.0, 0.0, 0.0, 0.0, 0.0, 0.0, 0.0, 0.0, 0.0, 0.0, 0.0, 0.0, 0.0, 0.0, 0.0, 0.0, 0.0, 0.0, 0.0, 0.0, 0.0, 0.0, 0.0, 0.0, 0.0, 0.0, 0.0, 0.0, 0.0, 0.0, 0.0, 0.0, 0.0, 0.0, 0.0, 0.0, 0.0, 0.0, 0.0, 0.0, 0.0, 0.0, 0.0, 0.0, 0.0, 0.0, 0.0, 0.0, 0.0, 0.0, 0.0, 0.0, 0.0, 0.0, 0.0, 0.0, 0.0, 0.0, 0.0, 0.0, 0.0, 0.0, 0.0, 0.0, 0.0, 0.0, 0.0, 0.0, 0.0, 0.0, 0.0, 0.0, 0.0, 0.0, 0.0, 0.0, 0.0, 0.0, 0.0, 0.0, 0.0, 0.0, 0.0, 0.0, 0.0, 0.0, 0.0, 0.0, 0.0, 0.0, 0.0, 0.0, 0.0, 0.0, 0.0, 0.0, 0.0, 0.0, 0.0, 0.0, 0.0, 0.0, 0.0, 0.0, 0.0, 0.0, 0.0, 0.0, 0.0, 0.0, 0.0, 0.0, 0.0, 0.0, 0.0, 0.0, 0.0, 0.0, 0.0, 0.0, 0.0, 0.0, 0.0, 0.0, 0.0, 0.0, 0.0, 0.0, 0.0, 0.0, 0.0, 0.0, 0.0, 0.0, 0.0, 0.0, 0.0, 0.0, 0.0, 0.0, 0.0, 0.0, 0.0, 0.0, 0.0, 0.0, 0.0, 0.0, 0.0, 0.0, 0.0, 0.0, 0.0, 0.0, 0.0, 0.0, 0.0], "relevance": 0.4374364710848808, "url": "http://murugan.org/temples/valliyur.htm",