{"passages": [{"logits_end": [0.0003289344604127109, 3.296295471955091e-05, 0.000638491241261363, 6.891415250720456e-05, 4.2983025196008384e-05, 0.00013835106801707298, 0.001164591289125383, 0.00030199147295206785, 0.005256244912743568, 0.0049667079001665115, 0.0007968177669681609, 0.0239916630089283, 0.0365295447409153, 0.002811531303450465, 0.0010261709103360772, 0.021109746769070625, 0.014333286322653294, 0.0005388228455558419, 0.009970358572900295, 0.27587008476257324, 0.5025225281715393, 0.0021851607598364353, 6.17254336248152e-05, 3.0850813345750794e-05, 1.7716958609526046e-05, 2.2406868083635345e-05, 9.167044481728226e-05, 6.761411350453272e-05, 0.00010907084651989862, 6.404946179827675e-05, 0.0015026441542431712, 0.02627638727426529, 0.05690110847353935, 1.903057454910595e-05, 7.16719587217085e-05, 2.2037613234715536e-05, 0.00020385970128700137, 0.00023638049606233835, 0.0007065185927785933, 0.001938815345056355, 0.00017201935406774282, 1.4724451830261387e-05, 8.958256330515724e-06, 1.2745333151542582e-05, 1.2957269973412622e-05, 4.318157152738422e-06, 1.5217579857562669e-05, 0.0002955494564957917, 1.1722720955731347e-05, 9.089202649192885e-05, 3.6464730328589212e-06, 8.851660822983831e-06, 0.0002925293811131269, 0.003934825770556927, 1.9875660655088723e-06, 7.0685960054106545e-06, 2.936112878160202e-06, 2.7627982035483e-06, 1.5623601257175324e-06, 5.459331805468537e-05, 2.4254566142190015e-06, 3.0919898108550115e-06, 1.9410159438848495e-05, 2.102842472595512e-06, 0.00015729464939795434, 3.5126900002069306e-06, 7.879563781898469e-05, 4.815121428691782e-06, 6.156810559332371e-05, 0.0002087591856252402, 0.0015388615429401398, 0.0, 0.0, 0.0, 0.0, 0.0, 0.0, 0.0, 0.0, 0.0, 0.0, 0.0, 0.0, 0.0, 0.0, 0.0, 0.0, 0.0, 0.0, 0.0, 0.0, 0.0, 0.0, 0.0, 0.0, 0.0, 0.0, 0.0, 0.0, 0.0, 0.0, 0.0, 0.0, 0.0, 0.0, 0.0, 0.0, 0.0, 0.0, 0.0, 0.0, 0.0, 0.0, 0.0, 0.0, 0.0, 0.0, 0.0, 0.0, 0.0, 0.0, 0.0, 0.0, 0.0, 0.0, 0.0, 0.0, 0.0, 0.0, 0.0, 0.0, 0.0, 0.0, 0.0, 0.0, 0.0, 0.0, 0.0, 0.0, 0.0, 0.0, 0.0, 0.0, 0.0, 0.0, 0.0, 0.0, 0.0, 0.0, 0.0, 0.0, 0.0, 0.0, 0.0, 0.0, 0.0, 0.0, 0.0, 0.0, 0.0, 0.0, 0.0, 0.0, 0.0, 0.0, 0.0, 0.0, 0.0, 0.0, 0.0, 0.0, 0.0, 0.0, 0.0, 0.0, 0.0, 0.0, 0.0, 0.0, 0.0, 0.0, 0.0, 0.0, 0.0, 0.0, 0.0, 0.0, 0.0, 0.0, 0.0, 0.0, 0.0, 0.0], "end_index": 20, "logits_start": [0.14794476330280304, 0.00933128222823143, 0.01503385603427887, 0.0048844837583601475, 0.005779765080660582, 0.009285634383559227, 0.02377564087510109, 0.06872738897800446, 0.12227019667625427, 0.04026178643107414, 0.05883155018091202, 0.23076480627059937, 0.009800650179386139, 0.028217986226081848, 0.012509462423622608, 0.06366592645645142, 0.0033499428536742926, 0.0021664064843207598, 0.05194290727376938, 0.003894559107720852, 4.9150679842568934e-05, 0.00940759852528572, 0.00026153851649723947, 0.0002623173641040921, 0.00033123642788268626, 0.0004065137472935021, 0.0009028958156704903, 0.0007600655080750585, 0.0019069478148594499, 0.0043355608358979225, 0.05639155954122543, 0.0015240749344229698, 2.9761311452602968e-05, 0.003449516138061881, 0.0003619717317633331, 0.00023501737450715154, 0.0012499212753027678, 0.0017277831211686134, 0.000748847087379545, 0.00012931991659570485, 2.558316737122368e-05, 2.467127524141688e-05, 2.18006443901686e-05, 2.5158880816888995e-05, 7.489496056223288e-05, 3.8459642382804304e-05, 0.00013369818043429404, 9.127881639869884e-05, 3.6321346215117956e-06, 3.8556812796741724e-05, 3.924390966858482e-06, 1.6838956071296707e-05, 2.052043600997422e-05, 1.1507052022352582e-06, 0.00027466658502817154, 3.0400471587199718e-05, 2.2025147700333036e-05, 2.245355790364556e-05, 2.4869968910934404e-05, 0.00014811470464337617, 2.741596836131066e-05, 5.513430733117275e-05, 0.0001345917844446376, 3.517967343213968e-05, 0.0004623988061212003, 8.743770194996614e-06, 0.0002802521048579365, 0.00012876623077318072, 0.0008798623457551003, 3.343325079185888e-05, 9.60847955866484e-07, 0.0, 0.0, 0.0, 0.0, 0.0, 0.0, 0.0, 0.0, 0.0, 0.0, 0.0, 0.0, 0.0, 0.0, 0.0, 0.0, 0.0, 0.0, 0.0, 0.0, 0.0, 0.0, 0.0, 0.0, 0.0, 0.0, 0.0, 0.0, 0.0, 0.0, 0.0, 0.0, 0.0, 0.0, 0.0, 0.0, 0.0, 0.0, 0.0, 0.0, 0.0, 0.0, 0.0, 0.0, 0.0, 0.0, 0.0, 0.0, 0.0, 0.0, 0.0, 0.0, 0.0, 0.0, 0.0, 0.0, 0.0, 0.0, 0.0, 0.0, 0.0, 0.0, 0.0, 0.0, 0.0, 0.0, 0.0, 0.0, 0.0, 0.0, 0.0, 0.0, 0.0, 0.0, 0.0, 0.0, 0.0, 0.0, 0.0, 0.0, 0.0, 0.0, 0.0, 0.0, 0.0, 0.0, 0.0, 0.0, 0.0, 0.0, 0.0, 0.0, 0.0, 0.0, 0.0, 0.0, 0.0, 0.0, 0.0, 0.0, 0.0, 0.0, 0.0, 0.0, 0.0, 0.0, 0.0, 0.0, 0.0, 0.0, 0.0, 0.0, 0.0, 0.0, 0.0, 0.0, 0.0, 0.0, 0.0, 0.0, 0.0, 0.0], "start_index": 11, "relevance": 0.49788805550802867, "tokens": ["valliyur", "or", "vallioor", "is", "a", "panchayat", "union", "in", "radhapuram", "taluk", "in", "tirunelveli", "district", "in", "the", "indian", "state", "of", "tamil", "nadu", ".", "valliyur", "is", "one", "of", "the", "fastest", "growing", "towns", "in", "tirunelveli", "district", ".", "this", "town", "is", "located", "along", "nh", "7.", "it", "gets", "its", "name", "from", "the", "goddess", "valli", ",", "consort", "of", "lord", "murugan", ".", "its", "in", "a", "place", "that", "connects", "two", "big", "towns", "as", "tirunelveli", "and", "nagercoil", "in", "nh", "7", "."], "url": "http://wikimapia.org/1905411/Vallioor", "selected": true}, {"logits_end": [0.00041800946928560734, 0.0020663368050009012, 5.3218671382637694e-05, 0.00026020436780527234, 0.00027084661996923387, 0.0003262844402343035, 0.001856015296652913, 0.004081588704138994, 2.1156511138542555e-05, 9.322983532911167e-05, 0.0002484743599779904, 0.0006893582176417112, 9.358169336337596e-05, 0.0008161597652360797, 0.0012181939091533422, 0.06611388921737671, 0.001713501289486885, 0.0032756321597844362, 0.12268660217523575, 0.0032180831767618656, 0.0005426115239970386, 0.0007082929951138794, 0.0005397110944613814, 0.01888507604598999, 0.00033727585105225444, 0.07027143239974976, 0.4677771329879761, 0.000766803277656436, 5.20833746122662e-05, 0.00024866219609975815, 0.00014697607548441738, 8.802101365290582e-05, 0.0009381701820529997, 0.014628487639129162, 0.000803651986643672, 0.0002510997001081705, 9.332662011729553e-05, 0.00021013354125898331, 0.00019731363863684237, 0.00016435992438346148, 0.00011575010285014287, 0.00535502890124917, 0.00015473912935703993, 0.00021937656856607646, 0.0008205238846130669, 0.00011132874351460487, 0.014038179069757462, 0.13615863025188446, 1.4916716281732079e-05, 6.820560520282015e-05, 5.1617767894640565e-05, 7.493599696317688e-05, 9.978334674087819e-06, 6.784348079236224e-05, 6.915750418556854e-05, 0.00015695855836383998, 0.001073002815246582, 4.5525943278335035e-05, 4.7867968532955274e-05, 0.00048087551840581, 0.000696913746651262, 0.006226885598152876, 0.04677079617977142, 0.0, 0.0, 0.0, 0.0, 0.0, 0.0, 0.0, 0.0, 0.0, 0.0, 0.0, 0.0, 0.0, 0.0, 0.0, 0.0, 0.0, 0.0, 0.0, 0.0, 0.0, 0.0, 0.0, 0.0, 0.0, 0.0, 0.0, 0.0, 0.0, 0.0, 0.0, 0.0, 0.0, 0.0, 0.0, 0.0, 0.0, 0.0, 0.0, 0.0, 0.0, 0.0, 0.0, 0.0, 0.0, 0.0, 0.0, 0.0, 0.0, 0.0, 0.0, 0.0, 0.0, 0.0, 0.0, 0.0, 0.0, 0.0, 0.0, 0.0, 0.0, 0.0, 0.0, 0.0, 0.0, 0.0, 0.0, 0.0, 0.0, 0.0, 0.0, 0.0, 0.0, 0.0, 0.0, 0.0, 0.0, 0.0, 0.0, 0.0, 0.0, 0.0, 0.0, 0.0, 0.0, 0.0, 0.0, 0.0, 0.0, 0.0, 0.0, 0.0, 0.0, 0.0, 0.0, 0.0, 0.0, 0.0, 0.0, 0.0, 0.0, 0.0, 0.0, 0.0, 0.0, 0.0, 0.0, 0.0, 0.0, 0.0, 0.0, 0.0, 0.0, 0.0, 0.0, 0.0, 0.0, 0.0, 0.0, 0.0, 0.0, 0.0, 0.0, 0.0, 0.0, 0.0, 0.0, 0.0, 0.0, 0.0], "relevance": 0.42742012888290204, "tokens": ["saravanapoikai", "tank", ",", "valliyur", "subramaniyar", "sw훮mi", "kovil", ".", "this", "ancient", "murugan", "temple", "is", "located", "at", "valliyur", ",", "near", "nanguneri", ",", "not", "far", "from", "tirunelveli", "and", "kanyakumari", ".", "valliyoor", "is", "located", "on", "the", "kashi-kanyakumari", "highway", ",", "it", "is", "at", "30", "milestones", "from", "tirunelveli", "and", "60", "kms", "from", "tiruchendur", ".", "the", "valliyoor", "murugan", "temple", "is", "located", "in", "close", "proximity", "to", "the", "valliyoor", "railway", "station", "."],