{"passages": [{"logits_start": [0.056326426565647125, 0.0029133562929928303, 0.0026763835921883583, 0.010869774967432022, 0.00060955376829952, 0.044231824576854706, 0.0016684826696291566, 0.001147241098806262, 0.2020045816898346, 0.007322364486753941, 0.003748219460248947, 0.0037468646187335253, 0.008849281817674637, 0.043184567242860794, 0.23274755477905273, 0.0021642318461090326, 0.007291823159903288, 0.002384353196248412, 0.0058138989843428135, 0.02928011678159237, 0.004560242872685194, 0.0010918669868260622, 0.002763352356851101, 0.0041339099407196045, 0.002401270205155015, 0.018507247790694237, 0.013594201765954494, 0.22899697721004486, 0.004108240362256765, 0.00017462516552768648, 0.007342360448092222, 0.0004362562031019479, 0.00018316562636755407, 0.0002045912842731923, 0.00023517194495070726, 0.00034661110839806497, 0.00016594603948760778, 0.00018311996245756745, 0.00011151570652145892, 0.007556821219623089, 0.0011914337519556284, 0.00034770433558151126, 0.00023182410222943872, 0.00019615351629909128, 0.00022687575255986303, 0.0003202215884812176, 0.0004709803615696728, 0.0004889307892881334, 0.0021734454203397036, 8.35711689433083e-05, 0.00025491046835668385, 0.00040715353679843247, 0.00018660315254237503, 0.0003163359360769391, 0.0013895644806325436, 6.559354369528592e-05, 0.006076499354094267, 0.00036354459007270634, 0.00031156247132457793, 0.0024815809447318316, 0.0012074183905497193, 0.001690947450697422, 0.0005218119476921856, 0.0009462139569222927, 0.0029169064946472645, 0.0002708378597162664, 0.0006708592991344631, 0.007926221936941147, 0.00016370206139981747, 2.2277887183008716e-05, 0.0, 0.0, 0.0, 0.0, 0.0, 0.0, 0.0, 0.0, 0.0, 0.0, 0.0, 0.0, 0.0, 0.0, 0.0, 0.0, 0.0, 0.0, 0.0, 0.0, 0.0, 0.0, 0.0, 0.0, 0.0, 0.0, 0.0, 0.0, 0.0, 0.0, 0.0, 0.0, 0.0, 0.0, 0.0, 0.0, 0.0, 0.0, 0.0, 0.0, 0.0, 0.0, 0.0, 0.0, 0.0, 0.0, 0.0, 0.0, 0.0, 0.0, 0.0, 0.0, 0.0, 0.0, 0.0, 0.0, 0.0, 0.0, 0.0, 0.0, 0.0, 0.0, 0.0, 0.0, 0.0, 0.0, 0.0, 0.0, 0.0, 0.0, 0.0, 0.0, 0.0, 0.0, 0.0, 0.0, 0.0, 0.0, 0.0, 0.0, 0.0, 0.0, 0.0, 0.0, 0.0, 0.0, 0.0, 0.0, 0.0, 0.0, 0.0, 0.0, 0.0, 0.0, 0.0, 0.0, 0.0, 0.0, 0.0, 0.0, 0.0, 0.0, 0.0, 0.0, 0.0, 0.0, 0.0, 0.0, 0.0, 0.0, 0.0, 0.0, 0.0, 0.0, 0.0, 0.0, 0.0, 0.0, 0.0, 0.0, 0.0, 0.0, 0.0, 0.0, 0.0, 0.0, 0.0, 0.0, 0.0, 0.0, 0.0, 0.0, 0.0, 0.0, 0.0, 0.0, 0.0, 0.0, 0.0, 0.0, 0.0, 0.0, 0.0, 0.0, 0.0, 0.0, 0.0, 0.0, 0.0, 0.0, 0.0, 0.0, 0.0], "logits_end": [0.010639270767569542, 0.0006946941721253097, 0.00018852642097044736, 0.005472591612488031, 0.01313445158302784, 0.0038412048015743494, 0.009356518276035786, 0.03406427800655365, 0.005332143511623144, 0.0017012162134051323, 0.00047460917267017066, 0.00033310119761154056, 0.0005917101516388357, 0.0018703958485275507, 0.11729563027620316, 0.0036184198688715696, 0.009903612546622753, 0.002072467003017664, 0.0015430767089128494, 0.009878446348011494, 0.04418844357132912, 0.0023927907459437847, 0.000521353620570153, 0.0016959410859271884, 0.00023480085656046867, 0.0011971555650234222, 0.0006221365765668452, 0.027740003541111946, 0.22429847717285156, 0.33330410718917847, 0.0007132869213819504, 0.0016266173915937543, 0.00023440214863512665, 0.00015350802277680486, 0.00023366227105725557, 0.0005463080015033484, 0.0003681479429360479, 0.0018833217909559608, 0.03607306629419327, 8.357388287549838e-05, 0.002697814954444766, 0.0018167207017540932, 0.0006421118741855025, 0.00015708385035395622, 6.862370355520397e-05, 7.693666702834889e-05, 0.00014450900198426098, 9.215081081492826e-05, 0.0024908247869461775, 0.00011152981460327283, 8.028143929550424e-05, 0.0003350711485836655, 3.817401375272311e-05, 9.548779780743644e-05, 0.0031846242491155863, 0.03451130539178848, 4.358611477073282e-05, 6.003353701089509e-05, 4.0310798794962466e-05, 0.00030638149473816156, 0.00011705240467563272, 0.0003837009135168046, 3.472834941931069e-05, 9.904778562486172e-05, 0.0011854269541800022, 8.321591303683817e-05, 6.273923645494506e-05, 0.0016436463920399547, 0.006220235954970121, 0.033059246838092804, 0.0, 0.0, 0.0, 0.0, 0.0, 0.0, 0.0, 0.0, 0.0, 0.0, 0.0, 0.0, 0.0, 0.0, 0.0, 0.0, 0.0, 0.0, 0.0, 0.0, 0.0, 0.0, 0.0, 0.0, 0.0, 0.0, 0.0, 0.0, 0.0, 0.0, 0.0, 0.0, 0.0, 0.0, 0.0, 0.0, 0.0, 0.0, 0.0, 0.0, 0.0, 0.0, 0.0, 0.0, 0.0, 0.0, 0.0, 0.0, 0.0, 0.0, 0.0, 0.0, 0.0, 0.0, 0.0, 0.0, 0.0, 0.0, 0.0, 0.0, 0.0, 0.0, 0.0, 0.0, 0.0, 0.0, 0.0, 0.0, 0.0, 0.0, 0.0, 0.0, 0.0, 0.0, 0.0, 0.0, 0.0, 0.0, 0.0, 0.0, 0.0, 0.0, 0.0, 0.0, 0.0, 0.0, 0.0, 0.0, 0.0, 0.0, 0.0, 0.0, 0.0, 0.0, 0.0, 0.0, 0.0, 0.0, 0.0, 0.0, 0.0, 0.0, 0.0, 0.0, 0.0, 0.0, 0.0, 0.0, 0.0, 0.0, 0.0, 0.0, 0.0, 0.0, 0.0, 0.0, 0.0, 0.0, 0.0, 0.0, 0.0, 0.0, 0.0, 0.0, 0.0, 0.0, 0.0, 0.0, 0.0, 0.0, 0.0, 0.0, 0.0, 0.0, 0.0, 0.0, 0.0, 0.0, 0.0, 0.0, 0.0, 0.0, 0.0, 0.0, 0.0, 0.0, 0.0, 0.0, 0.0, 0.0, 0.0, 0.0, 0.0], "tokens": ["african", "masks", "-", "biombo", ".", "biombo", "mask", ".", "biombo", "masks", "are", "usually", "carved", "from", "wood", "and", "colored", "with", "red", "tukula", "powder", ",", "a", "dye", "made", "from", "the", "camwood", "tree", ".", "the", "eyes", "are", "a", "typical", "coffee", "bean", "shape", ".", "a", "triangular", "checkerboard", "design", "is", "used", "to", "decorate", "the", "eyebrows", "and", "the", "planes", "of", "the", "face", ".", "the", "three", "forms", "at", "the", "back", "of", "the", "head", "represent", "the", "biombo", "hairstyle", "."], "relevance": 0.4755186451921992, "selected": true, "end_index": 29, "start_index": 14,