{"passages": [{"logits_end": [0.0009767862502485514, 0.015887867659330368, 0.023482630029320717, 0.0007498427294194698, 0.009245622903108597, 0.015466371551156044, 0.0033219787292182446, 0.005393531173467636, 0.0008061323314905167, 0.0007054295274429023, 0.0008232152904383838, 0.002902018139138818, 0.12433226406574249, 0.0030614244751632214, 0.012058953754603863, 0.001212285365909338, 0.003390663303434849, 0.01670851558446884, 0.09025757014751434, 0.0046599130146205425, 0.0010121319210156798, 0.0038487848360091448, 0.0007980740629136562, 0.0013808307703584433, 0.0005101046408526599, 0.009161891415715218, 0.07915414124727249, 0.4945336878299713, 0.00016776940901763737, 0.001474756863899529, 0.00018944860494229943, 0.00012460004654712975, 0.00011875278141815215, 0.0003334231732878834, 0.000404364982387051, 0.0028525099623948336, 0.017249858006834984, 4.584960333886556e-05, 0.00029820340569131076, 0.0013089909916743636, 0.0008292019483633339, 0.00013781976304017007, 7.493558950955048e-05, 5.323965160641819e-05, 0.00028967755497433245, 7.244563312269747e-05, 0.00529049476608634, 0.00022289664775598794, 5.544761006603949e-05, 0.0005188194336369634, 4.8857080400921404e-05, 7.259162521222606e-05, 0.004595060832798481, 0.01614558696746826, 2.5442308469791897e-05, 2.564053465903271e-05, 6.227778067113832e-05, 0.0001312362728640437, 6.365057924995199e-05, 0.0014565109740942717, 7.074738823575899e-05, 0.00017400496290065348, 0.0005199525039643049, 0.00018732852186076343, 3.248871144023724e-05, 0.0009009077912196517, 0.002052467782050371, 0.015479050576686859, 0.0, 0.0, 0.0, 0.0, 0.0, 0.0, 0.0, 0.0, 0.0, 0.0, 0.0, 0.0, 0.0, 0.0, 0.0, 0.0, 0.0, 0.0, 0.0, 0.0, 0.0, 0.0, 0.0, 0.0, 0.0, 0.0, 0.0, 0.0, 0.0, 0.0, 0.0, 0.0, 0.0, 0.0, 0.0, 0.0, 0.0, 0.0, 0.0, 0.0, 0.0, 0.0, 0.0, 0.0, 0.0, 0.0, 0.0, 0.0, 0.0, 0.0, 0.0, 0.0, 0.0, 0.0, 0.0, 0.0, 0.0, 0.0, 0.0, 0.0, 0.0, 0.0, 0.0, 0.0, 0.0, 0.0, 0.0, 0.0, 0.0, 0.0, 0.0, 0.0, 0.0, 0.0, 0.0, 0.0, 0.0, 0.0, 0.0, 0.0, 0.0, 0.0, 0.0, 0.0, 0.0, 0.0, 0.0, 0.0, 0.0, 0.0, 0.0, 0.0, 0.0, 0.0, 0.0, 0.0, 0.0, 0.0, 0.0, 0.0, 0.0, 0.0, 0.0, 0.0, 0.0, 0.0, 0.0, 0.0, 0.0, 0.0, 0.0, 0.0, 0.0, 0.0, 0.0, 0.0, 0.0, 0.0, 0.0, 0.0, 0.0, 0.0, 0.0, 0.0, 0.0], "end_index": 27, "logits_start": [0.06368298083543777, 0.007910307496786118, 0.0005706033552996814, 0.07302405685186386, 0.0032671529334038496, 0.0057123275473713875, 0.3175080716609955, 0.01612793654203415, 0.007942797616124153, 0.008270696736872196, 0.013144080527126789, 0.06849214434623718, 0.19456182420253754, 0.0034139417111873627, 0.014655833132565022, 0.0036437837406992912, 0.027135096490383148, 0.022905688732862473, 0.007256596349179745, 0.0007243678555823863, 0.002745559439063072, 0.004104353487491608, 0.0018625344382598996, 0.011125197634100914, 0.007351197302341461, 0.05647839978337288, 0.004806270357221365, 0.0001173300770460628, 0.009664724580943584, 0.0010598484659567475, 0.00034676273935474455, 0.00042177963769063354, 0.0004987255670130253, 0.0013489072443917394, 0.0007665569428354502, 0.000479971116874367, 0.0001017796530504711, 0.0079026585444808, 0.0009349049651063979, 0.0007798832375556231, 0.00047178237582556903, 0.0003726872382685542, 0.0005324807716533542, 0.0007665974553674459, 0.0026549973990768194, 0.000723776058293879, 0.005599686410278082, 0.00010123966058017686, 0.0002533507940825075, 0.0011936549562960863, 0.00014772129361517727, 0.0003361050330568105, 0.002204291522502899, 2.464247154421173e-05, 0.0020057347137480974, 0.0001647426834097132, 0.00025325489696115255, 0.0011199895525351167, 0.000803423288743943, 0.002553522353991866, 0.00020973425125703216, 0.0006742494297213852, 0.0006524635246023536, 0.0002572789089754224, 0.00018897949485108256, 0.0026889978908002377, 0.0001781128376023844, 1.882044853118714e-05, 0.0, 0.0, 0.0, 0.0, 0.0, 0.0, 0.0, 0.0, 0.0, 0.0, 0.0, 0.0, 0.0, 0.0, 0.0, 0.0, 0.0, 0.0, 0.0, 0.0, 0.0, 0.0, 0.0, 0.0, 0.0, 0.0, 0.0, 0.0, 0.0, 0.0, 0.0, 0.0, 0.0, 0.0, 0.0, 0.0, 0.0, 0.0, 0.0, 0.0, 0.0, 0.0, 0.0, 0.0, 0.0, 0.0, 0.0, 0.0, 0.0, 0.0, 0.0, 0.0, 0.0, 0.0, 0.0, 0.0, 0.0, 0.0, 0.0, 0.0, 0.0, 0.0, 0.0, 0.0, 0.0, 0.0, 0.0, 0.0, 0.0, 0.0, 0.0, 0.0, 0.0, 0.0, 0.0, 0.0, 0.0, 0.0, 0.0, 0.0, 0.0, 0.0, 0.0, 0.0, 0.0, 0.0, 0.0, 0.0, 0.0, 0.0, 0.0, 0.0, 0.0, 0.0, 0.0, 0.0, 0.0, 0.0, 0.0, 0.0, 0.0, 0.0, 0.0, 0.0, 0.0, 0.0, 0.0, 0.0, 0.0, 0.0, 0.0, 0.0, 0.0, 0.0, 0.0, 0.0, 0.0, 0.0, 0.0, 0.0, 0.0, 0.0, 0.0, 0.0, 0.0], "start_index": 6, "relevance": 0.4755186451921992, "tokens": ["african", "masks-biombo", ".", "biombo", "mask", ".", "biombo", "masks", "are", "usually", "carved", "from", "wood", "and", "colored", "with", "red", "tukula", "powder", ",", "a", "dye", "made", "from", "the", "camwood", "tree", ".", "the", "eyes", "are", "a", "typical", "coffee", "bean", "shape", ".", "a", "triangular", "checkerboard", "design", "is", "used", "to", "decorate", "the", "eyebrows", "and", "the", "planes", "of", "the", "face", ".", "the", "three", "forms", "at", "the", "back", "of", "the", "head", "represent", "the", "biombo", "hairstyle", "."], "url": "http://www.artyfactory.com/africanmasks/masks/biombo.htm",