{"passages": [{"tokens": ["award-winning", "floorplans", "designed", "to", "fit", "your", "life", ".", "glastar", "award", "winning", "best", "2-bedroom", "floor", "plan", "2005", ",", "2006", ",", "2007", ",", "2008", ",", "2010", "&", "2011.", "regency", "park", "offers", "1", ",", "2", "&", "3", "bedroom", "apartments", ",", "and", "also", "2", "bedroom", "townhouses", "which", "offer", "3", "floors", "of", "living", "space", "and", "natural", "fireplaces", ".", "regency", "park", "apartments", ".", "2518", "normandy", "drive", ",", "grand", "rapids", ",", "mi", "49506", "located", "minutes", "from", "east", "grand", "rapids", "call", "us", "now", "to", "schedule", "a", "tour", "!", "(", "888", ")", "874-6898", "."], "relevance": 0.5687753519884459, "logits_end": [0.00036206759978085756, 0.00013188643788453192, 3.451179509283975e-05, 2.51212804869283e-05, 2.492699604772497e-05, 2.938748730230145e-05, 5.88102666370105e-05, 0.0002704854414332658, 6.12503572483547e-05, 1.696970866760239e-05, 1.752732896420639e-05, 5.161490207683528e-06, 4.127638749196194e-05, 2.2369978978531435e-05, 5.0132734031649306e-05, 0.002179967239499092, 4.997602081857622e-05, 0.014669125899672508, 0.00017811829457059503, 0.06062556058168411, 0.000496710475999862, 0.15974406898021698, 0.0013700876152142882, 0.19160957634449005, 0.029726577922701836, 0.027029259130358696, 0.07133868336677551, 0.07317833602428436, 0.005331594031304121, 0.07307815551757812, 0.002118368400260806, 0.012606654316186905, 0.019551800563931465, 0.01059046108275652, 0.0011992049403488636, 0.007395235355943441, 0.0012063476024195552, 0.00047250220086425543, 0.0008055827347561717, 0.00402534194290638, 0.0016850910615175962, 0.0008456537034362555, 0.00020159303676337004, 0.00012489448999986053, 0.000585288624279201, 0.00010504890815354884, 4.500298746279441e-05, 6.718412623740733e-05, 0.0007736393599770963, 0.00011753402941394597, 0.0005335831665433943, 0.0064438204281032085, 0.025479011237621307, 0.0016835499554872513, 0.0014767124084755778, 0.013391210697591305, 0.01700047217309475, 0.0006610876298509538, 0.0010629759635776281, 0.004462582059204578, 0.0003797498357016593, 0.000273210956947878, 0.012888390570878983, 0.0007497969781979918, 0.0010071038268506527, 0.0017910702154040337, 0.0023578517138957977, 0.0009693973697721958, 0.00018855268717743456, 0.005510234273970127, 0.009265332482755184, 0.057516634464263916, 0.013363712467253208, 0.009551385417580605, 0.0005533004878088832, 8.042508852668107e-05, 0.0003370270715095103, 5.986242831568234e-05, 0.0011215480044484138, 0.0012298686197027564, 0.00019178570073563606, 0.0003079431189689785, 0.0008031402830965817, 0.0009317865478806198, 0.030095843598246574, 0.0, 0.0, 0.0, 0.0, 0.0, 0.0, 0.0, 0.0, 0.0, 0.0, 0.0, 0.0, 0.0, 0.0, 0.0, 0.0, 0.0, 0.0, 0.0, 0.0, 0.0, 0.0, 0.0, 0.0, 0.0, 0.0, 0.0, 0.0, 0.0, 0.0, 0.0, 0.0, 0.0, 0.0, 0.0, 0.0, 0.0, 0.0, 0.0, 0.0, 0.0, 0.0, 0.0, 0.0, 0.0, 0.0, 0.0, 0.0, 0.0, 0.0, 0.0, 0.0, 0.0, 0.0, 0.0, 0.0, 0.0, 0.0, 0.0, 0.0, 0.0, 0.0, 0.0, 0.0, 0.0, 0.0, 0.0, 0.0, 0.0, 0.0, 0.0, 0.0, 0.0, 0.0, 0.0, 0.0, 0.0, 0.0, 0.0, 0.0, 0.0, 0.0, 0.0, 0.0, 0.0, 0.0, 0.0, 0.0, 0.0, 0.0, 0.0, 0.0, 0.0, 0.0, 0.0, 0.0, 0.0, 0.0, 0.0, 0.0, 0.0, 0.0, 0.0, 0.0, 0.0, 0.0, 0.0, 0.0], "logits_start": [0.0008544102311134338, 0.0001284665340790525, 2.985229184560012e-05, 1.655985579418484e-05, 1.2445128959370777e-05, 1.1824045031971764e-05, 1.5790377801749855e-05, 5.8277524658478796e-05, 0.0015417874092236161, 0.00019853880803566426, 0.000544979062397033, 0.00036079291021451354, 0.0010025399969890714, 0.0006640697829425335, 0.0020523685961961746, 0.012852073647081852, 0.0014987146714702249, 0.09618733078241348, 0.0036436987575143576, 0.23457437753677368, 0.005267513450235128, 0.25420239567756653, 0.003787839086726308, 0.1541297286748886, 0.008139335550367832, 0.021003196015954018, 0.016489477828145027, 0.007554324809461832, 0.0025211668107658625, 0.00520902406424284, 0.00011722842464223504, 0.002859445521607995, 0.0003033973916899413, 6.832019425928593e-05, 0.0011853682808578014, 0.0002617859572637826, 3.538278542691842e-05, 0.00011128099140478298, 0.00015028273628558964, 0.0001996291830437258, 0.00023464372497983277, 0.00013571979070547968, 8.200417505577207e-05, 0.00018504986655898392, 0.0003573807480279356, 0.00021229227422736585, 0.00023445850820280612, 0.00046849058708176017, 0.0005534675437957048, 6.109068635851145e-05, 0.0009505128837190568, 0.0006117201992310584, 5.8704859839053825e-05, 0.021870991215109825, 0.003026265650987625, 0.002461582887917757, 0.0007643006392754614, 0.018348870798945427, 0.007321728393435478, 0.0021921182051301003, 0.00021060083236079663, 0.009362184442579746, 0.008470670320093632, 0.00013327535998541862, 0.004801412578672171, 0.004408801905810833, 0.004726773127913475, 0.004548559430986643, 0.009572396986186504, 0.049675509333610535, 0.0019993060268461704, 0.001609534490853548, 8.52745070005767e-05, 0.00013055095041636378, 1.4623278730141465e-05, 2.1225550881354138e-05, 4.153748523094691e-05, 1.1622614692896605e-05, 7.83217983553186e-05, 9.726963980938308e-06, 6.200099505804246e-06, 3.39882135449443e-05, 5.149306616658578e-06, 6.0521528212120757e-05, 5.708423486794345e-06, 0.0, 0.0, 0.0, 0.0, 0.0, 0.0, 0.0, 0.0, 0.0, 0.0, 0.0, 0.0, 0.0, 0.0, 0.0, 0.0, 0.0, 0.0, 0.0, 0.0, 0.0, 0.0, 0.0, 0.0, 0.0, 0.0, 0.0, 0.0, 0.0, 0.0, 0.0, 0.0, 0.0, 0.0, 0.0, 0.0, 0.0, 0.0, 0.0, 0.0, 0.0, 0.0, 0.0, 0.0, 0.0, 0.0, 0.0, 0.0, 0.0, 0.0, 0.0, 0.0, 0.0, 0.0, 0.0, 0.0, 0.0, 0.0, 0.0, 0.0, 0.0, 0.0, 0.0, 0.0, 0.0, 0.0, 0.0, 0.0, 0.0, 0.0, 0.0, 0.0, 0.0, 0.0, 0.0, 0.0, 0.0, 0.0, 0.0, 0.0, 0.0, 0.0, 0.0, 0.0, 0.0, 0.0, 0.0, 0.0, 0.0, 0.0, 0.0, 0.0, 0.0, 0.0, 0.0, 0.0, 0.0, 0.0, 0.0, 0.0, 0.0, 0.0, 0.0, 0.0, 0.0, 0.0, 0.0, 0.0], "url": "http://www.regencypark-apts.com/"}, {"end_index": 0, "start_index": 0, "selected": true, "logits_start": [0.7447887063026428, 0.032684434205293655, 0.008131520822644234, 0.01054255198687315, 0.00803384743630886, 0.002319280756637454, 0.018325207754969597, 0.01464705727994442, 0.013946049846708775, 0.007341128773987293, 0.0057603297755122185, 0.0018652310827746987, 0.001803040155209601, 0.002011276315897703, 0.0009224783862009645, 0.004392168950289488, 0.00260556791909039, 0.014561331830918789, 0.003555443836376071, 0.004479537717998028, 0.0006857840926386416, 0.01954301819205284, 0.0014148938935250044, 0.03730469569563866, 0.005470024887472391, 0.0010988267604261637, 0.00042223508353345096, 0.0003138887695968151, 0.00022632569016423076, 8.554709347663447e-05, 0.0001927690173033625, 0.00020352313003968447, 0.0004102946841157973, 0.00011253052798565477, 0.00029318343149498105, 0.0008568933699280024, 0.0007032082066871226, 0.00021753845794592053, 0.0014771081041544676, 0.004341159947216511, 0.0007027134415693581, 0.02105487324297428, 0.00015279461513273418, 0.0, 0.0, 0.0, 0.0, 0.0, 0.0, 0.0, 0.0, 0.0, 0.0, 0.0, 0.0, 0.0, 0.0, 0.0, 0.0, 0.0, 0.0, 0.0, 0.0, 0.0, 0.0, 0.0, 0.0, 0.0, 0.0, 0.0, 0.0, 0.0, 0.0, 0.0, 0.0, 0.0, 0.0, 0.0, 0.0, 0.0, 0.0, 0.0, 0.0, 0.0, 0.0, 0.0, 0.0, 0.0, 0.0, 0.0, 0.0, 0.0, 0.0, 0.0, 0.0, 0.0, 0.0, 0.0, 0.0, 0.0, 0.0, 0.0, 0.0, 0.0, 0.0, 0.0, 0.0, 0.0, 0.0, 0.0, 0.0, 0.0, 0.0, 0.0, 0.0, 0.0, 0.0, 0.0, 0.0, 0.0, 0.0, 0.0, 0.0, 0.0, 0.0, 0.0, 0.0, 0.0, 0.0, 0.0, 0.0, 0.0, 0.0, 0.0, 0.0, 0.0, 0.0, 0.0, 0.0, 0.0, 0.0, 0.0, 0.0, 0.0, 0.0, 0.0, 0.0, 0.0, 0.0, 0.0, 0.0, 0.0, 0.0, 0.0, 0.0, 0.0, 0.0, 0.0, 0.0, 0.0, 0.0, 0.0, 0.0, 0.0, 0.0, 0.0, 0.0, 0.0, 0.0, 0.0, 0.0, 0.0, 0.0, 0.0, 0.0, 0.0, 0.0, 0.0, 0.0, 0.0, 0.0, 0.0, 0.0, 0.0, 0.0, 0.0, 0.0, 0.0, 0.0, 0.0, 0.0, 0.0, 0.0], "url": "http://www.stbasils.com.au/", "tokens": ["st", "basil", "'s", "provides", "contemporary", "and", "expertly", "serviced", "facilities", "to", "ensure", "that", "our", "residents", "can", "live", "well", "at", "any", "age", ".", "come", "and", "visit", "st", "basil", "'s", "and", "experience", "an", "approach", "to", "aged", "care", "that", "combines", "care", ",", "with", "dignity", "and", "independence", "."],