{"query_id": 7019, "passages": [{"relevance": 0.5687753519884459, "logits_start": [0.011596777476370335, 0.0007812554249539971, 0.00010825127537827939, 0.00012027322372887284, 0.00012929017248097807, 0.00012304184201639146, 0.0001817240845412016, 0.0002235002611996606, 0.012927819043397903, 0.0004949623835273087, 0.00190634373575449, 0.00043777344399131835, 0.0015838471008464694, 0.0008721646154299378, 0.0013508929405361414, 0.022996699437499046, 0.0018250190187245607, 0.162131667137146, 0.0016341425944119692, 0.18022675812244415, 0.0018707417184486985, 0.19320057332515717, 0.0014085684670135379, 0.12228638678789139, 0.00244265072979033, 0.04337887465953827, 0.01769133098423481, 0.006506702397018671, 0.005904188379645348, 0.007843786850571632, 0.00019029044779017568, 0.006008201278746128, 0.0019484123913571239, 0.0002935201919171959, 0.0037474376149475574, 0.002488358411937952, 0.00013332668459042907, 0.00045442720875144005, 0.0006777623202651739, 0.0013339148135855794, 0.002542980946600437, 0.0018730818992480636, 0.0005710945697501302, 0.0009734840714372694, 0.000980566954240203, 0.0012040394358336926, 0.0006450252258218825, 0.0017113584326580167, 0.0007248797919601202, 0.00012996119039598852, 0.00134996825363487, 0.0017265286296606064, 0.00017978603136725724, 0.07832928001880646, 0.0024650192353874445, 0.00451829144731164, 0.0005939817638136446, 0.0041749970987439156, 0.0014064476126804948, 0.00045931540080346167, 0.00011303828796371818, 0.0028312501963227987, 0.011461731046438217, 3.682888564071618e-05, 0.0017651912057772279, 0.002126041566953063, 0.001077755237929523, 0.004000668879598379, 0.0055452194064855576, 0.037762030959129333, 0.0005393112660385668, 0.0031107880640774965, 0.00011429894948378205, 0.000525602197740227, 3.526467116898857e-05, 6.603174551855773e-05, 9.642374061513692e-05, 5.562183287111111e-05, 0.00035687285708263516, 1.2412140677042771e-05, 2.0634832253563218e-05, 0.00011929013999179006, 1.6985393813229166e-05, 0.00017933035269379616, 9.746061550686136e-06, 0.0, 0.0, 0.0, 0.0, 0.0, 0.0, 0.0, 0.0, 0.0, 0.0, 0.0, 0.0, 0.0, 0.0, 0.0, 0.0, 0.0, 0.0, 0.0, 0.0, 0.0, 0.0, 0.0, 0.0, 0.0, 0.0, 0.0, 0.0, 0.0, 0.0, 0.0, 0.0, 0.0, 0.0, 0.0, 0.0, 0.0, 0.0, 0.0, 0.0, 0.0, 0.0, 0.0, 0.0, 0.0, 0.0, 0.0, 0.0, 0.0, 0.0, 0.0, 0.0, 0.0, 0.0, 0.0, 0.0, 0.0, 0.0, 0.0, 0.0, 0.0, 0.0, 0.0, 0.0, 0.0, 0.0, 0.0, 0.0, 0.0, 0.0, 0.0, 0.0, 0.0, 0.0, 0.0, 0.0, 0.0, 0.0, 0.0, 0.0, 0.0, 0.0, 0.0, 0.0, 0.0, 0.0, 0.0, 0.0, 0.0, 0.0, 0.0, 0.0, 0.0, 0.0, 0.0, 0.0, 0.0, 0.0, 0.0, 0.0, 0.0, 0.0, 0.0, 0.0, 0.0, 0.0, 0.0, 0.0], "url": "http://www.regencypark-apts.com/", "tokens": ["award-winning", "floorplans", "designed", "to", "fit", "your", "life", ".", "glastar", "award", "winning", "best", "2-bedroom", "floor", "plan", "2005", ",", "2006", ",", "2007", ",", "2008", ",", "2010", "&", "2011.", "regency", "park", "offers", "1", ",", "2", "&", "3", "bedroom", "apartments", ",", "and", "also", "2", "bedroom", "townhouses", "which", "offer", "3", "floors", "of", "living", "space", "and", "natural", "fireplaces", ".", "regency", "park", "apartments", ".", "2518", "normandy", "drive", ",", "grand", "rapids", ",", "mi", "49506", "located", "minutes", "from", "east", "grand", "rapids", "call", "us", "now", "to", "schedule", "a", "tour", "!", "(", "888", ")", "874-6898", "."], "logits_end": [0.0002311212883796543, 0.0003470600349828601, 4.4538730435306206e-05, 7.346350230363896e-06, 6.64533581584692e-06, 4.523081315710442e-06, 4.8491416237084195e-05, 0.0004800403257831931, 8.809388236841187e-05, 2.961248355859425e-05, 0.00011029665620299056, 1.3162923096388113e-05, 0.00012607788085006177, 9.690494334790856e-05, 7.566783460788429e-05, 0.005406034644693136, 4.660772901843302e-05, 0.06369868665933609, 0.00012489795335568488, 0.11354111135005951, 0.00016651694022584707, 0.24753275513648987, 0.0003423049347475171, 0.2059648483991623, 0.010959304869174957, 0.005006727296859026, 0.049843303859233856, 0.03910162299871445, 0.007513485383242369, 0.04158320277929306, 0.001657482935115695, 0.0027234444860368967, 0.01673346385359764, 0.007559773977845907, 0.0013184263370931149, 0.0048490287736058235, 0.001253854134120047, 0.0006227979902178049, 0.000902377360034734, 0.0012528107035905123, 0.0010149581357836723, 0.0029161616694182158, 0.0002578711719252169, 0.00024094153195619583, 0.00022163460380397737, 0.0003050374798476696, 3.3875101507874206e-05, 0.00019776978297159076, 0.0006277697393670678, 4.5673488784814253e-05, 7.927160913823172e-05, 0.00331493909470737, 0.07377351075410843, 0.001323558040894568, 0.0011114211520180106, 0.004759303294122219, 0.0206677857786417, 0.00027993213734589517, 0.0005839397199451923, 0.0009946514619514346, 4.453936344361864e-05, 5.060784314991906e-05, 0.007275064010173082, 0.0002497624373063445, 0.00016503126244060695, 0.001176888239569962, 0.0005939655820839107, 0.0004781722673214972, 3.293784538982436e-05, 0.012043039314448833, 0.0011377512710168958, 0.015369826927781105, 0.0012987097725272179, 0.0020888582803308964, 0.0002806273987516761, 5.7082765124505386e-05, 9.31458271224983e-05, 4.3082582124043256e-05, 0.00019498424080666155, 0.0007336653652600944, 0.0001857391616795212, 0.00014491780893877149, 6.235714681679383e-05, 0.0004945789114572108, 0.0115402452647686, 0.0, 0.0, 0.0, 0.0, 0.0, 0.0, 0.0, 0.0, 0.0, 0.0, 0.0, 0.0, 0.0, 0.0, 0.0, 0.0, 0.0, 0.0, 0.0, 0.0, 0.0, 0.0, 0.0, 0.0, 0.0, 0.0, 0.0, 0.0, 0.0, 0.0, 0.0, 0.0, 0.0, 0.0, 0.0, 0.0, 0.0, 0.0, 0.0, 0.0, 0.0, 0.0, 0.0, 0.0, 0.0, 0.0, 0.0, 0.0, 0.0, 0.0, 0.0, 0.0, 0.0, 0.0, 0.0, 0.0, 0.0, 0.0, 0.0, 0.0, 0.0, 0.0, 0.0, 0.0, 0.0, 0.0, 0.0, 0.0, 0.0, 0.0, 0.0, 0.0, 0.0, 0.0, 0.0, 0.0, 0.0, 0.0, 0.0, 0.0, 0.0, 0.0, 0.0, 0.0, 0.0, 0.0, 0.0, 0.0, 0.0, 0.0, 0.0, 0.0, 0.0, 0.0, 0.0, 0.0, 0.0, 0.0, 0.0, 0.0, 0.0, 0.0, 0.0, 0.0, 0.0, 0.0, 0.0, 0.0]}, {"relevance": 0.3088875118447284, "end_index": 20, "url": "http://www.stbasils.com.au/", "start_index": 0, "tokens": ["st", "basil", "'s", "provides", "contemporary", "and", "expertly", "serviced", "facilities", "to", "ensure", "that", "our", "residents", "can", "live", "well", "at", "any", "age", ".", "come", "and", "visit", "st", "basil", "'s", "and", "experience", "an", "approach", "to", "aged", "care", "that", "combines", "care", ",", "with", "dignity", "and", "independence", "."],