{"query_id": 7145, "passages": [{"relevance": 0.3333333333333333, "logits_start": [0.15697622299194336, 0.012084665708243847, 0.0061519555747509, 0.026238981634378433, 0.0010976997436955571, 0.01859676092863083, 0.029242752119898796, 0.02026619017124176, 0.16494840383529663, 0.21699072420597076, 0.12340153008699417, 0.0015505171613767743, 0.011719356290996075, 0.025185639038681984, 0.0008147879270836711, 0.018480565398931503, 0.0005405108095146716, 0.002157027367502451, 0.005450842436403036, 0.000273482030024752, 0.007954459637403488, 0.0003939814632758498, 0.001324862940236926, 0.004133515525609255, 0.0016285381279885769, 0.0001554817135911435, 0.002856528852134943, 0.0025681585539132357, 0.00017045607091858983, 0.0001102794412872754, 0.0026358526665717363, 8.761553908698261e-05, 0.00018875658861361444, 0.00023124899598769844, 6.610994751099497e-05, 0.00046645893598906696, 0.00019525726384017617, 0.013005029410123825, 0.0003441496810410172, 0.0006808534963056445, 0.00012791194603778422, 0.0007856758311390877, 0.00044878452899865806, 0.014164069667458534, 0.002990084234625101, 0.0008904253481887281, 0.0031752940267324448, 0.021407362073659897, 0.004144068341702223, 0.0002519927220419049, 0.03236221894621849, 0.0017977217212319374, 0.005966351833194494, 0.0007010182598605752, 0.00013089664571452886, 0.0004761571472045034, 0.0022261207923293114, 0.0013777018757537007, 4.52965687145479e-05, 0.000396980089135468, 0.00118638772983104, 0.00041662095463834703, 0.0015762618277221918, 4.2091993236681446e-05, 0.0013547944836318493, 0.00017961673438549042, 3.725169881363399e-05, 0.0001813171402318403, 0.001320407260209322, 4.5440345274982974e-05, 0.0022891745902597904, 0.0006227147532626987, 5.789774513687007e-05, 0.001289194100536406, 0.005832633934915066, 7.46847945265472e-05, 8.710927795618773e-05, 4.8131758376257494e-05, 8.180151780834422e-05, 4.0907565562520176e-05, 0.00012465374311432242, 0.00027594127459451556, 1.7533739082864486e-05, 0.0003379803674761206, 4.8081932618515566e-05, 7.655249646632001e-05, 1.188873648061417e-05, 0.00017616269178688526, 2.3290938770514913e-05, 0.005498935002833605, 0.00011109716433566064, 3.826059401035309e-05, 0.00016038166359066963, 1.991415956581477e-05, 0.0010410300455987453, 4.1591134504415095e-05, 0.0, 0.0, 0.0, 0.0, 0.0, 0.0, 0.0, 0.0, 0.0, 0.0, 0.0, 0.0, 0.0, 0.0, 0.0, 0.0, 0.0, 0.0, 0.0, 0.0, 0.0, 0.0, 0.0, 0.0, 0.0, 0.0, 0.0, 0.0, 0.0, 0.0, 0.0, 0.0, 0.0, 0.0, 0.0, 0.0, 0.0, 0.0, 0.0, 0.0, 0.0, 0.0, 0.0, 0.0, 0.0, 0.0, 0.0, 0.0, 0.0, 0.0, 0.0, 0.0, 0.0, 0.0, 0.0, 0.0, 0.0, 0.0, 0.0, 0.0, 0.0, 0.0, 0.0, 0.0, 0.0, 0.0, 0.0, 0.0, 0.0, 0.0, 0.0, 0.0, 0.0, 0.0, 0.0, 0.0, 0.0, 0.0, 0.0, 0.0, 0.0, 0.0, 0.0, 0.0, 0.0, 0.0, 0.0, 0.0, 0.0, 0.0, 0.0, 0.0, 0.0, 0.0, 0.0, 0.0, 0.0], "url": "https://www.expedia.com/Castelpetroso-Hotels-Fonte-Del-Benessere-Resort.h4338927.Hotel-Information", "tokens": ["sala", "topazio-overlooking", "the", "pool", ",", "this", "restaurant", "specializes", "in", "local", "cuisine", "and", "serves", "breakfast", ",", "lunch", ",", "and", "dinner", ".", "guests", "can", "enjoy", "alfresco", "dining", "(", "weather", "permitting", ")", ".", "a", "children", "'s", "menu", "is", "available", ".", "24-hour", "room", "service", "is", "available", ".", "in", "addition", "to", "a", "full-service", "spa", ",", "fonte", "del", "benessere", "resort", "features", "an", "outdoor", "pool", "and", "a", "24-hour", "fitness", "center", ".", "the", "hotel", "offers", "a", "restaurant", ".", "a", "bar/lounge", "is", "on", "site", "where", "guests", "can", "unwind", "with", "a", "drink", ".", "a", "complimentary", "breakfast", "is", "offered", ".", "high-speed", "wireless", "internet", "access", "is", "complimentary", "."], "logits_end": [0.0020306804217398167, 0.0019135877955704927, 0.00014633983664680272, 0.02441749908030033, 0.0003740637330338359, 6.310940807452425e-05, 0.0038449091371148825, 0.005475623533129692, 0.0004210828628856689, 0.002363969571888447, 0.3708409070968628, 0.0006878736894577742, 0.0006550136022269726, 0.028776122257113457, 0.0004301281878724694, 0.011966758407652378, 0.0004451448912732303, 0.00016740353021305054, 0.022215547040104866, 0.3498867452144623, 0.0003874252433888614, 9.55193827394396e-05, 0.000107127933006268, 0.00023294668062590063, 0.0017480143578723073, 0.00017353054136037827, 0.0001063625022652559, 0.0005545557360164821, 0.003635466331616044, 0.02515256591141224, 9.940982272382826e-05, 5.4761796491220593e-05, 2.6479861844563857e-05, 0.0001446100213797763, 6.220462819328532e-05, 0.0004013724683318287, 0.009161836467683315, 0.0003220466896891594, 0.00017069061868824065, 0.001223162398673594, 7.678023393964395e-05, 0.0005324753001332283, 0.01153539028018713, 0.00013932563888374716, 0.0005389233119785786, 4.5686560042668134e-05, 5.510588380275294e-05, 0.0007132170139811933, 0.006789222359657288, 8.453772170469165e-05, 0.006896100472658873, 0.002525599906221032, 0.007400403264909983, 0.028535163030028343, 0.0011570390779525042, 6.102539555286057e-05, 0.00035797947202809155, 0.0033799337688833475, 0.00011385507241357118, 5.688567034667358e-05, 0.0004716264083981514, 0.00015729870938230306, 0.0029766971711069345, 0.027757400646805763, 8.330470336659346e-06, 0.00037598577910102904, 2.9233095119707286e-05, 2.658195444382727e-05, 0.0014383066445589066, 0.0078031462617218494, 2.5608049327274784e-05, 0.001133329700678587, 5.609294748865068e-05, 4.94782070745714e-05, 0.007052786182612181, 0.0006852033548057079, 4.175460708211176e-05, 1.4959138752601575e-05, 2.566917464719154e-05, 9.177064384857658e-06, 1.5534569683950394e-05, 0.00031215426861308515, 0.0027267986442893744, 4.795987479155883e-06, 2.9311568141565658e-05, 9.394786320626736e-05, 2.184479308198206e-05, 0.00011310110130580142, 0.0013833735138177872, 0.0002699017059057951, 0.00027336450875736773, 6.485206540673971e-05, 0.00015493654063902795, 1.8130516764358617e-05, 0.0002451188920531422, 0.0021569468080997467, 0.0, 0.0, 0.0, 0.0, 0.0, 0.0, 0.0, 0.0, 0.0, 0.0, 0.0, 0.0, 0.0, 0.0, 0.0, 0.0, 0.0, 0.0, 0.0, 0.0, 0.0, 0.0, 0.0, 0.0, 0.0, 0.0, 0.0, 0.0, 0.0, 0.0, 0.0, 0.0, 0.0, 0.0, 0.0, 0.0, 0.0, 0.0, 0.0, 0.0, 0.0, 0.0, 0.0, 0.0, 0.0, 0.0, 0.0, 0.0, 0.0, 0.0, 0.0, 0.0, 0.0, 0.0, 0.0, 0.0, 0.0, 0.0, 0.0, 0.0, 0.0, 0.0, 0.0, 0.0, 0.0, 0.0, 0.0, 0.0, 0.0, 0.0, 0.0, 0.0, 0.0, 0.0, 0.0, 0.0, 0.0, 0.0, 0.0, 0.0, 0.0, 0.0, 0.0, 0.0, 0.0, 0.0, 0.0, 0.0, 0.0, 0.0, 0.0, 0.0, 0.0, 0.0, 0.0, 0.0, 0.0]}, {"relevance": 0.3333333333333333, "end_index": 25, "url": "http://www.italymagazine.com/macchiagodena", "start_index": 13, "tokens": ["@", "tmattucci", "asks", ".", "we", "have", "a", "vacant", "two", "car", "garage", "in", "a", "newly", "built", "building", "that", "is", "empty", ",", "it", "came", "with", "the", "property", ".", "garage", "has", "keyed", "pull", "up", "door", ",", "with", "a", "key", "access", "electric", "door", "to", "access", "building", ".", "perfect", "for", "anyone", "looking", "to", "...", "see", "the", "answer", "."],