{"passages": [{"end_index": 19, "start_index": 9, "selected": true, "logits_start": [0.04079512506723404, 0.005438325461000204, 0.00433857599273324, 0.010726751759648323, 0.0006750291213393211, 0.010825814679265022, 0.02105334959924221, 0.018069032579660416, 0.13290250301361084, 0.5156264305114746, 0.0657610222697258, 0.0013900228077545762, 0.12353596836328506, 0.0067723891697824, 0.0005979081033729017, 0.021586738526821136, 0.00020934913482051343, 0.000883912609424442, 0.004483575467020273, 2.396869967924431e-05, 0.0005541095742955804, 1.8598111637402326e-05, 5.8636949688661844e-05, 0.0001538505603093654, 9.486407361691818e-05, 1.4392080629477277e-05, 0.00023403891827911139, 7.678202382521704e-05, 1.909403181343805e-05, 4.696933956438443e-06, 0.0002265885705128312, 5.090330887469463e-06, 1.730409530864563e-05, 2.893543933168985e-05, 5.011518169339979e-06, 3.035631380043924e-05, 2.2186544811120257e-05, 0.0007658692193217576, 4.277400512364693e-05, 0.00013009944814257324, 1.80043643922545e-05, 0.00010995350748999044, 6.135267176432535e-05, 0.0014861981617286801, 0.00027211030828766525, 0.00011172347876708955, 0.00018838771211449057, 0.0023285439237952232, 0.00033141300082206726, 2.2030142645235173e-05, 0.0013809987576678395, 0.00012273127504158765, 0.00031156212207861245, 7.304580503841862e-05, 1.3498463886207901e-05, 6.442914309445769e-05, 0.00026993430219590664, 0.0001309751096414402, 7.4017980296048336e-06, 6.567095988430083e-05, 0.000268803967628628, 0.00024839898105710745, 0.000249518925556913, 5.9333883655199315e-06, 0.0002928195463027805, 4.721524965134449e-05, 1.2381785381876398e-05, 3.302980985608883e-05, 0.00019082844664808363, 6.193735771375941e-06, 0.0006711798487231135, 0.00015301928215194494, 1.2458681339921895e-05, 0.00038094507181085646, 0.000983756617642939, 5.81470740144141e-05, 4.417525269673206e-05, 6.468239462265046e-06, 1.3686524653166998e-05, 7.662120879103895e-06, 1.00595825642813e-05, 3.493840267765336e-05, 1.721617195471481e-06, 0.00010058801126433536, 9.867721928458195e-06, 8.817642992653418e-06, 2.2283693397184834e-06, 2.4859602490323596e-05, 4.000609351351159e-06, 0.00033373499172739685, 2.1927980924374424e-05, 4.220847404212691e-05, 6.753938941983506e-05, 6.777815997338621e-06, 7.102714153006673e-05, 4.10820985052851e-06, 0.0, 0.0, 0.0, 0.0, 0.0, 0.0, 0.0, 0.0, 0.0, 0.0, 0.0, 0.0, 0.0, 0.0, 0.0, 0.0, 0.0, 0.0, 0.0, 0.0, 0.0, 0.0, 0.0, 0.0, 0.0, 0.0, 0.0, 0.0, 0.0, 0.0, 0.0, 0.0, 0.0, 0.0, 0.0, 0.0, 0.0, 0.0, 0.0, 0.0, 0.0, 0.0, 0.0, 0.0, 0.0, 0.0, 0.0, 0.0, 0.0, 0.0, 0.0, 0.0, 0.0, 0.0, 0.0, 0.0, 0.0, 0.0, 0.0, 0.0, 0.0, 0.0, 0.0, 0.0, 0.0, 0.0, 0.0, 0.0, 0.0, 0.0, 0.0, 0.0, 0.0, 0.0, 0.0, 0.0, 0.0, 0.0, 0.0, 0.0, 0.0, 0.0, 0.0, 0.0, 0.0, 0.0, 0.0, 0.0, 0.0, 0.0, 0.0, 0.0, 0.0, 0.0, 0.0, 0.0, 0.0], "url": "https://www.expedia.com/Castelpetroso-Hotels-Fonte-Del-Benessere-Resort.h4338927.Hotel-Information", "tokens": ["sala", "topazio-overlooking", "the", "pool", ",", "this", "restaurant", "specializes", "in", "local", "cuisine", "and", "serves", "breakfast", ",", "lunch", ",", "and", "dinner", ".", "guests", "can", "enjoy", "alfresco", "dining", "(", "weather", "permitting", ")", ".", "a", "children", "'s", "menu", "is", "available", ".", "24-hour", "room", "service", "is", "available", ".", "in", "addition", "to", "a", "full-service", "spa", ",", "fonte", "del", "benessere", "resort", "features", "an", "outdoor", "pool", "and", "a", "24-hour", "fitness", "center", ".", "the", "hotel", "offers", "a", "restaurant", ".", "a", "bar/lounge", "is", "on", "site", "where", "guests", "can", "unwind", "with", "a", "drink", ".", "a", "complimentary", "breakfast", "is", "offered", ".", "high-speed", "wireless", "internet", "access", "is", "complimentary", "."], "relevance": 0.3333333333333333, "logits_end": [0.0005735353333875537, 0.0002531328937038779, 4.284472743165679e-05, 0.009917564690113068, 0.000668244669213891, 0.00011974998778896406, 0.0017148609040305018, 0.0011221702443435788, 0.0005367694539017975, 0.0038259360007941723, 0.1292910873889923, 0.0010287135373800993, 0.005281156860291958, 0.026795854791998863, 0.00038525101263076067, 0.036433279514312744, 0.0016178804216906428, 0.00020392064470797777, 0.09857912361621857, 0.6183124780654907, 0.0005912947817705572, 0.0001416727463947609, 6.74139300826937e-05, 0.00016447465168312192, 0.0005127832992002368, 0.00011715661821654066, 0.0001337863359367475, 0.0006432746886275709, 0.001576232723891735, 0.01568826660513878, 2.7652218705043197e-05, 2.265443436044734e-05, 1.1230598829570226e-05, 7.102479867171496e-05, 2.768319427559618e-05, 0.0003216253826394677, 0.002800417598336935, 5.7930727052735165e-05, 4.753224129672162e-05, 0.00013444542128127068, 3.5281216696603224e-05, 0.0004337981517892331, 0.0038862822111696005, 4.935623292112723e-05, 2.190670966228936e-05, 7.180778993642889e-06, 4.754754172608955e-06, 0.0003591932763811201, 0.0021481357980519533, 6.186733662616462e-05, 0.001830076682381332, 0.00037538990727625787, 0.002022092230618, 0.004087456502020359, 0.00032646054751239717, 2.438722367514856e-05, 0.00014591059880331159, 0.0011734571307897568, 8.738316682865843e-05, 1.341905772278551e-05, 9.869134373730049e-05, 0.00017841061344370246, 0.0019798586145043373, 0.007900236174464226, 1.0286196811648551e-05, 4.292591620469466e-05, 1.545424311188981e-05, 7.045215625112178e-06, 0.0005627732025459409, 0.0040421211160719395, 1.0028561518993229e-05, 0.0003333088825456798, 3.6449029721552506e-05, 2.6585474188323133e-05, 0.001332901301793754, 0.0002625647175591439, 4.820154208573513e-05, 1.2461180631362367e-05, 6.110129561420763e-06, 3.948481662519043e-06, 6.5030330915760715e-06, 0.0001350737438770011, 0.0021195709705352783, 3.802341325354064e-06, 1.5621701095369644e-05, 3.782155908993445e-05, 2.126126128132455e-05, 9.151818812824786e-05, 0.0010809851810336113, 5.876415525563061e-05, 6.077275247662328e-05, 3.087364893872291e-05, 6.963219493627548e-05, 2.3691522073931992e-05, 0.00015212580910883844, 0.002225668868049979, 0.0, 0.0, 0.0, 0.0, 0.0, 0.0, 0.0, 0.0, 0.0, 0.0, 0.0, 0.0, 0.0, 0.0, 0.0, 0.0, 0.0, 0.0, 0.0, 0.0, 0.0, 0.0, 0.0, 0.0, 0.0, 0.0, 0.0, 0.0, 0.0, 0.0, 0.0, 0.0, 0.0, 0.0, 0.0, 0.0, 0.0, 0.0, 0.0, 0.0, 0.0, 0.0, 0.0, 0.0, 0.0, 0.0, 0.0, 0.0, 0.0, 0.0, 0.0, 0.0, 0.0, 0.0, 0.0, 0.0, 0.0, 0.0, 0.0, 0.0, 0.0, 0.0, 0.0, 0.0, 0.0, 0.0, 0.0, 0.0, 0.0, 0.0, 0.0, 0.0, 0.0, 0.0, 0.0, 0.0, 0.0, 0.0, 0.0, 0.0, 0.0, 0.0, 0.0, 0.0, 0.0, 0.0, 0.0, 0.0, 0.0, 0.0, 0.0, 0.0, 0.0, 0.0, 0.0, 0.0, 0.0]}, {"tokens": ["@", "tmattucci", "asks", ".", "we", "have", "a", "vacant", "two", "car", "garage", "in", "a", "newly", "built", "building", "that", "is", "empty", ",", "it", "came", "with", "the", "property", ".", "garage", "has", "keyed", "pull", "up", "door", ",", "with", "a", "key", "access", "electric", "door", "to", "access", "building", ".", "perfect", "for", "anyone", "looking", "to", "...", "see", "the", "answer", "."], "relevance": 0.3333333333333333,