{"passages": [{"end_index": 19, "start_index": 19, "selected": true, "logits_start": [0.05106731504201889, 0.005475251004099846, 0.010180809535086155, 0.00026916697970591486, 0.026932433247566223, 0.0011348051484674215, 0.0006911676027812064, 0.0024031605571508408, 0.0007984837866388261, 0.0031546198297291994, 0.001645187963731587, 0.014281070791184902, 0.00045986485201865435, 0.09559164941310883, 0.009186028502881527, 0.0015661922516301274, 0.006268549244850874, 0.009818822145462036, 0.08004820346832275, 0.5399037003517151, 0.0012217600597068667, 0.013863416388630867, 0.0027270526625216007, 0.004685285501182079, 0.0009647025144658983, 0.007826530374586582, 0.0003092549159191549, 0.00853528082370758, 0.0003427644551265985, 0.0009033574024215341, 0.005257952958345413, 0.00020387237600516528, 0.003263431368395686, 0.0004394946154206991, 0.000303744338452816, 0.00016769461217336357, 0.0001886545360321179, 0.00018226336396764964, 0.00025385033222846687, 0.0013040013145655394, 0.0001047673067660071, 0.012407488189637661, 0.0016019151080399752, 0.005270169582217932, 0.00012826091551687568, 0.0021292485762387514, 0.007930463179945946, 0.00011771511344704777, 0.0011914616916328669, 0.005034641828387976, 8.602576417615637e-05, 0.0012805277947336435, 0.0010804542107507586, 0.00015481183072552085, 0.0007079104543663561, 0.002482071053236723, 0.00011994369560852647, 0.001209612819366157, 0.0023085272405296564, 0.0077425152994692326, 0.00010867843229789287, 0.0011548178736120462, 0.0030698939226567745, 5.4679010645486414e-05, 0.0005571974324993789, 0.0007064254605211318, 0.00023133271315600723, 0.0012042882153764367, 4.053316661156714e-05, 0.004999763332307339, 3.9540558645967394e-05, 0.0003357173700351268, 0.00010636165097821504, 6.779424438718706e-05, 0.00017542629211675376, 0.00023378788318950683, 5.3223673603497446e-05, 0.00012884374882560223, 4.692169022746384e-05, 0.0002699203905649483, 0.0001118534491979517, 0.00016732828225940466, 0.0002647516957949847, 0.000460495037259534, 0.0007855360745452344, 2.1934152755420655e-05, 0.0014364925445988774, 6.641922664130107e-05, 0.00025070106494240463, 3.788273534155451e-05, 0.0019131866283714771, 0.0002201430033892393, 0.0004933991585858166, 7.289752102224156e-05, 0.0017713786801323295, 0.003787459572777152, 0.0018068207427859306, 0.0004242497670929879, 0.0019385743653401732, 0.0006240252405405045, 0.0028201828245073557, 2.9663693567272276e-05, 0.0, 0.0, 0.0, 0.0, 0.0, 0.0, 0.0, 0.0, 0.0, 0.0, 0.0, 0.0, 0.0, 0.0, 0.0, 0.0, 0.0, 0.0, 0.0, 0.0, 0.0, 0.0, 0.0, 0.0, 0.0, 0.0, 0.0, 0.0, 0.0, 0.0, 0.0, 0.0, 0.0, 0.0, 0.0, 0.0, 0.0, 0.0, 0.0, 0.0, 0.0, 0.0, 0.0, 0.0, 0.0, 0.0, 0.0, 0.0, 0.0, 0.0, 0.0, 0.0, 0.0, 0.0, 0.0, 0.0, 0.0, 0.0, 0.0, 0.0, 0.0, 0.0, 0.0, 0.0, 0.0, 0.0, 0.0, 0.0, 0.0, 0.0, 0.0, 0.0, 0.0, 0.0, 0.0, 0.0, 0.0, 0.0, 0.0, 0.0, 0.0, 0.0, 0.0, 0.0, 0.0, 0.0, 0.0, 0.0, 0.0, 0.0, 0.0], "url": "http://www.pbs.org/edens/etosha/fm_foodchain.htm", "tokens": ["the", "food", "chain", ".", "a", "cheetah", "chases", "down", "and", "devours", "a", "zebra", ".", "the", "scene", "is", "not", "uncommon", "in", "etosha", ",", "where", "the", "cycle", "of", "life", ",", "death", ",", "and", "birth", "has", "played", "out", "longer", "than", "any", "human", "can", "remember", ".", "in", "this", "situation", ",", "the", "cheetah", "is", "the", "predator", ",", "the", "animal", "that", "is", "eating", ",", "while", "the", "zebra", "is", "the", "prey", ",", "the", "animal", "being", "eaten", ".", "predators", "and", "prey", "comprise", "only", "a", "portion", "of", "what", "is", "commonly", "known", "as", "a", "food", "chain", ".", "a", "food", "chain", "explains", "how", "food", "energy", "is", "transferred", "between", "living", "things", "in", "an", "environment", "."], "relevance": 0.4575939947559229, "logits_end": [0.0002061323611997068, 0.00020533488714136183, 0.009603934362530708, 0.018081622198224068, 5.232831972534768e-05, 0.0002769462007563561, 0.00019788299687206745, 0.00035054897307418287, 0.0001813229755498469, 0.00041695096297189593, 0.0001495388278272003, 0.009737045504152775, 0.02727486565709114, 0.00024918539565987885, 0.0050216554664075375, 0.000468820973765105, 0.00018303253455087543, 0.00035511201713234186, 0.0009298037039116025, 0.5389516353607178, 0.008806138299405575, 0.01212503481656313, 0.0007219018880277872, 0.0037845917977392673, 0.0002632421674206853, 0.011643247678875923, 0.001865270547568798, 0.015276974067091942, 0.003017666283994913, 0.0009251722949557006, 0.03632064908742905, 0.0016053083818405867, 0.0030539873987436295, 0.0002945367887150496, 0.00028293480863794684, 0.00018542759062256664, 0.00018848141189664602, 0.00016360703739337623, 0.00021409970941022038, 0.004400714300572872, 0.0926511362195015, 0.0003773737989831716, 9.427212353330106e-05, 0.004359421320259571, 0.0005728091928176582, 6.662263331236318e-05, 0.01449287123978138, 0.0004919793573208153, 5.996771506033838e-05, 0.010304790921509266, 0.001165557885542512, 0.00011717841698555276, 0.001190058421343565, 0.00021398518583737314, 7.572536560473964e-05, 0.0027266100514680147, 0.0006531879771500826, 0.000506118347402662, 7.861324411351234e-05, 0.016682790592312813, 0.0005656187422573566, 7.177620864240453e-05, 0.007329377345740795, 0.0009688984137028456, 0.0001027237085509114, 0.0006564265349879861, 0.00023355483426712453, 0.005844219587743282, 0.07287690788507462, 0.0010051279095932841, 0.00013977140770293772, 0.00013845851935911924, 0.00011417289351811633, 4.191134939901531e-05, 2.630784183565993e-05, 0.0002502829593140632, 4.096437623957172e-05, 8.298978355014697e-05, 5.1445756980683655e-05, 0.00032819824991747737, 0.00015414186054840684, 2.9515384085243568e-05, 1.975806117116008e-05, 6.123503408161923e-05, 0.001725031528621912, 0.012192613445222378, 1.836031697166618e-05, 3.278266012785025e-05, 0.00032178632682189345, 0.0008401770610362291, 1.3157415196474176e-05, 4.4353924749884754e-05, 0.0008067799499258399, 8.52614757604897e-05, 0.00047801726032048464, 0.0012952390825375915, 0.0007342373137362301, 6.369635229930282e-05, 0.00022124942915979773, 8.539924601791427e-05, 0.0035036634653806686, 0.021490678191184998, 0.0, 0.0, 0.0, 0.0, 0.0, 0.0, 0.0, 0.0, 0.0, 0.0, 0.0, 0.0, 0.0, 0.0, 0.0, 0.0, 0.0, 0.0, 0.0, 0.0, 0.0, 0.0, 0.0, 0.0, 0.0, 0.0, 0.0, 0.0, 0.0, 0.0, 0.0, 0.0, 0.0, 0.0, 0.0, 0.0, 0.0, 0.0, 0.0, 0.0, 0.0, 0.0, 0.0, 0.0, 0.0, 0.0, 0.0, 0.0, 0.0, 0.0, 0.0, 0.0, 0.0, 0.0, 0.0, 0.0, 0.0, 0.0, 0.0, 0.0, 0.0, 0.0, 0.0, 0.0, 0.0, 0.0, 0.0, 0.0, 0.0, 0.0, 0.0, 0.0, 0.0, 0.0, 0.0, 0.0, 0.0, 0.0, 0.0, 0.0, 0.0, 0.0, 0.0, 0.0, 0.0, 0.0, 0.0, 0.0, 0.0, 0.0, 0.0]}, {"tokens": ["food", "chain", ".", "in", "this", "food", "chain", "the", "carnivore", "(", "secondary", "consumer", ";", "cheetah", ")", "is", "chasing", "the", "herbivores", "(", "primary", "consumer", ";", "zebra", ")", "and", "will", "probably", "kill", "one", "of", "the", "herbivores", ".", "also", "in", "this", "picture", "there", "is", "a", "herbivore", "(", "elephant", ")", "eating", "the", "producers", "(", "tree", ")", "."], "relevance": 0.36414751287175784,