{"passages": [{"end_index": 17, "logits_start": [0.0022640740498900414, 0.0008402510429732502, 0.002017195802181959, 0.00033959248685278, 0.0010059652850031853, 0.0016761213773861527, 0.0008943367865867913, 0.000886149937286973, 0.0010405373759567738, 0.0013809321681037545, 0.001175234909169376, 0.025004681199789047, 0.00019314994278829545, 0.04007534682750702, 0.02853589504957199, 0.004163874313235283, 0.001512820483185351, 0.3354158401489258, 7.89687255746685e-05, 0.01223015133291483, 0.001646720222197473, 0.0007180059910751879, 0.002604441484436393, 0.0032606616150587797, 0.0029769435059279203, 0.010365596041083336, 0.004368505906313658, 0.0012846250319853425, 0.22964873909950256, 0.0015390117187052965, 0.003176935948431492, 0.05836519971489906, 2.714311813178938e-05, 0.004138973541557789, 0.0006580686313100159, 0.00022346396872308105, 0.0008726785308681428, 0.0014495691284537315, 0.0045582083985209465, 0.0001371260150335729, 0.0010860587935894728, 0.001735097379423678, 0.169480100274086, 0.007326385471969843, 2.0599358322215267e-05, 0.002936478005722165, 0.0004396422300487757, 8.57491759234108e-05, 0.00022853277914691716, 0.00022457812156062573, 0.00016408674127887934, 0.00012658430205192417, 0.00018724465917330235, 0.0002880244283005595, 0.00018168757378589362, 0.00020052684703841805, 0.0034939898177981377, 1.3592303730547428e-05, 0.001546963700093329, 0.00012604330549947917, 0.0002033686760114506, 0.00043087737867608666, 0.0009287205175496638, 8.735556912142783e-05, 0.00014269581879489124, 0.0005662731127813458, 0.013169031590223312, 0.0012297530192881823, 1.724009052850306e-05, 0.00058097013970837, 0.0, 0.0, 0.0, 0.0, 0.0, 0.0, 0.0, 0.0, 0.0, 0.0, 0.0, 0.0, 0.0, 0.0, 0.0, 0.0, 0.0, 0.0, 0.0, 0.0, 0.0, 0.0, 0.0, 0.0, 0.0, 0.0, 0.0, 0.0, 0.0, 0.0, 0.0, 0.0, 0.0, 0.0, 0.0, 0.0, 0.0, 0.0, 0.0, 0.0, 0.0, 0.0, 0.0, 0.0, 0.0, 0.0, 0.0, 0.0, 0.0, 0.0, 0.0, 0.0, 0.0, 0.0, 0.0, 0.0, 0.0, 0.0, 0.0, 0.0, 0.0, 0.0, 0.0, 0.0, 0.0, 0.0, 0.0, 0.0, 0.0, 0.0, 0.0, 0.0, 0.0, 0.0, 0.0, 0.0, 0.0, 0.0, 0.0, 0.0, 0.0, 0.0, 0.0, 0.0, 0.0, 0.0, 0.0, 0.0, 0.0, 0.0, 0.0, 0.0, 0.0, 0.0, 0.0, 0.0, 0.0, 0.0, 0.0, 0.0, 0.0, 0.0, 0.0, 0.0, 0.0, 0.0, 0.0, 0.0, 0.0, 0.0, 0.0, 0.0, 0.0, 0.0, 0.0, 0.0, 0.0, 0.0, 0.0, 0.0, 0.0, 0.0, 0.0, 0.0, 0.0, 0.0, 0.0, 0.0, 0.0, 0.0, 0.0, 0.0, 0.0, 0.0, 0.0, 0.0, 0.0, 0.0, 0.0, 0.0, 0.0, 0.0, 0.0, 0.0, 0.0, 0.0, 0.0, 0.0, 0.0, 0.0, 0.0, 0.0, 0.0, 0.0, 0.0, 0.0, 0.0, 0.0, 0.0, 0.0, 0.0, 0.0, 0.0, 0.0, 0.0], "selected": true, "logits_end": [0.0006940327002666891, 0.0005455365171656013, 0.0033454049844294786, 0.0016896588495001197, 0.00011832189920824021, 0.00014191250375006348, 0.00047473551239818335, 0.00011033452756237239, 0.0002476553781889379, 0.000677026342600584, 0.0001879348565125838, 0.027348795905709267, 0.020471369847655296, 0.00015910870570223778, 0.006987160537391901, 0.056815046817064285, 0.0005617892020381987, 0.31712469458580017, 0.08223404735326767, 0.00011195539264008403, 0.0009395229280926287, 0.00019467022502794862, 0.00010357262362958863, 0.000312518939608708, 0.0002376627962803468, 0.0012703442480415106, 0.018216075375676155, 0.00020424684043973684, 0.09503091871738434, 0.025577258318662643, 0.0039306036196649075, 0.09452397376298904, 0.04571620002388954, 7.479903433704749e-05, 0.0007432563579641283, 0.00011410441220505163, 5.5214506573975086e-05, 8.595443068770692e-05, 0.008372259326279163, 0.0003081759496126324, 0.00030458049150183797, 6.844701420050114e-05, 0.015334965661168098, 0.1084473505616188, 0.03254286199808121, 4.556828207569197e-05, 0.0009848139015957713, 0.000257841165876016, 0.0001509982394054532, 0.00010818333248607814, 0.00014842278324067593, 3.475775520200841e-05, 3.353224019519985e-05, 0.00010040805500466377, 8.678875747136772e-05, 3.383077273610979e-05, 0.0044595468789339066, 0.010519894771277905, 2.2562755475519225e-05, 2.508088255126495e-05, 2.2113379600341432e-05, 3.442752858973108e-05, 0.0010251167695969343, 0.0003811974311247468, 4.675793752539903e-05, 2.0123728972976096e-05, 0.0010909377597272396, 0.004408465698361397, 0.00012364060967229307, 0.0030788469593971968, 0.0, 0.0, 0.0, 0.0, 0.0, 0.0, 0.0, 0.0, 0.0, 0.0, 0.0, 0.0, 0.0, 0.0, 0.0, 0.0, 0.0, 0.0, 0.0, 0.0, 0.0, 0.0, 0.0, 0.0, 0.0, 0.0, 0.0, 0.0, 0.0, 0.0, 0.0, 0.0, 0.0, 0.0, 0.0, 0.0, 0.0, 0.0, 0.0, 0.0, 0.0, 0.0, 0.0, 0.0, 0.0, 0.0, 0.0, 0.0, 0.0, 0.0, 0.0, 0.0, 0.0, 0.0, 0.0, 0.0, 0.0, 0.0, 0.0, 0.0, 0.0, 0.0, 0.0, 0.0, 0.0, 0.0, 0.0, 0.0, 0.0, 0.0, 0.0, 0.0, 0.0, 0.0, 0.0, 0.0, 0.0, 0.0, 0.0, 0.0, 0.0, 0.0, 0.0, 0.0, 0.0, 0.0, 0.0, 0.0, 0.0, 0.0, 0.0, 0.0, 0.0, 0.0, 0.0, 0.0, 0.0, 0.0, 0.0, 0.0, 0.0, 0.0, 0.0, 0.0, 0.0, 0.0, 0.0, 0.0, 0.0, 0.0, 0.0, 0.0, 0.0, 0.0, 0.0, 0.0, 0.0, 0.0, 0.0, 0.0, 0.0, 0.0, 0.0, 0.0, 0.0, 0.0, 0.0, 0.0, 0.0, 0.0, 0.0, 0.0, 0.0, 0.0, 0.0, 0.0, 0.0, 0.0, 0.0, 0.0, 0.0, 0.0, 0.0, 0.0, 0.0, 0.0, 0.0, 0.0, 0.0, 0.0, 0.0, 0.0, 0.0, 0.0, 0.0, 0.0, 0.0, 0.0, 0.0, 0.0, 0.0, 0.0, 0.0, 0.0, 0.0], "relevance": 0.4352534531240167, "tokens": ["answer", "1", "scientific", "names", "are", "different", "depending", "on", "the", "species", "of", "snail", ".", "the", "snail", "phylum", "is", "molluscs", ".", "the", "scientific", "name", "of", "a", "common", "garden", "snail", "is", "heli", "…", "x", "aspersa", ".", "the", "scientific", "name", "for", "a", "snail", "in", "general", "is", "helix", "aspersa", ".", "the", "scientific", "name", "may", "differ", "depending", "on", "the", "exact", "species", "of", "snail", ".", "two", "of", "the", "land", "snail", "scientific", "names", "are", "helix", "pomatia", "and", "h"], "url": "http://www.answers.com/Q/What_is_the_scientific_name_for_sea_snails",