{"query_id": 8557, "passages": [{"relevance": 0.4123794465757331, "end_index": 19, "logits_start": [0.00424346886575222, 0.00022286898456513882, 0.00037425864138640463, 0.00012196510942885652, 0.005470809061080217, 0.0005665642092935741, 0.00020798412151634693, 0.0021583442576229572, 0.11277677118778229, 0.005095235537737608, 0.008282020688056946, 0.015480387024581432, 0.01310537289828062, 0.05222969502210617, 0.00605430593714118, 0.005080664064735174, 0.6978179812431335, 0.05550500378012657, 0.0010191063629463315, 0.00022251027985475957, 1.0607619515212718e-05, 0.0010693917283788323, 0.00011704631469910964, 5.6760985899018124e-05, 2.8209344236529432e-05, 1.6175150449271314e-05, 3.259707955294289e-05, 2.279678847116884e-05, 1.7694150301394984e-05, 1.1153464583912864e-05, 2.114798189722933e-05, 1.0548142199695576e-05, 3.217676294298144e-06, 1.665515264903661e-05, 6.293995738815283e-06, 3.3068768061639275e-06, 0.00011580708815017715, 3.573997673811391e-06, 1.1016933058272116e-05, 2.1480716441146797e-06, 1.0781162018247414e-05, 8.411196176894009e-06, 6.450914042943623e-06, 3.815419404418208e-06, 0.0001691032957751304, 1.5761430404381827e-05, 1.728159622871317e-05, 2.2593167159357108e-05, 1.3268139809952118e-05, 1.9253584468970075e-05, 1.1138179615954868e-05, 7.373170774371829e-06, 0.000618116871919483, 6.991227564867586e-05, 6.0700946050928906e-05, 8.494609937770292e-05, 4.738737698062323e-05, 6.260128429858014e-05, 6.459049473050982e-05, 5.855059498571791e-05, 5.071091072750278e-05, 9.010690700961277e-05, 0.001335070002824068, 0.0010030242847278714, 0.008327033370733261, 8.313098987855483e-06, 2.4621281227155123e-06, 8.007426004041918e-06, 1.4453503354161512e-05, 4.207748133921996e-05, 0.00013041803322266787, 4.667154826165643e-06, 0.0, 0.0, 0.0, 0.0, 0.0, 0.0, 0.0, 0.0, 0.0, 0.0, 0.0, 0.0, 0.0, 0.0, 0.0, 0.0, 0.0, 0.0, 0.0, 0.0, 0.0, 0.0, 0.0, 0.0, 0.0, 0.0, 0.0, 0.0, 0.0, 0.0, 0.0, 0.0, 0.0, 0.0, 0.0, 0.0, 0.0, 0.0, 0.0, 0.0, 0.0, 0.0, 0.0, 0.0, 0.0, 0.0, 0.0, 0.0, 0.0, 0.0, 0.0, 0.0, 0.0, 0.0, 0.0, 0.0, 0.0, 0.0, 0.0, 0.0, 0.0, 0.0, 0.0, 0.0, 0.0, 0.0, 0.0, 0.0, 0.0, 0.0, 0.0, 0.0, 0.0, 0.0, 0.0, 0.0, 0.0, 0.0, 0.0, 0.0, 0.0, 0.0, 0.0, 0.0, 0.0, 0.0, 0.0, 0.0, 0.0, 0.0, 0.0, 0.0, 0.0, 0.0, 0.0, 0.0, 0.0, 0.0, 0.0, 0.0, 0.0, 0.0, 0.0, 0.0, 0.0, 0.0, 0.0, 0.0, 0.0, 0.0, 0.0, 0.0, 0.0, 0.0, 0.0, 0.0, 0.0, 0.0, 0.0, 0.0, 0.0, 0.0, 0.0, 0.0, 0.0, 0.0, 0.0, 0.0, 0.0, 0.0, 0.0, 0.0, 0.0, 0.0, 0.0, 0.0, 0.0, 0.0, 0.0, 0.0, 0.0, 0.0, 0.0, 0.0, 0.0, 0.0, 0.0, 0.0, 0.0, 0.0, 0.0, 0.0, 0.0, 0.0, 0.0, 0.0, 0.0, 0.0], "start_index": 16, "selected": true, "tokens": ["mechanical", "engineer", "salary", ".", "(", "oman", ")", ".", "a", "mechanical", "engineer", "earns", "an", "average", "salary", "of", "omr", "10,026", "per", "year", ".", "the", "highest", "paying", "skills", "associated", "with", "this", "job", "are", "microsoft", "word", ",", "microsoft", "office", ",", "autocad", ",", "project", ",", "and", "project", "management", ".", "experience", "strongly", "influences", "income", "for", "this", "job", ".", "most", "people", "move", "on", "to", "other", "jobs", "if", "they", "have", "more", "than", "20", "years", "'", "experience", "in", "this", "career", "."], "url": "http://www.payscale.com/research/OM/Job=Mechanical_Engineer/Salary", "logits_end": [1.7026313798851334e-05, 1.9886725567630492e-05, 0.0007303955499082804, 0.004083526320755482, 2.1363543055485934e-05, 2.806725569826085e-05, 0.0003774681536015123, 0.0007507441332563758, 4.211821305943886e-06, 9.531706382404082e-06, 1.2739890735247172e-05, 7.197142986115068e-05, 1.275109843845712e-05, 0.00018439223640598357, 0.0006043855682946742, 2.9494201953639276e-05, 0.001482771709561348, 0.0657665804028511, 0.0038330056704580784, 0.5503919720649719, 0.359958291053772, 7.553987234132364e-05, 2.5014580387505703e-05, 1.5040622201922815e-05, 5.960680573480204e-05, 5.8276462368667126e-05, 9.884653991321102e-06, 1.2732408322335687e-05, 2.0771522031282075e-05, 9.346347724203952e-06, 1.7897960788104683e-05, 0.0001048824269673787, 2.391350790276192e-05, 5.754818630521186e-06, 4.451729546417482e-05, 1.293981222261209e-05, 0.00010733943054219708, 2.0164789020782337e-05, 3.814588126260787e-05, 1.94043132069055e-05, 4.74552280138596e-06, 4.278873802832095e-06, 5.2041421440662816e-05, 0.002171856351196766, 2.6424554562254343e-06, 3.660256879811641e-06, 2.2489300590677885e-06, 5.95131132286042e-06, 1.5607341765644378e-06, 2.79057394436677e-06, 4.341813109931536e-05, 0.0012138348538428545, 2.2063807136873947e-06, 5.5787136261642445e-06, 1.7312399904767517e-06, 1.3983594726596493e-06, 1.090973796635808e-06, 1.3019099469602224e-06, 6.3758320720808115e-06, 2.197263484049472e-06, 1.0717852774178027e-06, 7.616602601956401e-07, 1.544893393656821e-06, 5.039529241912533e-06, 0.000114893373392988, 0.003655877197161317, 2.0264205886633135e-05, 7.136198837542906e-05, 1.1882825674547348e-05, 4.389247351355152e-06, 0.00018066872144117951, 0.0033294952008873224, 0.0, 0.0, 0.0, 0.0, 0.0, 0.0, 0.0, 0.0, 0.0, 0.0, 0.0, 0.0, 0.0, 0.0, 0.0, 0.0, 0.0, 0.0, 0.0, 0.0, 0.0, 0.0, 0.0, 0.0, 0.0, 0.0, 0.0, 0.0, 0.0, 0.0, 0.0, 0.0, 0.0, 0.0, 0.0, 0.0, 0.0, 0.0, 0.0, 0.0, 0.0, 0.0, 0.0, 0.0, 0.0, 0.0, 0.0, 0.0, 0.0, 0.0, 0.0, 0.0, 0.0, 0.0, 0.0, 0.0, 0.0, 0.0, 0.0, 0.0, 0.0, 0.0, 0.0, 0.0, 0.0, 0.0, 0.0, 0.0, 0.0, 0.0, 0.0, 0.0, 0.0, 0.0, 0.0, 0.0, 0.0, 0.0, 0.0, 0.0, 0.0, 0.0, 0.0, 0.0, 0.0, 0.0, 0.0, 0.0, 0.0, 0.0, 0.0, 0.0, 0.0, 0.0, 0.0, 0.0, 0.0, 0.0, 0.0, 0.0, 0.0, 0.0, 0.0, 0.0, 0.0, 0.0, 0.0, 0.0, 0.0, 0.0, 0.0, 0.0, 0.0, 0.0, 0.0, 0.0, 0.0, 0.0, 0.0, 0.0, 0.0, 0.0, 0.0, 0.0, 0.0, 0.0, 0.0, 0.0, 0.0, 0.0, 0.0, 0.0, 0.0, 0.0, 0.0, 0.0, 0.0, 0.0, 0.0, 0.0, 0.0, 0.0, 0.0, 0.0, 0.0, 0.0, 0.0, 0.0, 0.0, 0.0, 0.0, 0.0, 0.0, 0.0, 0.0, 0.0, 0.0, 0.0]}, {"relevance": 0.3502181030707309, "tokens": ["(", "oman", ")", ".", "a", "mechanical", "engineer", "in", "muscat", "earns", "an", "average", "salary", "of", "omr", "11,545", "per", "year", ".", "most", "people", "move", "on", "to", "other", "jobs", "if", "they", "have", "more", "than", "20", "years", "'", "experience", "in", "this", "career", ".", "a", "skill", "in", "microsoft", "word", "is", "associated", "with", "high", "pay", "for", "this", "job", ".", "experience", "strongly", "influences", "income"], "url": "http://www.payscale.com/research/OM/Job=Mechanical_Engineer/Salary/eba2b033/Muscat",