{"query_id": 8825, "passages": [{"relevance": 0.4984594901843956, "end_index": 55, "logits_start": [0.023656312376260757, 0.0004386340733617544, 0.00043211091542616487, 0.000831324141472578, 0.0005824281251989305, 0.0006793412030674517, 0.0006119575118646026, 6.401554855983704e-05, 0.0006400657584890723, 7.654055661987513e-05, 0.000556749349925667, 0.0004952343297190964, 0.00020344545191619545, 0.0004289289645384997, 0.00046160214697010815, 0.0002866742142941803, 0.00015632181020919234, 4.15248578065075e-05, 0.0025267961900681257, 0.0006317092920653522, 0.0004408374079503119, 0.00022488356626126915, 8.005875133676454e-05, 3.074837877647951e-05, 0.0001814298884710297, 9.867972403299063e-05, 3.28377827827353e-05, 0.0016291321953758597, 0.0001414402504451573, 0.00013076704635750502, 4.526797420112416e-05, 0.0012213377049192786, 0.0015162952477112412, 0.00018384656868875027, 0.00016847973165567964, 9.743952978169546e-05, 9.75095244939439e-05, 0.038485798984766006, 0.002740894677117467, 0.002438068389892578, 0.0028311205096542835, 0.0018881644355133176, 0.0029148415196686983, 0.0060559483245015144, 0.0020576275419443846, 0.0018112104153260589, 0.002013302640989423, 0.0011679257731884718, 0.0003653374151326716, 0.014620119705796242, 0.003771550953388214, 0.011226778849959373, 0.016221607103943825, 0.160537987947464, 0.6680865287780762, 0.0007929721614345908, 5.901436452404596e-06, 0.0005745114758610725, 0.0007205985020846128, 4.400676698423922e-05, 2.7692771254805848e-05, 0.0002108130865963176, 0.00010482536163181067, 4.049981725984253e-05, 3.1585990655003116e-05, 0.00012422585859894753, 7.33760607545264e-05, 4.4237189285922796e-05, 3.0219604013836943e-05, 6.284224946284667e-05, 2.2945157979847863e-05, 7.854370778659359e-06, 0.00023970234906300902, 5.6201781262643635e-05, 2.856221908587031e-05, 9.028483327711001e-05, 7.616366201546043e-05, 2.1383853891165927e-05, 1.761122803145554e-05, 9.965528988686856e-06, 0.0006689882720820606, 0.0003033867687918246, 0.0002031755429925397, 0.00012709164002444595, 4.273233935236931e-05, 0.0012111468240618706, 0.000506729818880558, 0.01379754301160574, 8.355561476491857e-06, 4.9564991059014574e-05, 4.495604116527829e-06, 0.00020189554197713733, 2.4450442651868798e-05, 1.5153736057982314e-05, 1.889513441710733e-05, 0.0, 0.0, 0.0, 0.0, 0.0, 0.0, 0.0, 0.0, 0.0, 0.0, 0.0, 0.0, 0.0, 0.0, 0.0, 0.0, 0.0, 0.0, 0.0, 0.0, 0.0, 0.0, 0.0, 0.0, 0.0, 0.0, 0.0, 0.0, 0.0, 0.0, 0.0, 0.0, 0.0, 0.0, 0.0, 0.0, 0.0, 0.0, 0.0, 0.0, 0.0, 0.0, 0.0, 0.0, 0.0, 0.0, 0.0, 0.0, 0.0, 0.0, 0.0, 0.0, 0.0, 0.0, 0.0, 0.0, 0.0, 0.0, 0.0, 0.0, 0.0, 0.0, 0.0, 0.0, 0.0, 0.0, 0.0, 0.0, 0.0, 0.0, 0.0, 0.0, 0.0, 0.0, 0.0, 0.0, 0.0, 0.0, 0.0, 0.0, 0.0, 0.0, 0.0, 0.0, 0.0, 0.0, 0.0, 0.0, 0.0, 0.0, 0.0, 0.0, 0.0, 0.0, 0.0, 0.0, 0.0, 0.0, 0.0, 0.0, 0.0, 0.0, 0.0, 0.0, 0.0, 0.0, 0.0, 0.0, 0.0, 0.0, 0.0, 0.0, 0.0, 0.0, 0.0, 0.0, 0.0, 0.0, 0.0, 0.0, 0.0, 0.0, 0.0, 0.0, 0.0, 0.0, 0.0, 0.0, 0.0, 0.0, 0.0, 0.0, 0.0, 0.0, 0.0], "start_index": 54, "selected": true, "tokens": ["the", "bottle", "is", "an", "unmistakable", "california", "cab", ",", "dark", "and", "red", "in", "color", "with", "juicy", "berry", "notes", ",", "it", "falls", "short", "in", "flavor", "and", "mouth", "feel", ".", "dare", "i", "say", ",", "it", "doesn't", "taste", "big", "enough", ".", "the", "sledgehammer", "cabernet", "sauvignon", "is", "still", "a", "fine", "bottle", "of", "wine", ",", "especially", "considering", "its", "price", "around", "$", "12", ".", "it's", "just", "that", "where", "the", "sledgehammer", "zinfandel", "is", "an", "unbelievable", "value", "for", "the", "taste", ",", "the", "cab", "is", "just", "a", "good", "value", ".", "sledgehammer", "2010", "cabernet", "sauvignon", ".", "score", ":", "85/100", ".", "description", ":", "a", "almost", "big", "enough"], "url": "http://www.drinkbigapple.com/2013/09/02/sledgehammer-cabernet-sauvignon/", "logits_end": [3.549837856553495e-05, 0.0006534969434142113, 0.0001136955979745835, 0.00011119007831439376, 0.00016261651762761176, 0.00014117418322712183, 0.0015921927988529205, 0.0004377841542009264, 0.00027096111443825066, 8.907871961127967e-05, 5.1342307415325195e-05, 6.767768354620785e-05, 0.00026178022380918264, 6.650185241596773e-05, 0.0002322517684660852, 0.00016647348820697516, 0.000742000644095242, 0.00033316042390652, 3.6864628782495856e-05, 7.336736598517746e-05, 0.001282086013816297, 3.7735284422524273e-05, 0.000470923405373469, 0.00013803705223836005, 7.661429845029488e-05, 0.0007004913641139865, 0.018525611609220505, 4.045028254040517e-05, 4.268174234312028e-05, 0.00015080301091074944, 7.665134035050869e-05, 8.05894705990795e-06, 0.0008833549218252301, 7.658711547264829e-05, 7.203358109109104e-05, 0.0004611602344084531, 0.007080233655869961, 1.7012242096825503e-05, 0.00018500839360058308, 0.0002478553797118366, 0.0003934290143661201, 3.18732054438442e-05, 2.6744190108729526e-05, 2.585531365184579e-05, 8.011364116100594e-05, 0.0003242754319217056, 1.8904447642853484e-05, 0.0007131726597435772, 0.00013012871204409748, 9.08750189410057e-06, 1.0280552487529349e-05, 9.964328455680516e-06, 2.091608075716067e-05, 7.204663415905088e-05, 0.00294372602365911, 0.5995979309082031, 0.27104616165161133, 0.00282798008993268, 0.0005126647301949561, 0.0005143745802342892, 0.0017795570893213153, 3.789652691921219e-05, 0.00018095083942171186, 0.0002868955198209733, 3.709187512868084e-05, 3.171804200974293e-05, 9.43071354413405e-05, 0.0001225440064445138, 3.209930218872614e-05, 4.497088957577944e-05, 0.0002948038454633206, 0.00015793563215993345, 1.8935608750325628e-05, 0.000174300919752568, 2.9743709092144854e-05, 6.96260467520915e-05, 6.14711461821571e-05, 7.400311005767435e-05, 0.0003731917531695217, 0.010086075402796268, 0.00010846384975593537, 0.0003389222838450223, 0.00032478407956659794, 0.0012446269392967224, 0.005240689963102341, 8.902479748940095e-05, 1.1952018212468829e-05, 0.0481451041996479, 0.012616760097444057, 0.00035524964914657176, 0.0019337073899805546, 1.1708176316460595e-05, 4.057666228618473e-05, 1.586228063388262e-05, 1.220304511662107e-05, 0.0, 0.0, 0.0, 0.0, 0.0, 0.0, 0.0, 0.0, 0.0, 0.0, 0.0, 0.0, 0.0, 0.0, 0.0, 0.0, 0.0, 0.0, 0.0, 0.0, 0.0, 0.0, 0.0, 0.0, 0.0, 0.0, 0.0, 0.0, 0.0, 0.0, 0.0, 0.0, 0.0, 0.0, 0.0, 0.0, 0.0, 0.0, 0.0, 0.0, 0.0, 0.0, 0.0, 0.0, 0.0, 0.0, 0.0, 0.0, 0.0, 0.0, 0.0, 0.0, 0.0, 0.0, 0.0, 0.0, 0.0, 0.0, 0.0, 0.0, 0.0, 0.0, 0.0, 0.0, 0.0, 0.0, 0.0, 0.0, 0.0, 0.0, 0.0, 0.0, 0.0, 0.0, 0.0, 0.0, 0.0, 0.0, 0.0, 0.0, 0.0, 0.0, 0.0, 0.0, 0.0, 0.0, 0.0, 0.0, 0.0, 0.0, 0.0, 0.0, 0.0, 0.0, 0.0, 0.0, 0.0, 0.0, 0.0, 0.0, 0.0, 0.0, 0.0, 0.0, 0.0, 0.0, 0.0, 0.0, 0.0, 0.0, 0.0, 0.0, 0.0, 0.0, 0.0, 0.0, 0.0, 0.0, 0.0, 0.0, 0.0, 0.0, 0.0, 0.0, 0.0, 0.0, 0.0, 0.0, 0.0, 0.0, 0.0, 0.0, 0.0, 0.0, 0.0]}, {"relevance": 0.40338408641688117, "tokens": ["sledgehammer", "forged", "red", "is", "for", "the", "man", "who", "prefers", "drinking", "good", "wine", "more", "than", "talking", "about", "it", ".", "it's", "wine", "that", "does", "not", "beg", "to", "be", "analyzed", "or", "over-thought", ".", "simply", "put", ",", "it's", "a", "blend", "of", "red", "wines", "that", "tastes", "good", ".", "it", "enhances", "good", "meat", "and", "good", "times", ".", "[", "qa_link", "]", "."], "url": "http://www.valleyfinewines.com/Sledgehammer-Forged-Red-Wine-2013-750-ml_p_3076.html",