{"passages": [{"relevance": 0.4984594901843956, "logits_end": [1.4361573448695708e-05, 0.00011638573050731793, 2.2450107280747034e-05, 5.770108600700041e-06, 1.8623297364683822e-05, 9.082157703232951e-06, 0.00010008860408561304, 2.0825262254220434e-05, 5.087358658784069e-05, 1.1117117537651211e-05, 2.1511483282665722e-05, 1.142186374636367e-05, 3.285525963292457e-05, 6.078626029193401e-06, 1.3894780749978963e-05, 5.541100563277723e-06, 9.67189553193748e-05, 2.105965540977195e-05, 7.794778866809793e-06, 8.980577149486635e-06, 8.793806046014652e-05, 8.021384019230027e-06, 5.778680497314781e-05, 1.9306027752463706e-05, 7.925944373710081e-06, 0.00010559724614722654, 0.003059233073145151, 8.98995222087251e-06, 8.927412636694498e-06, 1.9140978110954165e-05, 8.21904086478753e-06, 1.5563722399747348e-06, 0.00024101095914375037, 4.2384992411825806e-05, 3.242392995161936e-05, 0.00022344195167534053, 0.0032177038956433535, 4.351118150225375e-06, 2.3082195184542798e-05, 2.872617551474832e-05, 0.00013385074271354824, 1.6490579582750797e-05, 2.6464143957127817e-05, 8.160128345480189e-06, 2.0339257389423437e-05, 5.635328852804378e-05, 1.2070589946233667e-05, 0.00019922923820558935, 4.625673682312481e-05, 2.8760385248460807e-05, 3.8243950257310644e-05, 2.591933480289299e-05, 3.0210554541554302e-05, 1.056202563631814e-05, 0.0005824764375574887, 0.6727403402328491, 0.24174195528030396, 0.019921215251088142, 0.0012560707982629538, 0.00019694083312060684, 0.00012573885032907128, 1.2656602848437615e-05, 4.608391463989392e-05, 7.596678187837824e-05, 1.8871109205065295e-05, 6.584996754099848e-06, 2.3462462195311673e-05, 2.830718040058855e-05, 5.646941190207144e-06, 4.7475300561927725e-06, 7.197316881502047e-05, 9.51968104345724e-06, 3.626046236604452e-06, 2.0087290977244265e-05, 7.0474638960149605e-06, 1.618799433344975e-05, 7.0707228587707505e-06, 9.119000424107071e-06, 0.00010215703514404595, 0.0024433520156890154, 7.4134259193670005e-06, 2.4140937966876663e-05, 5.1326358516234905e-05, 0.0007801594911143184, 0.00141761708073318, 1.2910306395497173e-05, 3.9331141010734427e-07, 0.036692019551992416, 0.011452721431851387, 0.0006740375538356602, 0.0009295133058913052, 4.197995622234885e-06, 1.1638578143902123e-05, 4.668918791139731e-06, 5.93677850702079e-06, 0.0, 0.0, 0.0, 0.0, 0.0, 0.0, 0.0, 0.0, 0.0, 0.0, 0.0, 0.0, 0.0, 0.0, 0.0, 0.0, 0.0, 0.0, 0.0, 0.0, 0.0, 0.0, 0.0, 0.0, 0.0, 0.0, 0.0, 0.0, 0.0, 0.0, 0.0, 0.0, 0.0, 0.0, 0.0, 0.0, 0.0, 0.0, 0.0, 0.0, 0.0, 0.0, 0.0, 0.0, 0.0, 0.0, 0.0, 0.0, 0.0, 0.0, 0.0, 0.0, 0.0, 0.0, 0.0, 0.0, 0.0, 0.0, 0.0, 0.0, 0.0, 0.0, 0.0, 0.0, 0.0, 0.0, 0.0, 0.0, 0.0, 0.0, 0.0, 0.0, 0.0, 0.0, 0.0, 0.0, 0.0, 0.0, 0.0, 0.0, 0.0, 0.0, 0.0, 0.0, 0.0, 0.0, 0.0, 0.0, 0.0, 0.0, 0.0, 0.0, 0.0, 0.0, 0.0, 0.0, 0.0, 0.0, 0.0, 0.0, 0.0, 0.0, 0.0, 0.0, 0.0, 0.0, 0.0, 0.0, 0.0, 0.0, 0.0, 0.0, 0.0, 0.0, 0.0, 0.0, 0.0, 0.0, 0.0, 0.0, 0.0, 0.0, 0.0, 0.0, 0.0, 0.0, 0.0, 0.0, 0.0, 0.0, 0.0, 0.0, 0.0, 0.0, 0.0], "tokens": ["the", "bottle", "is", "an", "unmistakable", "california", "cab", ",", "dark", "and", "red", "in", "color", "with", "juicy", "berry", "notes", ",", "it", "falls", "short", "in", "flavor", "and", "mouth", "feel", ".", "dare", "i", "say", ",", "it", "doesn't", "taste", "big", "enough", ".", "the", "sledgehammer", "cabernet", "sauvignon", "is", "still", "a", "fine", "bottle", "of", "wine", ",", "especially", "considering", "its", "price", "around", "$", "12", ".", "it's", "just", "that", "where", "the", "sledgehammer", "zinfandel", "is", "an", "unbelievable", "value", "for", "the", "taste", ",", "the", "cab", "is", "just", "a", "good", "value", ".", "sledgehammer", "2010", "cabernet", "sauvignon", ".", "score", ":", "85/100", ".", "description", ":", "a", "almost", "big", "enough"], "logits_start": [0.006205508951097727, 0.00021724919497501105, 0.00011520705447765067, 0.0001677639374975115, 0.0001349129743175581, 0.00012589023390319198, 0.00011881890532094985, 5.696058360626921e-05, 0.0005589969223365188, 6.491394742624834e-05, 0.00014280925097409636, 0.00013478191976901144, 0.00013277168909553438, 0.00012255368346814066, 0.00010822608601301908, 0.00011849096335936338, 0.00010478014155523852, 6.262731767492369e-05, 0.0007735997205600142, 0.0001233627845067531, 0.00012252679152879864, 8.539330883650109e-05, 6.544915959239006e-05, 3.980758265242912e-05, 0.00016343958850484341, 4.577016443363391e-05, 6.26298860879615e-05, 0.0022930109407752752, 0.00017257935542147607, 0.00014061143156141043, 9.650699939811602e-05, 0.0015994503628462553, 0.000545444549061358, 9.727467113407329e-05, 8.34142992971465e-05, 6.614074663957581e-05, 0.00015954847913235426, 0.02734031341969967, 0.0020500863902270794, 0.0019376297714188695, 0.001929737045429647, 0.001303661847487092, 0.0023648052010685205, 0.0035701552405953407, 0.001986362040042877, 0.0018001198768615723, 0.003051296342164278, 0.002543349750339985, 0.0015731995226815343, 0.014328326098620892, 0.007029580418020487, 0.013759088702499866, 0.02259761653840542, 0.24356481432914734, 0.6098660230636597, 0.0006467866478487849, 2.6191698907496175e-06, 0.00010520378418732435, 5.0702008593361825e-05, 4.6020173613214865e-05, 7.096117042237893e-05, 4.430437911651097e-05, 3.015093352587428e-05, 2.7993899493594654e-05, 2.815293009916786e-05, 2.8716876840917394e-05, 2.325847526662983e-05, 2.245435825898312e-05, 2.391355337749701e-05, 2.78096049441956e-05, 1.7490523532615043e-05, 1.5222719412122387e-05, 5.486174632096663e-05, 1.5312936739064753e-05, 1.5852614524192177e-05, 2.5351646399940364e-05, 1.502174109191401e-05, 1.3302459592523519e-05, 1.471586074330844e-05, 2.8574466341524385e-05, 0.003777438076213002, 0.0007516660843975842, 0.001749167568050325, 6.666503031738102e-05, 4.058261401951313e-05, 0.005912658292800188, 0.0005668954690918326, 0.007491838652640581, 5.8332916523795575e-06, 2.9188942789915018e-05, 3.3415713005524594e-06, 0.00016221114492509514, 1.539842924103141e-05, 3.0748728931939695e-06, 3.779010512516834e-06, 0.0, 0.0, 0.0, 0.0, 0.0, 0.0, 0.0, 0.0, 0.0, 0.0, 0.0, 0.0, 0.0, 0.0, 0.0, 0.0, 0.0, 0.0, 0.0, 0.0, 0.0, 0.0, 0.0, 0.0, 0.0, 0.0, 0.0, 0.0, 0.0, 0.0, 0.0, 0.0, 0.0, 0.0, 0.0, 0.0, 0.0, 0.0, 0.0, 0.0, 0.0, 0.0, 0.0, 0.0, 0.0, 0.0, 0.0, 0.0, 0.0, 0.0, 0.0, 0.0, 0.0, 0.0, 0.0, 0.0, 0.0, 0.0, 0.0, 0.0, 0.0, 0.0, 0.0, 0.0, 0.0, 0.0, 0.0, 0.0, 0.0, 0.0, 0.0, 0.0, 0.0, 0.0, 0.0, 0.0, 0.0, 0.0, 0.0, 0.0, 0.0, 0.0, 0.0, 0.0, 0.0, 0.0, 0.0, 0.0, 0.0, 0.0, 0.0, 0.0, 0.0, 0.0, 0.0, 0.0, 0.0, 0.0, 0.0, 0.0, 0.0, 0.0, 0.0, 0.0, 0.0, 0.0, 0.0, 0.0, 0.0, 0.0, 0.0, 0.0, 0.0, 0.0, 0.0, 0.0, 0.0, 0.0, 0.0, 0.0, 0.0, 0.0, 0.0, 0.0, 0.0, 0.0, 0.0, 0.0, 0.0, 0.0, 0.0, 0.0, 0.0, 0.0, 0.0], "url": "http://www.drinkbigapple.com/2013/09/02/sledgehammer-cabernet-sauvignon/"}, {"relevance": 0.40338408641688117,