{"query_id": 8888, "passages": [{"tokens": ["shoe", "carnival-closed", "christmas", "day", ".", "most", "shoe", "carnival", "stores", "will", "be", "closed", "on", "christmas", "day", ",", "december", "25.", "shoe", "carnival", "will", "resume", "normal", "hours", "on", "december", "26", "to", "kick", "off", "their", "after", "christmas", "and", "new", "years", "sales", ".", "shoe", "carnival", "will", "also", "close", "early", "on", "christmas", "eve", ",", "december", "24", "at", "most", "locations", ".", "stores", "may", "be", "open", "limited", "hours", "on", "new", "years", "eve", "and/or", "new", "years", "day", ".", "again", ",", "most", "shoe", "carnival", "stores", "will", "be", "closed", "this"], "relevance": 0.48704760631638516, "start_index": 25, "logits_end": [2.8494530852185562e-05, 0.0007811158429831266, 8.279805479105562e-05, 0.005709206685423851, 0.011786953546106815, 2.6442277885507792e-05, 3.5969762393506244e-05, 4.4863605580758303e-05, 0.00011566662578843534, 2.0754840079462156e-05, 2.8468401069403626e-05, 0.0017254414269700646, 9.336423681816086e-05, 0.0005802183877676725, 0.004010695032775402, 0.00011198249558219686, 0.00733013404533267, 0.16555505990982056, 0.0013532908633351326, 0.0008723197970539331, 0.00010932418081210926, 6.147163367131725e-05, 1.3133880202076398e-05, 0.002699506701901555, 3.293500776635483e-05, 0.001104122493416071, 0.1173379197716713, 0.0010531842708587646, 0.008515576831996441, 0.001119105494581163, 0.000891893811058253, 0.001201253617182374, 0.0067195105366408825, 0.0003835003590211272, 0.0004531728627625853, 0.01850607991218567, 0.018353188410401344, 0.3230932950973511, 0.00011105844168923795, 9.815376688493416e-05, 2.0982857677154243e-05, 2.3162378056440502e-05, 4.190470644971356e-05, 0.00041650727507658303, 1.7997585018747486e-05, 6.0357335314620286e-05, 0.00016988716379273683, 2.130438770109322e-05, 0.004251375794410706, 0.14621438086032867, 0.0009219888015650213, 0.00029875757172703743, 0.005563625134527683, 0.08435750007629395, 4.287218689569272e-05, 1.9388266082387418e-05, 1.2739885278278962e-05, 1.3349846085475292e-05, 1.670005985943135e-05, 0.005643879063427448, 7.182794797699898e-05, 4.127412103116512e-05, 0.005009129643440247, 0.00019141392840538174, 0.00013739033602178097, 2.525067793612834e-05, 0.0004071333387400955, 0.01057096105068922, 0.03301810100674629, 6.101344479247928e-05, 3.087234654230997e-05, 8.077500751824118e-06, 8.486398655804805e-06, 5.175924343348015e-06, 6.747800853190711e-06, 2.107658474415075e-06, 3.2059679142548703e-06, 0.00010310950165148824, 1.946327756741084e-05, 0.0, 0.0, 0.0, 0.0, 0.0, 0.0, 0.0, 0.0, 0.0, 0.0, 0.0, 0.0, 0.0, 0.0, 0.0, 0.0, 0.0, 0.0, 0.0, 0.0, 0.0, 0.0, 0.0, 0.0, 0.0, 0.0, 0.0, 0.0, 0.0, 0.0, 0.0, 0.0, 0.0, 0.0, 0.0, 0.0, 0.0, 0.0, 0.0, 0.0, 0.0, 0.0, 0.0, 0.0, 0.0, 0.0, 0.0, 0.0, 0.0, 0.0, 0.0, 0.0, 0.0, 0.0, 0.0, 0.0, 0.0, 0.0, 0.0, 0.0, 0.0, 0.0, 0.0, 0.0, 0.0, 0.0, 0.0, 0.0, 0.0, 0.0, 0.0, 0.0, 0.0, 0.0, 0.0, 0.0, 0.0, 0.0, 0.0, 0.0, 0.0, 0.0, 0.0, 0.0, 0.0, 0.0, 0.0, 0.0, 0.0, 0.0, 0.0, 0.0, 0.0, 0.0, 0.0, 0.0, 0.0, 0.0, 0.0, 0.0, 0.0, 0.0, 0.0, 0.0, 0.0, 0.0, 0.0, 0.0, 0.0, 0.0, 0.0, 0.0, 0.0, 0.0, 0.0, 0.0, 0.0, 0.0, 0.0, 0.0, 0.0, 0.0, 0.0, 0.0, 0.0, 0.0, 0.0, 0.0, 0.0, 0.0, 0.0, 0.0, 0.0, 0.0, 0.0, 0.0, 0.0, 0.0, 0.0, 0.0, 0.0, 0.0, 0.0, 0.0, 0.0, 0.0, 0.0, 0.0, 0.0, 0.0, 0.0], "url": "http://www.openforchristmasday.com/2011/11/shoe-carnival-closed-christmas-day.html", "selected": true, "logits_start": [0.014828440733253956, 0.005786449648439884, 0.003271301044151187, 0.0006556034204550087, 0.0008554868982173502, 0.057951174676418304, 0.005170769989490509, 0.006089101079851389, 0.005108993500471115, 0.005052198190242052, 0.0058374893851578236, 0.030018547549843788, 0.004985202103853226, 0.008735386654734612, 0.005462913773953915, 0.002304479945451021, 0.08348371833562851, 0.020782364532351494, 0.009782525710761547, 0.007735486142337322, 0.006671738810837269, 0.010482031852006912, 0.06658448278903961, 0.07442859560251236, 0.005342142190784216, 0.3344682455062866, 0.020778892561793327, 0.00010434528667246923, 0.0003096768632531166, 0.00034523100475780666, 0.00041487382259219885, 0.0009570655529387295, 0.00031352374935522676, 0.00023739616153761744, 0.000873642391525209, 0.0024759620428085327, 0.00014321038906928152, 0.00015334955241996795, 0.014309937134385109, 0.0010237210663035512, 0.0007066859398037195, 0.000820462591946125, 0.004320377018302679, 0.0031617218628525734, 0.0009171057026833296, 0.005746012087911367, 0.0032632232178002596, 0.0005356860347092152, 0.0596831813454628, 0.0013953117886558175, 0.00012155823060311377, 0.00019751173385884613, 7.933886809041724e-05, 0.00010186904546571895, 0.007976250723004341, 0.0006708108121529222, 0.0009400331764481962, 0.014856829307973385, 0.04030584171414375, 0.013997159898281097, 0.00050044507952407, 0.0019617448560893536, 0.0036181784234941006, 0.0011275322176516056, 0.0008988154586404562, 0.00035714852856472135, 0.0069930157624185085, 7.764194378978573e-06, 3.4142963158956263e-06, 8.104144944809377e-05, 2.2447604806075105e-06, 3.638541966211051e-05, 1.6145901099662296e-05, 9.21255377761554e-06, 7.999014997039922e-06, 9.448253877053503e-06, 1.3632278751174454e-05, 0.0002134449314326048, 2.978818884002976e-05, 0.0, 0.0, 0.0, 0.0, 0.0, 0.0, 0.0, 0.0, 0.0, 0.0, 0.0, 0.0, 0.0, 0.0, 0.0, 0.0, 0.0, 0.0, 0.0, 0.0, 0.0, 0.0, 0.0, 0.0, 0.0, 0.0, 0.0, 0.0, 0.0, 0.0, 0.0, 0.0, 0.0, 0.0, 0.0, 0.0, 0.0, 0.0, 0.0, 0.0, 0.0, 0.0, 0.0, 0.0, 0.0, 0.0, 0.0, 0.0, 0.0, 0.0, 0.0, 0.0, 0.0, 0.0, 0.0, 0.0, 0.0, 0.0, 0.0, 0.0, 0.0, 0.0, 0.0, 0.0, 0.0, 0.0, 0.0, 0.0, 0.0, 0.0, 0.0, 0.0, 0.0, 0.0, 0.0, 0.0, 0.0, 0.0, 0.0, 0.0, 0.0, 0.0, 0.0, 0.0, 0.0, 0.0, 0.0, 0.0, 0.0, 0.0, 0.0, 0.0, 0.0, 0.0, 0.0, 0.0, 0.0, 0.0, 0.0, 0.0, 0.0, 0.0, 0.0, 0.0, 0.0, 0.0, 0.0, 0.0, 0.0, 0.0, 0.0, 0.0, 0.0, 0.0, 0.0, 0.0, 0.0, 0.0, 0.0, 0.0, 0.0, 0.0, 0.0, 0.0, 0.0, 0.0, 0.0, 0.0, 0.0, 0.0, 0.0, 0.0, 0.0, 0.0, 0.0, 0.0, 0.0, 0.0, 0.0, 0.0, 0.0, 0.0, 0.0, 0.0, 0.0, 0.0, 0.0, 0.0, 0.0, 0.0, 0.0], "end_index": 37}, {"tokens": ["9:00", "-", ".", "9:00.", "shoe", "carnival", "sunday", "hours", "are", "11", "-", "7", ".", "*", "note", "that", "shoe", "carnival", "shoe", "store", "may", "vary", "in", "closing", ",", "opening", "and", "sunday", "hours", "of", "operation", "by", "state", "and", "city", ".", "the", "following", "shoe", "carnival", "hours", "are", "based", "on", "the", "average", "store", "hours", "nationwide", "and", "pertain", "to", "most", "stores", ".", "**cl=", "closed", "."], "relevance": 0.285177453368125, "url": "http://gohours.com/ShoeCarnival-188",