{"query_id": 9019, "passages": [{"tokens": ["mobiles", "launched", "in", "april", "2014.", "the", "moto", "g", "(", "cdma", ")", "variant", "is", "now", "available", "at", "reliance", "communications", "'", "official", "online", "store", "for", "rs", ".", "13,490", "(", "upfront", ")", "for", "8gb", "variant", ".", "as", "of", "now", ",", "there", "is", "no", "word", "on", "the", "16gb", "version", "of", "the", "smartphone", ".", "it", "'s", "worth", "pointing", "out", "that", "the", "moto", "g", "8gb", "model", "is", "officially", "retailing", "at", "rs", "."], "relevance": 0.40283729411173247, "start_index": 3, "logits_end": [0.0001635728112887591, 0.002746398327872157, 8.536297536920756e-05, 0.013979260809719563, 0.4340945780277252, 0.0023437796626240015, 0.017847498878836632, 0.049929872155189514, 0.011495531536638737, 0.026757413521409035, 0.04425644874572754, 0.004207845777273178, 0.000501938397064805, 0.00024587137158960104, 0.0009487243951298296, 0.0003296130453236401, 0.00028827140340581536, 0.0002534897066652775, 0.00020219784346409142, 9.832951036514714e-05, 0.0001552180474391207, 8.001965761650354e-05, 4.193116183159873e-05, 0.05068296194076538, 0.035267431288957596, 0.1253952980041504, 0.011058004572987556, 0.006960601545870304, 0.01377792377024889, 0.00013183290138840675, 0.002538492204621434, 0.005516914650797844, 0.07194379717111588, 9.450657671550289e-05, 4.705239553004503e-05, 0.00020426556875463575, 0.00013851602852810174, 0.0001154757192125544, 2.4733109967201017e-05, 7.721262227278203e-05, 8.498542592860758e-05, 1.704119858914055e-05, 2.5439352612011135e-05, 0.00015534236445091665, 0.00010268409823765978, 1.524477920611389e-05, 2.403691723884549e-05, 0.0006102603510953486, 0.010868432931602001, 2.8883854611194693e-05, 8.517224159731995e-06, 3.3807154977694154e-05, 1.0540079529164359e-05, 6.262235274334671e-06, 8.299658475152683e-06, 1.247207819687901e-05, 7.61290211812593e-05, 0.00035787688102573156, 0.0003705191775225103, 0.00014186698535922915, 1.3482767826644704e-05, 6.460233998950571e-05, 2.391935595369432e-05, 1.4644663679064251e-05, 0.025698741897940636, 0.026197735220193863, 0.0, 0.0, 0.0, 0.0, 0.0, 0.0, 0.0, 0.0, 0.0, 0.0, 0.0, 0.0, 0.0, 0.0, 0.0, 0.0, 0.0, 0.0, 0.0, 0.0, 0.0, 0.0, 0.0, 0.0, 0.0, 0.0, 0.0, 0.0, 0.0, 0.0, 0.0, 0.0, 0.0, 0.0, 0.0, 0.0, 0.0, 0.0, 0.0, 0.0, 0.0, 0.0, 0.0, 0.0, 0.0, 0.0, 0.0, 0.0, 0.0, 0.0, 0.0, 0.0, 0.0, 0.0, 0.0, 0.0, 0.0, 0.0, 0.0, 0.0, 0.0, 0.0, 0.0, 0.0, 0.0, 0.0, 0.0, 0.0, 0.0, 0.0, 0.0, 0.0, 0.0, 0.0, 0.0, 0.0, 0.0, 0.0, 0.0, 0.0, 0.0, 0.0, 0.0, 0.0, 0.0, 0.0, 0.0, 0.0, 0.0, 0.0, 0.0, 0.0, 0.0, 0.0, 0.0, 0.0, 0.0, 0.0, 0.0, 0.0, 0.0, 0.0, 0.0, 0.0, 0.0, 0.0, 0.0, 0.0, 0.0, 0.0, 0.0, 0.0, 0.0, 0.0, 0.0, 0.0, 0.0, 0.0, 0.0, 0.0, 0.0, 0.0, 0.0, 0.0, 0.0, 0.0, 0.0, 0.0, 0.0, 0.0, 0.0, 0.0, 0.0, 0.0, 0.0, 0.0, 0.0, 0.0, 0.0, 0.0, 0.0, 0.0, 0.0, 0.0, 0.0, 0.0, 0.0, 0.0, 0.0, 0.0, 0.0, 0.0, 0.0, 0.0, 0.0, 0.0, 0.0, 0.0, 0.0, 0.0, 0.0, 0.0, 0.0, 0.0], "url": "http://gadgets.ndtv.com/mobiles/news/moto-g-cdma-variant-launched-in-india-at-rs-13490-505892", "selected": true, "logits_start": [0.05590372160077095, 0.008142543025314808, 0.00797153078019619, 0.5451536774635315, 0.044841066002845764, 0.0038508509751409292, 0.02972068451344967, 0.0007924313540570438, 0.00041707511991262436, 0.0027561974711716175, 0.00016533186135347933, 0.0015655463794246316, 0.00031175269396044314, 0.0003103624330833554, 0.00041662610601633787, 0.0007616352522745728, 0.00042351364390924573, 0.0003455789992585778, 0.00046882597962394357, 0.0006672517047263682, 0.0004618412640411407, 0.0006140196928754449, 0.001828684937208891, 0.13899165391921997, 0.00035461917286738753, 0.057824913412332535, 4.2995434341719374e-05, 0.00101757375523448, 0.00016430875984951854, 0.0003673488099593669, 0.003296066541224718, 0.00027009655605070293, 4.385640568216331e-05, 0.0015622563660144806, 0.00011619953875197098, 9.110296377912164e-05, 3.061089591938071e-05, 0.0005556310061365366, 9.946744830813259e-05, 0.000216225758777, 0.0001296063419431448, 0.00010639157699188218, 0.00023478428192902356, 0.0005892155459150672, 9.843949374044314e-05, 7.103149255272001e-05, 0.0001379816822009161, 0.0001357176515739411, 6.4814455981832e-05, 0.002139110816642642, 0.0002074911171803251, 0.00023860819055698812, 0.00023337810125667602, 0.00021176984591875225, 0.000218593209865503, 0.0005315620801411569, 0.0017088772729039192, 0.0016153655014932156, 0.0006586958188563585, 0.0005288092652335763, 0.0003935514541808516, 0.0007644496508873999, 0.0006062478059902787, 0.008865535259246826, 0.06654661148786545, 2.7671392672345974e-05, 0.0, 0.0, 0.0, 0.0, 0.0, 0.0, 0.0, 0.0, 0.0, 0.0, 0.0, 0.0, 0.0, 0.0, 0.0, 0.0, 0.0, 0.0, 0.0, 0.0, 0.0, 0.0, 0.0, 0.0, 0.0, 0.0, 0.0, 0.0, 0.0, 0.0, 0.0, 0.0, 0.0, 0.0, 0.0, 0.0, 0.0, 0.0, 0.0, 0.0, 0.0, 0.0, 0.0, 0.0, 0.0, 0.0, 0.0, 0.0, 0.0, 0.0, 0.0, 0.0, 0.0, 0.0, 0.0, 0.0, 0.0, 0.0, 0.0, 0.0, 0.0, 0.0, 0.0, 0.0, 0.0, 0.0, 0.0, 0.0, 0.0, 0.0, 0.0, 0.0, 0.0, 0.0, 0.0, 0.0, 0.0, 0.0, 0.0, 0.0, 0.0, 0.0, 0.0, 0.0, 0.0, 0.0, 0.0, 0.0, 0.0, 0.0, 0.0, 0.0, 0.0, 0.0, 0.0, 0.0, 0.0, 0.0, 0.0, 0.0, 0.0, 0.0, 0.0, 0.0, 0.0, 0.0, 0.0, 0.0, 0.0, 0.0, 0.0, 0.0, 0.0, 0.0, 0.0, 0.0, 0.0, 0.0, 0.0, 0.0, 0.0, 0.0, 0.0, 0.0, 0.0, 0.0, 0.0, 0.0, 0.0, 0.0, 0.0, 0.0, 0.0, 0.0, 0.0, 0.0, 0.0, 0.0, 0.0, 0.0, 0.0, 0.0, 0.0, 0.0, 0.0, 0.0, 0.0, 0.0, 0.0, 0.0, 0.0, 0.0, 0.0, 0.0, 0.0, 0.0, 0.0, 0.0, 0.0, 0.0, 0.0, 0.0, 0.0, 0.0], "end_index": 4}, {"tokens": ["motorola", "moto", "g", "(", "cdma", ",", "1st", "gen.", ")", ".", "info", "photos", "reviews", "7", "news", "forum", "17.", "this", "affordable", "android", "phone", "brings", "many", "aspects", "of", "the", "moto", "x", "to", "a", "lower", "price", "point", ".", "key", "features", "include", "a", "comfortable", "curved-back", "design", ",", "hd", "display", ",", "5-megapixel", "main", "camera", ",", "and", "front", "camera", ".", "offered", "by", ":", "1", "boost", "mobile", ".", "2", "u.s.", "cellular", "discontinued", "."], "relevance": 0.3854343640009202, "url": "http://www.phonescoop.com/phones/phone.php?p=4242",