{"query_id": 9361, "passages": [{"relevance": 0.36186884195256086, "end_index": 6, "logits_start": [0.02246740646660328, 0.006767405662685633, 0.006917234975844622, 0.06569836288690567, 0.0382889099419117, 0.6890438199043274, 0.000672193942591548, 0.0001230880297953263, 0.002025109948590398, 0.0015763113042339683, 8.023994450923055e-05, 0.00022990543220657855, 0.00017148867482319474, 0.0001545973791508004, 0.00013575433695223182, 0.00013995388871990144, 0.00011889529559994116, 0.00021645083324983716, 0.00040259602246806026, 6.713844777550548e-05, 0.0030986545607447624, 0.0005408229772001505, 0.00045874150237068534, 0.00019204024283681065, 0.00030628693639300764, 0.0003996691666543484, 0.0005843609687872231, 5.116242391522974e-05, 0.0007351082749664783, 0.00010538514470681548, 0.00012085300841135904, 0.00012383026478346437, 0.00011367617116775364, 8.731212437851354e-05, 3.4462289477232844e-05, 0.00020514173957053572, 0.00013949336425866932, 0.00012324226554483175, 0.0001237319374922663, 0.0003607971593737602, 0.0003220889193471521, 0.0014371235156431794, 0.00023005390539765358, 5.6593202316435054e-05, 0.0029360787011682987, 0.0007267743931151927, 0.0003267450083512813, 0.0005272949347272515, 0.0003874764370266348, 0.00020194126409478486, 0.0003921840980183333, 0.0005083743599243462, 0.0001699590211501345, 0.00041478831553831697, 0.00044724420877173543, 0.0008331353310495615, 0.018825137987732887, 0.00032466388074681163, 0.00042930757626891136, 0.014037773944437504, 0.003834764240309596, 0.027130654081702232, 0.015926649793982506, 0.001220870646648109, 0.011470053344964981, 0.009192973375320435, 0.0010129064321517944, 0.013758990913629532, 0.01024488266557455, 0.0011057351948693395, 0.013525811024010181, 0.004779186565428972, 6.0174479585839435e-05, 0.0, 0.0, 0.0, 0.0, 0.0, 0.0, 0.0, 0.0, 0.0, 0.0, 0.0, 0.0, 0.0, 0.0, 0.0, 0.0, 0.0, 0.0, 0.0, 0.0, 0.0, 0.0, 0.0, 0.0, 0.0, 0.0, 0.0, 0.0, 0.0, 0.0, 0.0, 0.0, 0.0, 0.0, 0.0, 0.0, 0.0, 0.0, 0.0, 0.0, 0.0, 0.0, 0.0, 0.0, 0.0, 0.0, 0.0, 0.0, 0.0, 0.0, 0.0, 0.0, 0.0, 0.0, 0.0, 0.0, 0.0, 0.0, 0.0, 0.0, 0.0, 0.0, 0.0, 0.0, 0.0, 0.0, 0.0, 0.0, 0.0, 0.0, 0.0, 0.0, 0.0, 0.0, 0.0, 0.0, 0.0, 0.0, 0.0, 0.0, 0.0, 0.0, 0.0, 0.0, 0.0, 0.0, 0.0, 0.0, 0.0, 0.0, 0.0, 0.0, 0.0, 0.0, 0.0, 0.0, 0.0, 0.0, 0.0, 0.0, 0.0, 0.0, 0.0, 0.0, 0.0, 0.0, 0.0, 0.0, 0.0, 0.0, 0.0, 0.0, 0.0, 0.0, 0.0, 0.0, 0.0, 0.0, 0.0, 0.0, 0.0, 0.0, 0.0, 0.0, 0.0, 0.0, 0.0, 0.0, 0.0, 0.0, 0.0, 0.0, 0.0, 0.0, 0.0, 0.0, 0.0, 0.0, 0.0, 0.0, 0.0, 0.0, 0.0, 0.0, 0.0, 0.0, 0.0, 0.0, 0.0, 0.0, 0.0, 0.0, 0.0, 0.0, 0.0, 0.0, 0.0], "start_index": 5, "selected": true, "tokens": ["and", "keeping", "your", "lunch", "to", "400", "calories", ",", "or", "less", ",", "will", "help", "you", "keep", "your", "diet", "on", "track", ".", "these", "light", "lunch", "menus", "deliver", "some", "protein", "and", "fiber", "to", "keep", "you", "feeling", "satisfied", ",", "yet", "leave", "room", "for", "a", "healthy", "mid-afternoon", "snack", ".", "download", "a", "free", "low-calorie", "lunch", "cookbook", "!", "next", ":", "garden", "pasta", "salad", "1", "»", ".", "1", ".", "2", "2", ".", "3", "3", ".", "4", "4", ".", "5", "5", "."], "url": "http://www.eatingwell.com/nutrition_health/weight_loss_diet_plans/diet_meal_plans/Lunches_for_400_calories_or_less", "logits_end": [8.433518087258562e-05, 4.015094236820005e-05, 3.085254138568416e-05, 0.00040842662565410137, 3.728834417415783e-05, 0.01472522970288992, 0.7084444761276245, 0.005494131240993738, 0.0004408183740451932, 0.04074260592460632, 0.0027352769393473864, 0.000321466795867309, 0.0002959264675155282, 0.0003701530222315341, 0.00030718237394466996, 0.0003477497957646847, 0.0005251721595413983, 0.00023136669187806547, 0.005420847795903683, 0.13894963264465332, 5.760748899774626e-05, 7.88478646427393e-05, 0.00022385854390449822, 9.555187716614455e-05, 4.5771546865580603e-05, 4.409125176607631e-05, 0.0004352225223556161, 6.418691191356629e-05, 0.00037963027716614306, 4.056862962897867e-05, 4.592768891598098e-05, 5.3333376854425296e-05, 5.334004163159989e-05, 0.0002602956083137542, 7.718760753050447e-05, 2.308638249814976e-05, 1.7719996321829967e-05, 5.568412962020375e-05, 1.8641105270944536e-05, 2.551638135628309e-05, 8.904707647161558e-05, 0.0013711730716750026, 0.0019313851371407509, 0.016863815486431122, 2.9476334020728245e-05, 6.905051850480959e-05, 3.84057238989044e-05, 0.0001532493333797902, 9.903546015266329e-05, 0.00024969203514046967, 0.00022555880423169583, 0.0002975491515826434, 0.00037179069477133453, 3.158169056405313e-05, 0.00030361750395968556, 8.90717055881396e-05, 0.0007407505763694644, 0.0009635757887735963, 0.002760979114100337, 0.000670142297167331, 0.0013207548763602972, 0.00019944162340834737, 0.0030686778482049704, 0.0026750133838504553, 0.000247896125074476, 0.004601307213306427, 0.004710978828370571, 0.00031899340683594346, 0.004961848724633455, 0.005164111964404583, 0.0004028842959087342, 0.010556213557720184, 0.012373791076242924, 0.0, 0.0, 0.0, 0.0, 0.0, 0.0, 0.0, 0.0, 0.0, 0.0, 0.0, 0.0, 0.0, 0.0, 0.0, 0.0, 0.0, 0.0, 0.0, 0.0, 0.0, 0.0, 0.0, 0.0, 0.0, 0.0, 0.0, 0.0, 0.0, 0.0, 0.0, 0.0, 0.0, 0.0, 0.0, 0.0, 0.0, 0.0, 0.0, 0.0, 0.0, 0.0, 0.0, 0.0, 0.0, 0.0, 0.0, 0.0, 0.0, 0.0, 0.0, 0.0, 0.0, 0.0, 0.0, 0.0, 0.0, 0.0, 0.0, 0.0, 0.0, 0.0, 0.0, 0.0, 0.0, 0.0, 0.0, 0.0, 0.0, 0.0, 0.0, 0.0, 0.0, 0.0, 0.0, 0.0, 0.0, 0.0, 0.0, 0.0, 0.0, 0.0, 0.0, 0.0, 0.0, 0.0, 0.0, 0.0, 0.0, 0.0, 0.0, 0.0, 0.0, 0.0, 0.0, 0.0, 0.0, 0.0, 0.0, 0.0, 0.0, 0.0, 0.0, 0.0, 0.0, 0.0, 0.0, 0.0, 0.0, 0.0, 0.0, 0.0, 0.0, 0.0, 0.0, 0.0, 0.0, 0.0, 0.0, 0.0, 0.0, 0.0, 0.0, 0.0, 0.0, 0.0, 0.0, 0.0, 0.0, 0.0, 0.0, 0.0, 0.0, 0.0, 0.0, 0.0, 0.0, 0.0, 0.0, 0.0, 0.0, 0.0, 0.0, 0.0, 0.0, 0.0, 0.0, 0.0, 0.0, 0.0, 0.0, 0.0, 0.0, 0.0, 0.0, 0.0, 0.0]}, {"relevance": 0.3410362416983999, "tokens": ["the", "450-calorie", "lunch*", ".", "use", "this", "list", "as", "a", "reference", "for", "what", "foods", "you", "might", "combine", "to", "stay", "within", "your", "goal", "of", "a", "450-calorie", "lunch", ".", "1", "1", "slice", "whole-wheat", "bread", ",", "69", "calories", ".", "2", "1", "slice", "reduced-calorie", "wheat", "bread", ",", "48", "calories", ".", "3", "1", "large", "pita", "(", "6-1/2", "diameter", ")", ",", "165", "calories", "."], "url": "http://www.tasteofhome.com/healthy/special-diets/low-calorie/low-calorie-lunch-foods",