{"query_id": 1121, "passages": [{"logits_start": [0.06759586185216904, 0.01837097853422165, 0.005929787177592516, 0.2589852511882782, 0.028995560482144356, 0.004888562019914389, 0.1806105077266693, 0.014203734695911407, 0.04700962454080582, 0.021383121609687805, 0.009821940213441849, 0.01464308425784111, 0.005947861820459366, 0.008945772424340248, 0.007832149043679237, 0.004806244745850563, 0.0066970838233828545, 0.006050916854292154, 0.0030331574380397797, 0.0027593981940299273, 0.003966052085161209, 0.0026333348359912634, 0.004009209107607603, 0.0020440833177417517, 0.0016159462975338101, 0.050948720425367355, 0.004182928241789341, 0.060139741748571396, 0.017894530668854713, 0.005081949755549431, 0.0042124963365495205, 0.004547408781945705, 0.012766627594828606, 0.009363277815282345, 0.003290769411250949, 0.0038428420666605234, 0.005281419493257999, 0.003074436215683818, 0.002500670962035656, 0.0023912573233246803, 0.0033531803637742996, 0.0024369098246097565, 0.0032006907276809216, 0.0021599563769996166, 0.0019799298606812954, 0.0025429714005440474, 0.002104870742186904, 0.0018103522015735507, 0.002593193668872118, 0.0021957855205982924, 0.0018141138134524226, 0.0015487192431464791, 0.0009979658061638474, 0.003110532881692052, 0.0018429025076329708, 0.0013228686293587089, 0.0005092006758786738, 0.010473589412868023, 0.0007787033682689071, 0.0015682324301451445, 0.0008853430044837296, 0.0009899347787722945, 0.0025629615411162376, 0.0009474853868596256, 0.000363704253686592, 0.01160825788974762, 0.0009292342001572251, 0.003080104710534215, 0.002528953831642866, 0.0016677555395290256, 0.002736251102760434, 0.0010569384321570396, 0.0, 0.0, 0.0, 0.0, 0.0, 0.0, 0.0, 0.0, 0.0, 0.0, 0.0, 0.0, 0.0, 0.0, 0.0, 0.0, 0.0, 0.0, 0.0, 0.0, 0.0, 0.0, 0.0, 0.0, 0.0, 0.0, 0.0, 0.0, 0.0, 0.0, 0.0, 0.0, 0.0, 0.0, 0.0, 0.0, 0.0, 0.0, 0.0, 0.0, 0.0, 0.0, 0.0, 0.0, 0.0, 0.0, 0.0, 0.0, 0.0, 0.0, 0.0, 0.0, 0.0, 0.0, 0.0, 0.0, 0.0, 0.0, 0.0, 0.0, 0.0, 0.0, 0.0, 0.0, 0.0, 0.0, 0.0, 0.0, 0.0, 0.0, 0.0, 0.0, 0.0, 0.0, 0.0, 0.0, 0.0, 0.0, 0.0, 0.0, 0.0, 0.0, 0.0, 0.0, 0.0, 0.0, 0.0, 0.0, 0.0, 0.0, 0.0, 0.0, 0.0, 0.0, 0.0, 0.0, 0.0, 0.0, 0.0, 0.0, 0.0, 0.0, 0.0, 0.0, 0.0, 0.0, 0.0, 0.0, 0.0, 0.0, 0.0, 0.0, 0.0, 0.0, 0.0, 0.0, 0.0, 0.0, 0.0, 0.0, 0.0, 0.0, 0.0, 0.0, 0.0, 0.0, 0.0, 0.0, 0.0, 0.0, 0.0, 0.0, 0.0, 0.0, 0.0, 0.0, 0.0, 0.0, 0.0, 0.0, 0.0, 0.0, 0.0, 0.0, 0.0, 0.0, 0.0, 0.0, 0.0, 0.0, 0.0, 0.0, 0.0, 0.0, 0.0, 0.0, 0.0, 0.0, 0.0, 0.0, 0.0, 0.0, 0.0, 0.0, 0.0, 0.0, 0.0, 0.0], "logits_end": [0.0018347961595281959, 0.005141103640198708, 0.02359108440577984, 0.007141508627682924, 0.01766197383403778, 0.04700887203216553, 0.002308523515239358, 0.001296481816098094, 0.0010771473171189427, 0.0008710722904652357, 0.0005861240206286311, 0.001314536901190877, 0.0005524548469111323, 0.0008597937412559986, 0.0012782057747244835, 0.0007194109493866563, 0.0011227253125980496, 0.0017931017791852355, 0.0011702034389600158, 0.0012727017747238278, 0.0011644329642876983, 0.0013144478434696794, 0.003392165992408991, 0.003968365490436554, 0.4177217483520508, 0.003508249530568719, 0.0016229910543188453, 0.0018233619630336761, 0.0021468079648911953, 0.0007657913956791162, 0.0005296813324093819, 0.0004850400146096945, 0.000898507540114224, 0.0013272555079311132, 0.0006184398662298918, 0.0005124839372001588, 0.000657619908452034, 0.000736672489438206, 0.0005148701602593064, 0.0005579750286415219, 0.000678473967127502, 0.0005596996634267271, 0.0006362386629916728, 0.0005638278089463711, 0.0005236713914200664, 0.0006442398298531771, 0.000662663544062525, 0.0006194666493684053, 0.0009521175525151193, 0.0012602134374901652, 0.001242499565705657, 0.00177861494012177, 0.0017211708473041654, 0.004464598838239908, 0.004470454528927803, 0.010374211706221104, 0.3366694450378418, 0.0013037542812526226, 0.0005008331499993801, 0.0003485400811769068, 0.0002458595554344356, 0.00027406265144236386, 0.0011996392859146, 0.00275975838303566, 0.05956370383501053, 0.0009730115998536348, 0.00045345272519625723, 0.0004463970544748008, 0.00020258137374185026, 0.00017769882106222212, 0.00035773409763351083, 0.0005026406142860651, 0.0, 0.0, 0.0, 0.0, 0.0, 0.0, 0.0, 0.0, 0.0, 0.0, 0.0, 0.0, 0.0, 0.0, 0.0, 0.0, 0.0, 0.0, 0.0, 0.0, 0.0, 0.0, 0.0, 0.0, 0.0, 0.0, 0.0, 0.0, 0.0, 0.0, 0.0, 0.0, 0.0, 0.0, 0.0, 0.0, 0.0, 0.0, 0.0, 0.0, 0.0, 0.0, 0.0, 0.0, 0.0, 0.0, 0.0, 0.0, 0.0, 0.0, 0.0, 0.0, 0.0, 0.0, 0.0, 0.0, 0.0, 0.0, 0.0, 0.0, 0.0, 0.0, 0.0, 0.0, 0.0, 0.0, 0.0, 0.0, 0.0, 0.0, 0.0, 0.0, 0.0, 0.0, 0.0, 0.0, 0.0, 0.0, 0.0, 0.0, 0.0, 0.0, 0.0, 0.0, 0.0, 0.0, 0.0, 0.0, 0.0, 0.0, 0.0, 0.0, 0.0, 0.0, 0.0, 0.0, 0.0, 0.0, 0.0, 0.0, 0.0, 0.0, 0.0, 0.0, 0.0, 0.0, 0.0, 0.0, 0.0, 0.0, 0.0, 0.0, 0.0, 0.0, 0.0, 0.0, 0.0, 0.0, 0.0, 0.0, 0.0, 0.0, 0.0, 0.0, 0.0, 0.0, 0.0, 0.0, 0.0, 0.0, 0.0, 0.0, 0.0, 0.0, 0.0, 0.0, 0.0, 0.0, 0.0, 0.0, 0.0, 0.0, 0.0, 0.0, 0.0, 0.0, 0.0, 0.0, 0.0, 0.0, 0.0, 0.0, 0.0, 0.0, 0.0, 0.0, 0.0, 0.0, 0.0, 0.0, 0.0, 0.0, 0.0, 0.0, 0.0, 0.0, 0.0, 0.0], "relevance": 0.5096894634414405, "tokens": ["top", "definition", ".", "sack", "wack", ".", "1", ")", "where", "your", "use", "torque", "in", "your", "wrist", "to", "whip", "someones", "area", "where", "their", "lower", "genitals", "are", ".", "2", ")", "sack", "wack", "can", "also", "be", "a", "technicial", "name", "for", "the", "process", "in", "which", "homosexuals", "use", "the", "back", "of", "their", "hand", "to", "slap", "someones", "ball", "bag", "(", "nut", "sack", ")", ".", "3", ")", "can", "also", "be", "a", "sport", ".", "1", ")", "i", "gave", "him", "a", "good"],