{"query_id": 1727, "passages": [{"logits_end": [0.0001499019272159785, 0.0006627141265198588, 3.091241160291247e-05, 8.823144526104443e-06, 0.0001777027064235881, 0.0011360798962414265, 7.781461135891732e-06, 0.00021545412892010063, 0.0006411708891391754, 2.852817260645679e-06, 1.2982150110474322e-05, 4.572441685013473e-05, 9.329162821813952e-06, 1.0885075425903779e-05, 0.001556192059069872, 7.578638906124979e-05, 3.085270873270929e-05, 0.000785724725574255, 0.00011128610640298575, 0.0029581058770418167, 0.0019769156351685524, 0.0377943255007267, 0.2273331582546234, 0.0015228941338136792, 0.0006837290711700916, 0.00023025252448860556, 0.00015176116721704602, 0.00035335516440682113, 0.00016615362255834043, 5.900718679185957e-05, 0.00019642706320155412, 0.001112441997975111, 0.003238530131056905, 0.00011381408694433048, 3.51923554262612e-05, 8.343457739101723e-05, 9.881453297566622e-05, 0.000538213993422687, 0.0003009274660144001, 0.0009689349681138992, 0.0008363713277503848, 0.00011897916556335986, 3.35908007400576e-05, 0.0070874495431780815, 0.005020195618271828, 0.004798197653144598, 0.053146880120038986, 0.002134353155270219, 0.0023667148780077696, 0.001603210112079978, 0.002309254603460431, 0.06459806859493256, 0.0038538132794201374, 0.009483426809310913, 0.005404287949204445, 0.026259440928697586, 0.001125834765844047, 0.0002037983649643138, 0.0016288235783576965, 0.0009072834509424865, 5.8953301049768925e-05, 0.00019516369502525777, 0.001895005814731121, 0.00031368096824735403, 5.2867679187329486e-05, 0.0006835361127741635, 0.00013346025662031025, 0.00032165684388019145, 3.775206641876139e-05, 0.006736683193594217, 0.09881336241960526, 0.014784627594053745, 0.0001506069238530472, 0.00015217189502436668, 0.00016969161515589803, 0.0002271428529638797, 9.950087405741215e-05, 0.0010839382885023952, 0.0001606614823685959, 0.0009461466106586158, 0.00030726331169717014, 0.01408697385340929, 0.003919148817658424, 0.0015531422104686499, 0.03808493912220001, 0.05438926815986633, 0.0004637155798263848, 0.0006024217000231147, 8.320565393660218e-05, 0.004992525093257427, 0.035097166895866394, 0.09012112766504288, 0.11058574169874191, 0.00039544986793771386, 0.0003220781509298831, 0.01583719439804554, 0.008641930297017097, 0.014991579577326775, 0.0, 0.0, 0.0, 0.0, 0.0, 0.0, 0.0, 0.0, 0.0, 0.0, 0.0, 0.0, 0.0, 0.0, 0.0, 0.0, 0.0, 0.0, 0.0, 0.0, 0.0, 0.0, 0.0, 0.0, 0.0, 0.0, 0.0, 0.0, 0.0, 0.0, 0.0, 0.0, 0.0, 0.0, 0.0, 0.0, 0.0, 0.0, 0.0, 0.0, 0.0, 0.0, 0.0, 0.0, 0.0, 0.0, 0.0, 0.0, 0.0, 0.0, 0.0, 0.0, 0.0, 0.0, 0.0, 0.0, 0.0, 0.0, 0.0, 0.0, 0.0, 0.0, 0.0, 0.0, 0.0, 0.0, 0.0, 0.0, 0.0, 0.0, 0.0, 0.0, 0.0, 0.0, 0.0, 0.0, 0.0, 0.0, 0.0, 0.0, 0.0, 0.0, 0.0, 0.0, 0.0, 0.0, 0.0, 0.0, 0.0, 0.0, 0.0, 0.0, 0.0, 0.0, 0.0, 0.0, 0.0, 0.0, 0.0, 0.0, 0.0, 0.0, 0.0, 0.0, 0.0, 0.0, 0.0, 0.0, 0.0, 0.0, 0.0, 0.0, 0.0, 0.0, 0.0, 0.0, 0.0, 0.0, 0.0, 0.0, 0.0, 0.0, 0.0, 0.0, 0.0, 0.0, 0.0, 0.0, 0.0, 0.0, 0.0, 0.0, 0.0, 0.0, 0.0, 0.0, 0.0, 0.0, 0.0, 0.0, 0.0, 0.0, 0.0, 0.0, 0.0, 0.0, 0.0, 0.0, 0.0, 0.0, 0.0, 0.0, 0.0, 0.0, 0.0], "tokens": ["submit", ".", "·", "just", "now", ".", "report", "abuse", ".", "a", "centi", "meter", "is", "one", "hundredth", "of", "a", "meter", "(", "1", "/", "100", ")", "that", "'", "s", "the", "beauty", "of", "the", "decimal", "system", ":", "it", "'", "s", "very", "easy", "and", "logical", ":", "mili", "=", "1", "/", "1000", "centi", "=", "1", "/", "100", "deci", "=", "1", "/", "10", "by", "the", "way", ",", "a", "cubic", "centimeter", "(", "a", "cube", "with", "sides", "=", "1", "cm", ")", "is", "exactly", "one", "mililiter", "in", "volume", "(", "1", "/", "1000", "of", "a", "liter", ").", "manny", "p", "·", "9", "years", "ago", ".", "thumbs", "up", ".", "0", "."], "selected": true, "relevance": 0.5221725233433183, "url": "https://answers.yahoo.com/question/index?qid=20061211173120AA6J9jR", "end_index": 22, "start_index": 19, "logits_start": [0.0027599111199378967, 8.351139695150778e-05, 0.005101678892970085, 0.0006177952163852751, 0.00024661284987814724, 4.49398357886821e-05, 0.0035990942269563675, 0.0002924247819464654, 0.0002393823815509677, 0.05023469775915146, 0.0034894035197794437, 0.003389478661119938, 0.0034220051020383835, 0.004580858629196882, 0.005982797127217054, 0.0013719404814764857, 0.0028473692946135998, 0.0026690789964050055, 0.0019744106102734804, 0.25679755210876465, 0.00028154338360764086, 0.005679010879248381, 0.00011242360051255673, 0.002721253549680114, 0.00030702954973094165, 0.00023972918279469013, 0.0006058503058739007, 0.00015177497698459774, 0.0002924282744061202, 0.0004533731553237885, 0.00025622546672821045, 0.00011921421537408605, 0.00012902515300083905, 0.0031684990972280502, 0.0005128582124598324, 0.00041797274025157094, 0.0003316855290904641, 0.00036202635965310037, 0.00028034026036038995, 0.0003735147474799305, 0.0005062957643531263, 0.015601894818246365, 0.0031095982994884253, 0.11804668605327606, 0.00011255941353738308, 0.004149026237428188, 0.0006070203380659223, 0.0013325606705620885, 0.04442630708217621, 0.00016317136760335416, 0.0029517284128814936, 0.00035703449975699186, 0.0007634061621502042, 0.028804633766412735, 8.453844202449545e-05, 0.0012403010623529553, 0.005235819146037102, 0.0006135079893283546, 0.00028983631636947393, 0.00020714724087156355, 0.0035236398689448833, 0.0007860009209252894, 0.0008307922398671508, 0.0003841274883598089, 0.0023658627178519964, 0.0006170591805130243, 0.0009088400402106345, 0.0024252913426607847, 0.003393379272893071, 0.1573086977005005, 0.0001404847571393475, 0.00022430245007853955, 0.003086075885221362, 0.0006738202646374702, 0.0007362352916970849, 0.0005235065473243594, 0.0011217546416446567, 0.002884134417399764, 0.0015718721551820636, 0.11295972764492035, 9.871506335912272e-05, 0.0027872079517692327, 0.00011932227062061429, 0.0009330000029876828, 0.0006226053810678422, 9.174224396701902e-05, 0.00460801599547267, 0.0015886400360614061, 0.005478799343109131, 0.08738594502210617, 6.70614535920322e-05, 0.0001663842413108796, 3.0185194191290066e-05, 0.001402708818204701, 0.0003046820929739624, 0.0001447582762921229, 0.002363824052736163, 0.00019693640933837742, 0.0, 0.0, 0.0, 0.0, 0.0, 0.0, 0.0, 0.0, 0.0, 0.0, 0.0, 0.0, 0.0, 0.0, 0.0, 0.0, 0.0, 0.0, 0.0, 0.0, 0.0, 0.0, 0.0, 0.0, 0.0, 0.0, 0.0, 0.0, 0.0, 0.0, 0.0, 0.0, 0.0, 0.0, 0.0, 0.0, 0.0, 0.0, 0.0, 0.0, 0.0, 0.0, 0.0, 0.0, 0.0, 0.0, 0.0, 0.0, 0.0, 0.0, 0.0, 0.0, 0.0, 0.0, 0.0, 0.0, 0.0, 0.0, 0.0, 0.0, 0.0, 0.0, 0.0, 0.0, 0.0, 0.0, 0.0, 0.0, 0.0, 0.0, 0.0, 0.0, 0.0, 0.0, 0.0, 0.0, 0.0, 0.0, 0.0, 0.0, 0.0, 0.0, 0.0, 0.0, 0.0, 0.0, 0.0, 0.0, 0.0, 0.0, 0.0, 0.0, 0.0, 0.0, 0.0, 0.0, 0.0, 0.0, 0.0, 0.0, 0.0, 0.0, 0.0, 0.0, 0.0, 0.0, 0.0, 0.0, 0.0, 0.0, 0.0, 0.0, 0.0, 0.0, 0.0, 0.0, 0.0, 0.0, 0.0, 0.0, 0.0, 0.0, 0.0, 0.0, 0.0, 0.0, 0.0, 0.0, 0.0, 0.0, 0.0, 0.0, 0.0, 0.0, 0.0, 0.0, 0.0, 0.0, 0.0, 0.0, 0.0, 0.0, 0.0, 0.0, 0.0, 0.0, 0.0, 0.0, 0.0, 0.0, 0.0, 0.0, 0.0, 0.0, 0.0]}, {"logits_end": [0.00031139692873694, 0.0010486599057912827, 0.040063779801130295, 0.0036597936414182186, 0.014098484069108963, 0.004777275957167149, 0.00016694076475687325, 0.0010774914408102632, 0.11763400584459305, 0.013998596929013729, 0.02916215918958187, 0.004445008933544159, 0.0015335110947489738, 0.005207989830523729, 0.06841500848531723, 0.0016807731008157134, 0.0026775302831083536, 0.11068027466535568, 0.002692166017368436, 0.0010304426541551948, 0.0001467121473979205, 0.005345833953469992, 0.10542367398738861, 0.058226924389600754, 0.0010048114927485585, 0.0045286365784704685, 0.05218666046857834, 0.0005988719058223069, 0.0014896944630891085, 0.001876936061307788, 0.0046261977404356, 0.08225094527006149, 0.0001213321229442954, 0.0027254854794591665, 0.03967956453561783, 0.0014999057166278362, 0.0039528305642306805, 0.003924935590475798, 0.03479303419589996, 0.012248361483216286, 0.1589873880147934, 0.0, 0.0, 0.0, 0.0, 0.0, 0.0, 0.0, 0.0, 0.0, 0.0, 0.0, 0.0, 0.0, 0.0, 0.0, 0.0, 0.0, 0.0, 0.0, 0.0, 0.0, 0.0, 0.0, 0.0, 0.0, 0.0, 0.0, 0.0, 0.0, 0.0,