{"query_id": 2008, "passages": [{"start_index": 0, "relevance": 0.3771589987990563, "logits_end": [0.004374521318823099, 0.03763817623257637, 0.0006804591976106167, 0.002336486941203475, 0.10447632521390915, 0.28012561798095703, 0.0001863631623564288, 0.02804369479417801, 0.00047925394028425217, 0.0008941965061239898, 0.0003009806387126446, 0.0001745283807395026, 0.000164765864610672, 0.00013857129670213908, 0.00032033599563874304, 0.0005176895065233111, 0.0005402608658187091, 0.004701807163655758, 0.07413718849420547, 4.773939144797623e-05, 7.611241744598374e-05, 5.145256727701053e-05, 5.400998634286225e-05, 0.008130297064781189, 0.0001424579240847379, 0.004578277003020048, 0.014483033679425716, 0.00038318344741128385, 0.004344874992966652, 0.03760227933526039, 0.059885554015636444, 0.21029096841812134, 0.0001367921504424885, 0.00014742904750164598, 7.228438335005194e-05, 7.33315828256309e-05, 0.012384094297885895, 0.00037696221261285245, 0.00010131403541890904, 0.0029273878317326307, 0.00024676337488926947, 7.056716276565567e-05, 0.003766084788367152, 0.0003130209515802562, 0.00012523481564130634, 0.0036163327749818563, 0.049302950501441956, 0.00030557127320207655, 3.751233816728927e-05, 4.030355194117874e-05, 3.3922136935871094e-05, 3.376427775947377e-05, 0.004544914700090885, 9.912418317981064e-05, 3.8154597859829664e-05, 0.000782215443905443, 0.0008971082279458642, 0.0001315265108132735, 0.00010175839270232245, 0.0019204678246751428, 0.037071678787469864, 0.0, 0.0, 0.0, 0.0, 0.0, 0.0, 0.0, 0.0, 0.0, 0.0, 0.0, 0.0, 0.0, 0.0, 0.0, 0.0, 0.0, 0.0, 0.0, 0.0, 0.0, 0.0, 0.0, 0.0, 0.0, 0.0, 0.0, 0.0, 0.0, 0.0, 0.0, 0.0, 0.0, 0.0, 0.0, 0.0, 0.0, 0.0, 0.0, 0.0, 0.0, 0.0, 0.0, 0.0, 0.0, 0.0, 0.0, 0.0, 0.0, 0.0, 0.0, 0.0, 0.0, 0.0, 0.0, 0.0, 0.0, 0.0, 0.0, 0.0, 0.0, 0.0, 0.0, 0.0, 0.0, 0.0, 0.0, 0.0, 0.0, 0.0, 0.0, 0.0, 0.0, 0.0, 0.0, 0.0, 0.0, 0.0, 0.0, 0.0, 0.0, 0.0, 0.0, 0.0, 0.0, 0.0, 0.0, 0.0, 0.0, 0.0, 0.0, 0.0, 0.0, 0.0, 0.0, 0.0, 0.0, 0.0, 0.0, 0.0, 0.0, 0.0, 0.0, 0.0, 0.0, 0.0, 0.0, 0.0, 0.0, 0.0, 0.0, 0.0, 0.0, 0.0, 0.0, 0.0, 0.0, 0.0, 0.0, 0.0, 0.0, 0.0, 0.0, 0.0, 0.0, 0.0, 0.0, 0.0, 0.0, 0.0, 0.0, 0.0], "tokens": ["ellis", "island", ",", "new", "york", ".", "an", "island", "is", "defined", "as", "a", "body", "of", "land", "surrounded", "by", "water", ".", "an", "example", "of", "an", "island", "is", "ellis", "island", "in", "new", "york", "city", ".", "the", "definition", "of", "an", "island", "is", "an", "area", "that", "is", "isolated", "or", "stands", "alone", ".", "1", "an", "example", "of", "an", "island", "is", "a", "central", "counter", "in", "a", "kitchen", "."], "end_index": 5, "url": "http://www.yourdictionary.com/island", "logits_start": [0.4408976137638092, 0.037054795771837234, 0.0010216777445748448, 0.020186176523566246, 0.03927315026521683, 0.0006398350815288723, 0.038197148591279984, 0.015841003507375717, 0.0009106690995395184, 0.003576671238988638, 0.0011494329664856195, 0.0033560036681592464, 0.002058567712083459, 0.0025684633292257786, 0.0029432526789605618, 0.002487626625224948, 0.0011896227952092886, 0.002153799869120121, 0.0004024946829304099, 0.02273421175777912, 0.0023480094969272614, 0.006142765283584595, 0.004616948775947094, 0.04638674855232239, 0.00300055043771863, 0.11864402890205383, 0.01090945303440094, 0.005452349781990051, 0.0821450725197792, 0.04723558947443962, 0.0024383787531405687, 0.00010829567327164114, 0.004017087630927563, 0.00033289025304839015, 0.0007212585769593716, 0.000570955453440547, 0.0052635641768574715, 0.00018917809939011931, 0.0006898508290760219, 0.0015476606786251068, 0.00017891159222926944, 0.0005543471779674292, 0.0025444317143410444, 4.3300115066813305e-05, 0.0003408139746170491, 0.0005027753650210798, 4.312003875384107e-05, 0.0009801597334444523, 0.00017605663742870092, 0.00029538944363594055, 0.00047024854575283825, 0.0005115366657264531, 0.004659180995076895, 0.0001844776124926284, 0.0009089269442483783, 0.0045339008793234825, 0.0007815789431333542, 0.0002188208745792508, 0.0003269751905463636, 0.0003210238937754184, 2.118583142873831e-05, 0.0, 0.0, 0.0, 0.0, 0.0, 0.0, 0.0, 0.0, 0.0, 0.0, 0.0, 0.0, 0.0, 0.0, 0.0, 0.0, 0.0, 0.0, 0.0, 0.0, 0.0, 0.0, 0.0, 0.0, 0.0, 0.0, 0.0, 0.0, 0.0, 0.0, 0.0, 0.0, 0.0, 0.0, 0.0, 0.0, 0.0, 0.0, 0.0, 0.0, 0.0, 0.0, 0.0, 0.0, 0.0, 0.0, 0.0, 0.0, 0.0, 0.0, 0.0, 0.0, 0.0, 0.0, 0.0, 0.0, 0.0, 0.0, 0.0, 0.0, 0.0, 0.0, 0.0, 0.0, 0.0, 0.0, 0.0, 0.0, 0.0, 0.0, 0.0, 0.0, 0.0, 0.0, 0.0, 0.0, 0.0, 0.0, 0.0, 0.0, 0.0, 0.0, 0.0, 0.0, 0.0, 0.0, 0.0, 0.0, 0.0, 0.0, 0.0, 0.0, 0.0, 0.0, 0.0, 0.0, 0.0, 0.0, 0.0, 0.0, 0.0, 0.0, 0.0, 0.0, 0.0, 0.0, 0.0, 0.0, 0.0, 0.0, 0.0, 0.0, 0.0, 0.0, 0.0, 0.0, 0.0, 0.0, 0.0, 0.0, 0.0, 0.0, 0.0, 0.0, 0.0, 0.0, 0.0, 0.0, 0.0, 0.0, 0.0, 0.0], "selected": true}, {"logits_end": [0.00013638964446727186, 5.775896352133714e-05, 0.00012651651923079044, 0.009288250468671322, 4.839215034735389e-05, 0.05954655632376671, 0.0009908585343509912, 0.0003668528806883842, 0.011021739803254604, 0.0006071973475627601, 0.002164720091968775, 0.008732507936656475, 0.0006559441681019962, 0.0004806334327440709, 0.03201599419116974, 0.003352327039465308, 0.0008108215406537056, 0.0007320744334720075, 0.000736118177883327, 0.009701077826321125, 0.22510023415088654, 0.026033012196421623, 0.002702070865780115, 0.0016420303145423532, 0.0004972080350853503, 0.001695991144515574, 0.0003340343537274748, 0.0006522631738334894, 0.012536351568996906, 0.0012818040559068322, 0.00034595048055052757, 0.0002778155030682683, 0.00017186884360853583, 0.007227955386042595, 0.0003000549040734768, 0.07163487374782562, 0.2039068192243576, 0.00014224558253772557, 6.000634311931208e-05, 4.045128298457712e-05, 8.64290414028801e-05, 8.067492308327928e-05, 3.372805076651275e-05, 0.0005028775776736438, 0.003069723956286907, 0.00012083572073606774, 0.0016199813690036535, 0.02225186862051487, 0.0990317314863205, 0.007093603257089853, 0.00013896757445763797, 5.796523328172043e-05, 5.8784968132385984e-05, 0.00011920725955860689, 0.005571438930928707, 0.00021169998217374086, 0.01837102882564068, 0.14342375099658966, 0.0, 0.0, 0.0, 0.0, 0.0, 0.0, 0.0, 0.0, 0.0, 0.0, 0.0, 0.0, 0.0, 0.0, 0.0, 0.0, 0.0, 0.0, 0.0, 0.0, 0.0, 0.0, 0.0, 0.0, 0.0, 0.0, 0.0, 0.0, 0.0, 0.0, 0.0, 0.0, 0.0, 0.0, 0.0, 0.0, 0.0, 0.0, 0.0, 0.0, 0.0, 0.0, 0.0, 0.0, 0.0, 0.0, 0.0, 0.0, 0.0, 0.0, 0.0, 0.0, 0.0, 0.0, 0.0, 0.0, 0.0, 0.0, 0.0, 0.0, 0.0, 0.0, 0.0, 0.0, 0.0, 0.0, 0.0, 0.0, 0.0, 0.0, 0.0, 0.0, 0.0, 0.0, 0.0, 0.0, 0.0, 0.0, 0.0, 0.0, 0.0, 0.0, 0.0, 0.0, 0.0, 0.0, 0.0, 0.0, 0.0, 0.0, 0.0, 0.0, 0.0, 0.0, 0.0, 0.0, 0.0, 0.0, 0.0, 0.0, 0.0, 0.0, 0.0, 0.0, 0.0, 0.0, 0.0, 0.0, 0.0, 0.0, 0.0, 0.0, 0.0, 0.0, 0.0, 0.0, 0.0, 0.0, 0.0, 0.0, 0.0, 0.0, 0.0, 0.0, 0.0, 0.0, 0.0, 0.0, 0.0, 0.0, 0.0, 0.0, 0.0, 0.0, 0.0], "tokens": ["find", "out", "more", ".", "an", "island", "is", "an", "area", "of", "land", "smaller", "than", "a", "continent", "and", "entirely", "surrounded", "by", "water", ".", "islands", "range", "from", "single", "rocks", "to", "huge", "landmasses", ",", "such", "as", "the", "island", "of", "greenland", ".", "there", "are", "two", "main", "types", "of", "island—continental", "islands", "and", "oceanic", "islands", ".", "islands", "are", "also", "found", "in", "rivers", "and", "lakes", "."], "relevance": 0.18944835833198256,