{"query_id": 2603, "passages": [{"logits_start": [0.5449517369270325, 0.028493832796812057, 0.0052870637737214565, 0.020602863281965256, 0.03690217807888985, 0.024363666772842407, 0.0010130113223567605, 0.023630358278751373, 0.0016491740243509412, 0.0026659290306270123, 0.005721205845475197, 0.013472205959260464, 0.03777064383029938, 0.06753896176815033, 0.00033083613379858434, 0.06472264230251312, 0.0013459974434226751, 0.003318586852401495, 0.003955372609198093, 0.030237022787332535, 0.00036906046443618834, 0.005630557890981436, 7.8526783909183e-05, 0.004529538098722696, 0.0007453448488377035, 0.001238195807673037, 0.00155692792031914, 0.0006088615045882761, 0.0008226300124078989, 0.0005124463932588696, 0.0014735833974555135, 0.00010970220318995416, 0.0037467628717422485, 0.0011004054686054587, 0.0004524558025877923, 0.0009140896145254374, 0.0011167076881974936, 0.0006548353703692555, 0.004335626028478146, 9.206427057506517e-05, 0.0022570372093468904, 0.0009566695080138743, 0.0009692562744021416, 0.0004455552261788398, 0.0009611441055312753, 0.0005902129923924804, 0.0037361904978752136, 0.0001959187793545425, 0.0006322753033600748, 0.0008607620256952941, 0.004648407455533743, 0.00021801632829010487, 0.0014620155561715364, 0.0008469069143757224, 0.0028635356575250626, 0.004325513262301683, 6.278064392972738e-05, 0.007957923226058483, 0.00030867947498336434, 0.0006409607594832778, 0.0008335184538736939, 0.0037230870220810175, 0.0001517065684311092, 0.0006767609156668186, 0.0009962585754692554, 0.00035253309761174023, 0.0003970287216361612, 0.00034021970350295305, 0.0007509908173233271, 0.0001257024850929156, 0.00040888841613195837, 0.00037837011041119695, 0.0004923317464999855, 0.001297604525461793, 9.075622801901773e-05, 0.00048187124775722623, 0.0014178950805217028, 0.0012040867004543543, 6.561296322615817e-05, 0.00023934523051138967, 0.00018633354920893908, 0.0002473654749337584, 0.00011115020606666803, 0.000206681783311069, 0.0001938187051564455, 0.000513473991304636, 3.52051283698529e-05, 0.00017591087089385837, 0.00014927027223166078, 0.0006567246746271849, 9.816850797506049e-05, 0.0, 0.0, 0.0, 0.0, 0.0, 0.0, 0.0, 0.0, 0.0, 0.0, 0.0, 0.0, 0.0, 0.0, 0.0, 0.0, 0.0, 0.0, 0.0, 0.0, 0.0, 0.0, 0.0, 0.0, 0.0, 0.0, 0.0, 0.0, 0.0, 0.0, 0.0, 0.0, 0.0, 0.0, 0.0, 0.0, 0.0, 0.0, 0.0, 0.0, 0.0, 0.0, 0.0, 0.0, 0.0, 0.0, 0.0, 0.0, 0.0, 0.0, 0.0, 0.0, 0.0, 0.0, 0.0, 0.0, 0.0, 0.0, 0.0, 0.0, 0.0, 0.0, 0.0, 0.0, 0.0, 0.0, 0.0, 0.0, 0.0, 0.0, 0.0, 0.0, 0.0, 0.0, 0.0, 0.0, 0.0, 0.0, 0.0, 0.0, 0.0, 0.0, 0.0, 0.0, 0.0, 0.0, 0.0, 0.0, 0.0, 0.0, 0.0, 0.0, 0.0, 0.0, 0.0, 0.0, 0.0, 0.0, 0.0, 0.0, 0.0, 0.0, 0.0, 0.0, 0.0, 0.0, 0.0, 0.0, 0.0, 0.0, 0.0, 0.0, 0.0, 0.0, 0.0, 0.0, 0.0, 0.0, 0.0, 0.0, 0.0, 0.0, 0.0, 0.0, 0.0, 0.0, 0.0, 0.0, 0.0, 0.0, 0.0, 0.0, 0.0, 0.0, 0.0, 0.0, 0.0, 0.0, 0.0, 0.0, 0.0, 0.0, 0.0, 0.0], "end_index": 1, "selected": true, "start_index": 0, "relevance": 0.7078702902737571, "tokens": ["smylie", "kaufman", "(", "born", "november", "30", ",", "1991", ")", "is", "an", "american", "professional", "golfer", ".", "kaufman", "was", "born", "in", "birmingham", ",", "alabama", ".", "he", "played", "college", "golf", "at", "louisiana", "state", "university", ".", "he", "turned", "professional", "after", "graduating", "in", "2014", ";", "in", "december", "2014", "he", "tied", "for", "64th", "place", "at", "the", "web.com", "tour", "qualifying", "school", "final", "stage", ".", "kaufman", "played", "on", "the", "web.com", "tour", "in", "2015.", "after", "missing", "the", "cut", "in", "his", "first", "three", "tournaments", ",", "he", "finished", "t-4", "in", "the", "next", "two", "and", "won", "the", "third", ",", "the", "united", "leasing", "championship"], "url": "https://en.wikipedia.org/wiki/Smylie_Kaufman", "logits_end": [0.04623325169086456, 0.20885919034481049, 0.007551800459623337, 0.0014447714202106, 0.0018678714986890554, 0.032014165073633194, 0.0008283974602818489, 0.015857987105846405, 0.040357787162065506, 0.0009725255076773465, 0.0007335500558838248, 0.0017127797473222017, 0.0030712024308741093, 0.08656390756368637, 0.2085253745317459, 0.00867859274148941, 0.0014432580210268497, 0.00038303376641124487, 0.00016691906785126776, 0.007437394466251135, 0.0004964488907717168, 0.01967819221317768, 0.13623587787151337, 0.00019264225556980819, 0.00031031237449496984, 0.0010298287961632013, 0.0019406441133469343, 0.0002874001511372626, 0.0003259395307395607, 0.00017190013022627681, 0.003690875368192792, 0.05806465819478035, 7.677006215089932e-05, 0.00042264387593604624, 0.000334355077939108, 0.0003035492554772645, 0.0010588919976726174, 9.826272435020655e-05, 0.003845870029181242, 0.0043242634274065495, 8.06073221610859e-05, 0.0004189003666397184, 0.0014734328724443913, 9.785714064491913e-05, 0.00028520412161014974, 6.77850839565508e-05, 0.0029661187436431646, 0.00039877003291621804, 0.00018942604947369546, 8.608365897089243e-05, 0.003460387233644724, 0.0022264420986175537, 0.0012019869172945619, 0.0001687601034063846, 0.0003453998942859471, 0.006359709892421961, 0.03712967410683632, 0.001255755894817412, 8.237310248659924e-05, 4.858033935306594e-05, 5.23263806826435e-05, 0.0025380118750035763, 0.000785724027082324, 4.524508040049113e-05, 0.0003773659118451178, 0.00016331103688571602, 8.869114390108734e-05, 4.477488255361095e-05, 0.000454292050562799, 5.8329387684352696e-05, 5.603761019301601e-05, 6.037198181729764e-05, 4.4301759771769866e-05, 0.0015395141672343016, 7.27325605112128e-05, 4.275636820239015e-05, 0.00013158362708054483, 0.002119601471349597, 8.327035902766511e-05, 5.7496588851790875e-05, 4.488540071179159e-05, 0.00011311923299217597, 4.785349665326066e-05, 4.924209133605473e-05, 4.0846411138772964e-05, 0.0008826297125779092, 7.803443440934643e-05, 5.084499571239576e-05, 7.74529471527785e-05, 0.0015762465773150325, 0.022286785766482353, 0.0, 0.0, 0.0, 0.0, 0.0, 0.0, 0.0, 0.0, 0.0, 0.0, 0.0, 0.0, 0.0, 0.0, 0.0, 0.0, 0.0, 0.0, 0.0, 0.0, 0.0, 0.0, 0.0, 0.0, 0.0, 0.0, 0.0, 0.0, 0.0, 0.0, 0.0, 0.0, 0.0, 0.0, 0.0, 0.0, 0.0, 0.0, 0.0, 0.0, 0.0, 0.0, 0.0, 0.0, 0.0, 0.0, 0.0, 0.0, 0.0, 0.0, 0.0, 0.0, 0.0, 0.0, 0.0, 0.0, 0.0, 0.0, 0.0, 0.0, 0.0, 0.0, 0.0, 0.0, 0.0, 0.0, 0.0, 0.0, 0.0, 0.0, 0.0, 0.0, 0.0, 0.0, 0.0, 0.0, 0.0, 0.0, 0.0, 0.0, 0.0, 0.0, 0.0, 0.0, 0.0, 0.0, 0.0, 0.0, 0.0, 0.0, 0.0, 0.0, 0.0, 0.0, 0.0, 0.0, 0.0, 0.0, 0.0, 0.0, 0.0, 0.0, 0.0, 0.0, 0.0, 0.0, 0.0, 0.0, 0.0, 0.0, 0.0, 0.0, 0.0, 0.0, 0.0, 0.0, 0.0, 0.0, 0.0, 0.0, 0.0, 0.0, 0.0, 0.0, 0.0, 0.0, 0.0, 0.0, 0.0, 0.0, 0.0, 0.0, 0.0, 0.0, 0.0, 0.0, 0.0, 0.0, 0.0, 0.0, 0.0, 0.0, 0.0, 0.0]}, {"logits_start": [0.3153250515460968, 0.00494651822373271, 0.034347694367170334, 0.017548199743032455, 0.004306947812438011, 0.007276165299117565, 0.05460800975561142, 0.003335139714181423, 0.01996457576751709, 0.426258385181427, 0.0008000530651770532, 0.008221729658544064, 0.00018636950699146837, 0.0006282239919528365, 0.004345047753304243, 4.326209091232158e-05, 0.006840244866907597, 0.006896063219755888, 0.00010738210403360426, 0.0008101735729724169, 0.000749958970118314, 0.002910157898440957, 0.016448702663183212, 6.188816769281402e-05, 0.004522175528109074, 0.0005252558621577919, 0.0015454287640750408, 0.008202710188925266, 0.00020518161181826144, 0.001120027620345354, 0.00519618159160018, 0.008325439877808094, 0.00019965584215242416, 0.00034651486203074455, 0.0004327174974605441, 0.0007112426683306694, 0.00046816011308692396, 0.0007152886246331036, 0.00023213576059788465, 0.0005206397036090493, 0.001664693932980299, 0.0010676870588213205, 6.861922884127125e-05, 0.00039658602327108383, 0.00021322400425560772, 0.0004380560712888837, 0.00018954176630359143, 0.0004326411581132561, 0.0028566205874085426, 0.0020045284181833267, 3.389019184396602e-05, 0.0016831365646794438, 0.0009201461216434836, 9.60452453000471e-05, 0.0002824940893333405, 0.00020825826504733413, 0.0002082481369143352, 0.0002062926214421168, 0.0003443073364906013, 0.0013914265437051654, 0.007995013147592545, 2.1207111785770394e-05, 