{"passages": [{"relevance": 0.6595796828295163, "selected": true, "logits_end": [0.08495495468378067, 0.14847217500209808, 0.02013513445854187, 0.011572069488465786, 0.004398289602249861, 0.02785295993089676, 0.0006672898889519274, 0.007731387857347727, 0.010584281757473946, 0.0005223506595939398, 0.0004954197793267667, 0.003368422156199813, 0.005680534522980452, 0.16570179164409637, 0.0646539255976677, 0.0014911837643012404, 0.00431480910629034, 0.003327714279294014, 0.00019441200129222125, 0.017348837107419968, 0.0006029393407516181, 0.016997795552015305, 0.10497401654720306, 0.00014816554903518409, 0.0008547356119379401, 0.001434690784662962, 0.005867015570402145, 0.0018177756574004889, 0.002961963415145874, 0.0011715167202055454, 0.008467033505439758, 0.055818814784288406, 0.00016675869119353592, 0.00026958389207720757, 0.0005052560591138899, 0.0002494208747521043, 0.00463979272171855, 0.00024327031860593706, 0.0015496360138058662, 0.0021463504526764154, 0.00015830852498766035, 0.0014483679551631212, 0.00278654252178967, 0.00013872577983420342, 0.0005246607470326126, 0.0001494282769272104, 0.003336861729621887, 0.00037131409044377506, 0.000271818891633302, 0.00019377323042135686, 0.007291626185178757, 0.002640306716784835, 0.004068679176270962, 0.008934896439313889, 0.001217444776557386, 0.018929021432995796, 0.06747064739465714, 0.0019501012284308672, 0.002249876270070672, 0.00014916082727722824, 0.0001757541613187641, 0.0074539585039019585, 0.002939695492386818, 0.0001238542317878455, 0.0011302174534648657, 0.00029806370730511844, 0.00047271998482756317, 0.00036783164250664413, 0.00045799504732713103, 0.00020983905415050685, 0.0002111142675857991, 0.0002315240417374298, 0.00024682816001586616, 0.005700372159481049, 0.00029723241459578276, 0.0001569067098898813, 0.0013295632088556886, 0.026102332398295403, 0.00039442896377295256, 0.0005221949541009963, 0.0002747891703620553, 0.00025846497737802565, 0.0001531351445009932, 0.0023719368036836386, 0.0004879437037743628, 0.0017239931039512157, 0.00028598945937119424, 0.0003083169867750257, 0.00019145799160469323, 0.005019274074584246, 0.02146618254482746, 0.0, 0.0, 0.0, 0.0, 0.0, 0.0, 0.0, 0.0, 0.0, 0.0, 0.0, 0.0, 0.0, 0.0, 0.0, 0.0, 0.0, 0.0, 0.0, 0.0, 0.0, 0.0, 0.0, 0.0, 0.0, 0.0, 0.0, 0.0, 0.0, 0.0, 0.0, 0.0, 0.0, 0.0, 0.0, 0.0, 0.0, 0.0, 0.0, 0.0, 0.0, 0.0, 0.0, 0.0, 0.0, 0.0, 0.0, 0.0, 0.0, 0.0, 0.0, 0.0, 0.0, 0.0, 0.0, 0.0, 0.0, 0.0, 0.0, 0.0, 0.0, 0.0, 0.0, 0.0, 0.0, 0.0, 0.0, 0.0, 0.0, 0.0, 0.0, 0.0, 0.0, 0.0, 0.0, 0.0, 0.0, 0.0, 0.0, 0.0, 0.0, 0.0, 0.0, 0.0, 0.0, 0.0, 0.0, 0.0, 0.0, 0.0, 0.0, 0.0, 0.0, 0.0, 0.0, 0.0, 0.0, 0.0, 0.0, 0.0, 0.0, 0.0, 0.0, 0.0, 0.0, 0.0, 0.0, 0.0, 0.0, 0.0, 0.0, 0.0, 0.0, 0.0, 0.0, 0.0, 0.0, 0.0, 0.0, 0.0, 0.0, 0.0, 0.0, 0.0, 0.0, 0.0, 0.0, 0.0, 0.0, 0.0, 0.0, 0.0, 0.0, 0.0, 0.0, 0.0, 0.0, 0.0, 0.0, 0.0, 0.0, 0.0, 0.0, 0.0], "logits_start": [0.4033873379230499, 0.017608700320124626, 0.002310240175575018, 0.009342903271317482, 0.02776752971112728, 0.012823202647268772, 0.0015696425689384341, 0.014763823710381985, 0.0021301074884831905, 0.011656714603304863, 0.013657125644385815, 0.012447026558220387, 0.05312362313270569, 0.09003438800573349, 0.0018483815947547555, 0.05882306769490242, 0.004237165674567223, 0.003673988627269864, 0.0026221852749586105, 0.021083317697048187, 0.0004204785218462348, 0.007588288281112909, 0.0007622996927239001, 0.022234654054045677, 0.001522290171124041, 0.003342175390571356, 0.018834838643670082, 0.0010713079245761037, 0.004223139025270939, 0.0013259605038911104, 0.004471119958907366, 0.0005859728553332388, 0.015028763562440872, 0.0009164440562017262, 0.002134850947186351, 0.001981158507987857, 0.004915453959256411, 0.0007058428018353879, 0.002411752473562956, 0.0020366793032735586, 0.001554483431391418, 0.004024637397378683, 0.001806329470127821, 0.0013182912953197956, 0.0020139585249125957, 0.0012850448256358504, 0.004213728941977024, 0.0007889418629929423, 0.0013673818903043866, 0.002695426344871521, 0.005357033107429743, 0.0011353126028552651, 0.005798081401735544, 0.0037215917836874723, 0.015126025304198265, 0.005077645182609558, 0.00037476251600310206, 0.027835236862301826, 0.0011149405036121607, 0.0012247053673490882, 0.0023984056897461414, 0.006611067336052656, 0.0013715835520997643, 0.000951617315877229, 0.0030001108534634113, 0.0006836772663518786, 0.0014952457277104259, 0.0019002712797373533, 0.0017181145958602428, 0.0006950097158551216, 0.0008299101609736681, 0.0009019652497954667, 0.0010590519523248076, 0.002193888882175088, 0.00020725882495753467, 0.0008713128627277911, 0.0032255109399557114, 0.0066564748995006084, 0.0002185635967180133, 0.0012956276768818498, 0.0006448976346291602, 0.0008011736208572984, 0.0005110928905196488, 0.0015253082383424044, 0.0016172550385817885, 0.0014421194791793823, 0.0003486876958049834, 0.0010844185017049313, 0.0003938525333069265, 0.002301798900589347, 0.0017873337492346764, 0.0, 0.0, 0.0, 0.0, 0.0, 0.0, 0.0, 0.0, 0.0, 0.0, 0.0, 0.0, 0.0, 0.0, 0.0, 0.0, 0.0, 0.0, 0.0, 0.0, 0.0, 0.0, 0.0, 0.0, 0.0, 0.0, 0.0, 0.0, 0.0, 0.0, 0.0, 0.0, 0.0, 0.0, 0.0, 0.0, 0.0, 0.0, 0.0, 0.0, 0.0, 0.0, 0.0, 0.0, 0.0, 0.0, 0.0, 0.0, 0.0, 0.0, 0.0, 0.0, 0.0, 0.0, 0.0, 0.0, 0.0, 0.0, 0.0, 0.0, 0.0, 0.0, 0.0, 0.0, 0.0, 0.0, 0.0, 0.0, 0.0, 0.0, 0.0, 0.0, 0.0, 0.0, 0.0, 0.0, 0.0, 0.0, 0.0, 0.0, 0.0, 0.0, 0.0, 0.0, 0.0, 0.0, 0.0, 0.0, 0.0, 0.0, 0.0, 0.0, 0.0, 0.0, 0.0, 0.0, 0.0, 0.0, 0.0, 0.0, 0.0, 0.0, 0.0, 0.0, 0.0, 0.0, 0.0, 0.0, 0.0, 0.0, 0.0, 0.0, 0.0, 0.0, 0.0, 0.0, 0.0, 0.0, 0.0, 0.0, 0.0, 0.0, 0.0, 0.0, 0.0, 0.0, 0.0, 0.0, 0.0, 0.0, 0.0, 0.0, 0.0, 0.0, 0.0, 0.0, 0.0, 0.0, 0.0, 0.0, 0.0, 0.0, 0.0, 0.0], "start_index": 0, "tokens": ["smylie", "kaufman", "(", "born", "november", "30", ",", "1991", ")", "is", "an", "american", "professional", "golfer", ".", "kaufman", "was", "born", "in", "birmingham", ",", "alabama", ".", "he", "played", "college", "golf", "at", "louisiana", "state", "university", ".", "he", "turned", "professional", "after", "graduating", "in", "2014", ";", "in", "december", "2014", "he", "tied", "for", "64th", "place", "at", "the", "web.com", "tour", "qualifying", "school", "final", "stage", ".", "kaufman", "played", "on", "the", "web.com", "tour", "in", "2015.", "after", "missing", "the", "cut", "in", "his", "first", "three", "tournaments", ",", "he", "finished", "t-4", "in", "the", "next", "two", "and", "won", "the", "third", ",", "the", "united", "leasing", "championship"], "url": "https://en.wikipedia.org/wiki/Smylie_Kaufman", "end_index": 13}, {"tokens": ["kaufmann", "is", "a", "surname", "with", "many", "variants", "such", "as", "kauffmann", ",", "kaufman", ",", "and", "kauffman", ".", "in", "german", ",", "the", "name", "means", "merchant", ".", "it", "is", "the", "cognate", "of", "the", "english", "chapman", "(", "which", "had", "a", "similar", "meaning", "in", "the", "middle", "ages", ",", "though", "it", "disappeared", "from", "modern", "english", ")", ".", "this", "page", "or", "section", "lists", "people", "with", "the", "surname", "kaufmann", ".", "if", "an", "internal", "link", "intending", "to", "refer", "to", "a", "specific", "person", "led", "you", "to", "this", "page", ",", "you", "may", "wish", "to", "change", "that", "link", "by", "adding", "the", "person", "'s", "given", "name", "(", "s", ")", "to", "the", "link", "."], "url": "https://en.wikipedia.org/wiki/Kaufmann", "relevance": 0.3404203171704837,