{"query_id": 2951, "passages": [{"tokens": ["for", "the", "other", "battles", "of", "the", "same", "name", ",", "see", "battle", "of", "dunkirk", "(", "disambiguation", ")", ".", "the", "battle", "of", "dunkirk", "was", "an", "important", "battle", "that", "took", "place", "in", "dunkirk", ",", "france", ",", "during", "the", "second", "world", "war", "between", "the", "allies", "and", "germany", ".", "as", "part", "of", "the", "battle", "of", "france", "on", "the", "western", "front", ",", "the", "battle", "of", "dunkirk", "was", "the", "defence", "and", "evacuation", "of", "british", "and", "allied", "forces", "in", "europe", "from", "26", "may–4", "june", "1940.", "after", "the", "phoney", "war", ",", "the", "battle", "of", "france", "began", "in", "earnest", "on", "10", "may", "1940", "."], "selected": true, "logits_end": [8.214343688450754e-05, 0.00024040628341026604, 0.00019996703485958278, 0.0005872329347766936, 9.58951932261698e-05, 0.00027530023362487555, 0.0005572974914684892, 0.0007655178778804839, 0.0001510725705884397, 0.00012718237121589482, 0.0003040514711756259, 8.13456645119004e-05, 0.020522238686680794, 0.00039745308458805084, 0.001972546335309744, 0.003496526973322034, 0.02656591311097145, 8.307125972351059e-05, 0.0006480254232883453, 0.0001579705422045663, 0.048236407339572906, 0.0014185019535943866, 0.00015290176088456064, 0.00014572461077477783, 0.0012316369684413075, 0.00013076885079499334, 0.00012113135016988963, 0.0002609651710372418, 0.0003563445061445236, 0.09750519692897797, 0.0005622882745228708, 0.1666989028453827, 0.0014879730297252536, 0.0031927211675792933, 0.00032728773658163846, 0.0009257318452000618, 0.0025620590895414352, 0.003137306310236454, 0.0026613862719386816, 0.0001934331958182156, 0.032919853925704956, 0.0005229606758803129, 0.1797160804271698, 0.20133130252361298, 0.0001550798479001969, 0.00024015296366997063, 7.846434164093807e-05, 7.989010191522539e-05, 0.0014370095450431108, 0.00011120833369204774, 0.03564787656068802, 0.0008589572971686721, 0.00011568039917619899, 0.011568944901227951, 0.014182532206177711, 0.00038396360469050705, 0.00012146346853114665, 0.0015635027084499598, 0.00014370867575053126, 0.02217225171625614, 0.0010283936280757189, 8.784840611042455e-05, 0.0035391333512961864, 0.00015370038454420865, 0.0021344965789467096, 0.00012401891581248492, 0.008447586558759212, 0.0002002381079364568, 0.003272538771852851, 0.0004407677915878594, 0.00018242017540615052, 0.02483380399644375, 0.001140690059401095, 0.0016946286195889115, 0.0014167479239404202, 0.002225147094577551, 0.0013044768711552024, 0.0004701370489783585, 6.17798141320236e-05, 0.0007847085362300277, 0.0043378002010285854, 0.00016150978626683354, 6.408468470908701e-05, 0.0004407553933560848, 7.364623888861388e-05, 0.015845641493797302, 0.002350384835153818, 0.00022642275143880397, 0.00022385337797459215, 7.868795364629477e-05, 0.0006130287074483931, 0.0004066330729983747, 0.0022844739723950624, 0.027379048988223076, 0.0, 0.0, 0.0, 0.0, 0.0, 0.0, 0.0, 0.0, 0.0, 0.0, 0.0, 0.0, 0.0, 0.0, 0.0, 0.0, 0.0, 0.0, 0.0, 0.0, 0.0, 0.0, 0.0, 0.0, 0.0, 0.0, 0.0, 0.0, 0.0, 0.0, 0.0, 0.0, 0.0, 0.0, 0.0, 0.0, 0.0, 0.0, 0.0, 0.0, 0.0, 0.0, 0.0, 0.0, 0.0, 0.0, 0.0, 0.0, 0.0, 0.0, 0.0, 0.0, 0.0, 0.0, 0.0, 0.0, 0.0, 0.0, 0.0, 0.0, 0.0, 0.0, 0.0, 0.0, 0.0, 0.0, 0.0, 0.0, 0.0, 0.0, 0.0, 0.0, 0.0, 0.0, 0.0, 0.0, 0.0, 0.0, 0.0, 0.0, 0.0, 0.0, 0.0, 0.0, 0.0, 0.0, 0.0, 0.0, 0.0, 0.0, 0.0, 0.0, 0.0, 0.0, 0.0, 0.0, 0.0, 0.0, 0.0], "logits_start": [0.01916358806192875, 0.0030562756583094597, 0.0011885054409503937, 0.00204836530610919, 0.0010769576765596867, 0.0012875754619017243, 0.0012352815829217434, 0.001371965161524713, 0.0009979245951399207, 0.0026613189838826656, 0.0043703787960112095, 0.002416765782982111, 0.05744616687297821, 0.0007343691540881991, 0.0030656931921839714, 0.001176164485514164, 0.0007355757988989353, 0.025116663426160812, 0.003845964791253209, 0.002111425157636404, 0.033101748675107956, 0.0013170947786420584, 0.002039729617536068, 0.0017488060984760523, 0.003914176486432552, 0.0015368395252153277, 0.004648840520530939, 0.006926368921995163, 0.01921999268233776, 0.27431103587150574, 0.0026439267676323652, 0.14826403558254242, 0.0014316132292151451, 0.004972529131919146, 0.0028599202632904053, 0.0032785721123218536, 0.003541511483490467, 0.0033517598640173674, 0.003937828354537487, 0.003246819134801626, 0.08152955025434494, 0.0016201259568333626, 0.08351365476846695, 0.0002924770233221352, 0.004478484857827425, 0.0009541953331790864, 0.0007013349095359445, 0.0011464586714282632, 0.002947846194729209, 0.0009097665315493941, 0.03381156921386719, 0.0011119110276922584, 0.002144507598131895, 0.02304399386048317, 0.0017303780186921358, 0.0004056596662849188, 0.001080794958397746, 0.002074804622679949, 0.0006824001320637763, 0.01891377381980419, 0.0004667680768761784, 0.0012990415561944246, 0.006566363386809826, 0.000380832381779328, 0.0037396380212157965, 0.0005208931979723275, 0.013444783166050911, 0.0003361581184435636, 0.004111848771572113, 0.00029575705411843956, 0.0013025746447965503, 0.01882050186395645, 0.0003420900320634246, 0.0010111072333529592, 0.0004834913997910917, 0.0004401937185321003, 0.0009034359245561063, 0.0003027433413080871, 0.0005791442818008363, 0.002642981708049774, 0.0006043066387064755, 0.00013658887473866343, 0.0003451108932495117, 0.0005016159848310053, 0.0002657997247297317, 0.012242253869771957, 0.00025827603531070054, 0.0005892013432458043, 0.0005450092139653862, 0.0003755117650143802, 0.00043234621989540756, 0.00020952346676494926, 0.0009289083536714315, 8.146780601236969e-05, 0.0, 0.0, 0.0, 0.0, 0.0, 0.0, 0.0, 0.0, 0.0, 0.0, 0.0, 0.0, 0.0, 0.0, 0.0, 0.0, 0.0, 0.0, 0.0, 0.0, 0.0, 0.0, 0.0, 0.0, 0.0, 0.0, 0.0, 0.0, 0.0, 0.0, 0.0, 0.0, 0.0, 0.0, 0.0, 0.0, 0.0, 0.0, 0.0, 0.0, 0.0, 0.0, 0.0, 0.0, 0.0, 0.0, 0.0, 0.0, 0.0, 0.0, 0.0, 0.0, 0.0, 0.0, 0.0, 0.0, 0.0, 0.0, 0.0, 0.0, 0.0, 0.0, 0.0, 0.0, 0.0, 0.0, 0.0, 0.0, 0.0, 0.0, 0.0, 0.0, 0.0, 0.0, 0.0, 0.0, 0.0, 0.0, 0.0, 0.0, 0.0, 0.0, 0.0, 0.0, 0.0, 0.0, 0.0, 0.0, 0.0, 0.0, 0.0, 0.0, 0.0, 0.0, 0.0, 0.0, 0.0, 0.0, 0.0], "start_index": 29, "end_index": 43, "relevance": 0.4846741792713785, "url": "https://en.wikipedia.org/wiki/Battle_of_Dunkirk"}, {"tokens": ["194,794", "pages", "on", "this", "wiki", ".", "the", "battle", "of", "dunkirk", "was", "an", "important", "battle", "in", "the", "second", "world", "war", "between", "the", "allies", "and", "germany", ".", "as", "part", "of", "the", "battle", "of", "france", "on", "the", "western", "front", ",", "the", "battle", "of", "dunkirk", "was", "the", "defence", "and", "evacuation", "of", "british", "and", "allied", "forces", "in", "europe", "from", "26", "may", "to", "4", "june", "1940", "."], "url": "http://military.wikia.com/wiki/Battle_of_Dunkirk", "relevance": 0.24272186553465902,