{"query_id": 2951, "passages": [{"logits_end": [0.00013715829118154943, 0.0001388491364195943, 0.00019149051513522863, 0.0011359717464074492, 0.00019801979942712933, 0.00019806361524388194, 0.0005480046384036541, 0.0017101668054237962, 0.0003688354336190969, 0.0003173062577843666, 0.0012920168228447437, 0.0001959696237463504, 0.021017104387283325, 0.0016651293262839317, 0.008234544657170773, 0.005823840387165546, 0.03189060837030411, 0.00012524650082923472, 0.001142006367444992, 0.0002037588565144688, 0.03223280981183052, 0.0022409630473703146, 0.00020926582510583103, 0.0002829313452821225, 0.0032605042215436697, 0.00034590050927363336, 0.0003116177103947848, 0.00032357752206735313, 0.0004890020936727524, 0.04325420781970024, 0.0011108402395620942, 0.17574085295200348, 0.0036587684880942106, 0.004384559579193592, 0.0005726962117478251, 0.0010714777745306492, 0.002782973228022456, 0.005620508920401335, 0.0027044927701354027, 0.0003269705339334905, 0.022639160975813866, 0.0007581932586617768, 0.19552654027938843, 0.19768160581588745, 0.000148204795550555, 0.00020535459043458104, 0.00013682189455721527, 0.000131449312902987, 0.000917724973987788, 0.00015410278865601867, 0.026781070977449417, 0.0005102170980535448, 0.00023245571355801076, 0.017606843262910843, 0.01458278950303793, 0.0010558080393821, 0.0002274505968671292, 0.0014990523923188448, 0.00023588724434375763, 0.017616109922528267, 0.0012175505980849266, 0.00021584934438578784, 0.007498494349420071, 0.0005629928200505674, 0.0005379703361541033, 0.00021131026733200997, 0.012544351629912853, 0.0007440937915816903, 0.0012142041232436895, 0.0005457915831357241, 0.00024636503076180816, 0.02791702188551426, 0.0017415856709703803, 0.0016742158913984895, 0.0038596251979470253, 0.0033028852194547653, 0.0016043391078710556, 0.0004894542507827282, 0.0001648012112127617, 0.002240915782749653, 0.0028067389503121376, 0.00029937189538031816, 0.00010134026524610817, 0.0002770124119706452, 9.911093366099522e-05, 0.0100888442248106, 0.0010273779043927789, 0.00024154505808837712, 0.00036193805863149464, 0.0001388391974614933, 0.0004125922278035432, 0.0006677311030216515, 0.006914857309311628, 0.0519229955971241, 0.0, 0.0, 0.0, 0.0, 0.0, 0.0, 0.0, 0.0, 0.0, 0.0, 0.0, 0.0, 0.0, 0.0, 0.0, 0.0, 0.0, 0.0, 0.0, 0.0, 0.0, 0.0, 0.0, 0.0, 0.0, 0.0, 0.0, 0.0, 0.0, 0.0, 0.0, 0.0, 0.0, 0.0, 0.0, 0.0, 0.0, 0.0, 0.0, 0.0, 0.0, 0.0, 0.0, 0.0, 0.0, 0.0, 0.0, 0.0, 0.0, 0.0, 0.0, 0.0, 0.0, 0.0, 0.0, 0.0, 0.0, 0.0, 0.0, 0.0, 0.0, 0.0, 0.0, 0.0, 0.0, 0.0, 0.0, 0.0, 0.0, 0.0, 0.0, 0.0, 0.0, 0.0, 0.0, 0.0, 0.0, 0.0, 0.0, 0.0, 0.0, 0.0, 0.0, 0.0, 0.0, 0.0, 0.0, 0.0, 0.0, 0.0, 0.0, 0.0, 0.0, 0.0, 0.0, 0.0, 0.0, 0.0, 0.0], "tokens": ["for", "the", "other", "battles", "of", "the", "same", "name", ",", "see", "battle", "of", "dunkirk", "(", "disambiguation", ")", ".", "the", "battle", "of", "dunkirk", "was", "an", "important", "battle", "that", "took", "place", "in", "dunkirk", ",", "france", ",", "during", "the", "second", "world", "war", "between", "the", "allies", "and", "germany", ".", "as", "part", "of", "the", "battle", "of", "france", "on", "the", "western", "front", ",", "the", "battle", "of", "dunkirk", "was", "the", "defence", "and", "evacuation", "of", "british", "and", "allied", "forces", "in", "europe", "from", "26", "may–4", "june", "1940.", "after", "the", "phoney", "war", ",", "the", "battle", "of", "france", "began", "in", "earnest", "on", "10", "may", "1940", "."], "relevance": 0.4593012204101001, "logits_start": [0.009310293011367321, 0.0023120574187487364, 0.001315323170274496, 0.0032490899320691824, 0.00176442030351609, 0.00199106358923018, 0.001763828913681209, 0.003145786700770259, 0.0013267422327771783, 0.003623710945248604, 0.00872095301747322, 0.005143065471202135, 0.09567560255527496, 0.0007287704502232373, 0.00667151901870966, 0.0007967269630171359, 0.0010280251735821366, 0.04811222851276398, 0.008435342460870743, 0.006258813198655844, 0.07079771161079407, 0.0016397295985370874, 0.003933188039809465, 0.00309815164655447, 0.009209373965859413, 0.0029014733154326677, 0.008250623941421509, 0.007766345050185919, 0.02244417928159237, 0.22565074265003204, 0.002218730514869094, 0.1600988656282425, 0.00025279962574131787, 0.004615540150552988, 0.0018815707881003618, 0.003320954507216811, 0.004195520654320717, 0.005859970580786467, 0.00559695390984416, 0.007770127151161432, 0.06710516661405563, 0.0006202638032846153, 0.041271381080150604, 0.00025962345534935594, 0.009822157211601734, 0.0014782744692638516, 0.001707209856249392, 0.0020716870203614235, 0.003273779759183526, 0.002471963642165065, 0.03521403297781944, 0.0008794896421022713, 0.002964968793094158, 0.022674767300486565, 0.0008260413887910545, 9.756895451573655e-05, 0.0008101925486698747, 0.001348152756690979, 0.0010185356950387359, 0.007989407517015934, 0.00011057234951294959, 0.00080757902469486, 0.002332438947632909, 8.325307862833142e-05, 0.0006871685036458075, 0.00048513786168769, 0.003328248392790556, 5.173996396479197e-05, 0.0006455230177380145, 0.00020776412566192448, 0.0010238277027383447, 0.010712974704802036, 0.00012042941671097651, 0.00039630194078199565, 0.0004302828456275165, 0.00016727752517908812, 0.00022500831983052194, 0.00013632445188704878, 0.00026831234572455287, 0.0006620761123485863, 0.00024574442068114877, 4.6981454943306744e-05, 0.00033584877382963896, 0.0004278626583982259, 0.0005856689531356096, 0.006519150920212269, 6.714180199196562e-05, 0.0002878826344385743, 0.0003683811810333282, 0.0002277039602631703, 0.00029084947891533375, 0.00020245910855010152, 0.0007030286360532045, 2.8415259293979034e-05, 0.0, 0.0, 0.0, 0.0, 0.0, 0.0, 0.0, 0.0, 0.0, 0.0, 0.0, 0.0, 0.0, 0.0, 0.0, 0.0, 0.0, 0.0, 0.0, 0.0, 0.0, 0.0, 0.0, 0.0, 0.0, 0.0, 0.0, 0.0, 0.0, 0.0, 0.0, 0.0, 0.0, 0.0, 0.0, 0.0, 0.0, 0.0, 0.0, 0.0, 0.0, 0.0, 0.0, 0.0, 0.0, 0.0, 0.0, 0.0, 0.0, 0.0, 0.0, 0.0, 0.0, 0.0, 0.0, 0.0, 0.0, 0.0, 0.0, 0.0, 0.0, 0.0, 0.0, 0.0, 0.0, 0.0, 0.0, 0.0, 0.0, 0.0, 0.0, 0.0, 0.0, 0.0, 0.0, 0.0, 0.0, 0.0, 0.0, 0.0, 0.0, 0.0, 0.0, 0.0, 0.0, 0.0, 0.0, 0.0, 0.0, 0.0, 0.0, 0.0, 0.0, 0.0, 0.0, 0.0, 0.0, 0.0, 0.0], "url": "https://en.wikipedia.org/wiki/Battle_of_Dunkirk"}, {"start_index": 21, "relevance": 0.3255763144552587,