{"query_id": 2951, "passages": [{"start_index": 0, "selected": true, "logits_start": [0.03774798661470413, 0.006660923827439547, 0.002893266500905156, 0.004114669281989336, 0.0024609973188489676, 0.0034293539356440306, 0.004924311768263578, 0.006691635120660067, 0.0007000680197961628, 0.007418334484100342, 0.015479205176234245, 0.009851667098701, 0.14519377052783966, 0.0007869999390095472, 0.018726620823144913, 0.0006852431688457727, 0.0008257621084339917, 0.04022564738988876, 0.005076524335891008, 0.0038457612972706556, 0.08771207928657532, 0.0004663243016693741, 0.0021418638061732054, 0.003012520493939519, 0.004618823993951082, 0.002355412347242236, 0.006487721111625433, 0.008185571059584618, 0.019265450537204742, 0.21572326123714447, 0.0011768904514610767, 0.0869993194937706, 0.00025028715026564896, 0.004834184888750315, 0.0029451416339725256, 0.0046327621676027775, 0.0036422850098460913, 0.003829018911346793, 0.004756793845444918, 0.004432166926562786, 0.04809170216321945, 0.0005694588762708008, 0.02872435748577118, 3.816213575191796e-05, 0.0042416746728122234, 0.0007542017847299576, 0.0007833409472368658, 0.0012272296007722616, 0.003990928176790476, 0.0005083851283416152, 0.029313120990991592, 0.0005455357604660094, 0.0017955347429960966, 0.028429117053747177, 0.0018543474143370986, 3.745693538803607e-05, 0.0007935288012959063, 0.0027118297293782234, 0.0002310342388227582, 0.008747713640332222, 5.465681169880554e-05, 0.0007518556085415184, 0.006552681792527437, 4.640654515242204e-05, 0.0013436769368126988, 0.00012600455374922603, 0.005255808588117361, 4.7078399802558124e-05, 0.0022770646028220654, 0.00014883781841490418, 0.000905664695892483, 0.009200549684464931, 0.0001402524794684723, 0.001709731761366129, 0.00037309250910766423, 0.00016716930258553475, 0.0011870646849274635, 0.0003868914791382849, 0.0003859701391775161, 0.002565365983173251, 0.00019173258624505252, 1.3918737749918364e-05, 0.00030085683101788163, 0.0007492980803363025, 0.0001838778262026608, 0.01104575116187334, 0.00013417989248409867, 0.000688186613842845, 0.0022798164281994104, 7.688288314966485e-05, 0.0006060719024389982, 0.00010120145452674478, 0.0013906571548432112, 1.646404416533187e-05, 0.0, 0.0, 0.0, 0.0, 0.0, 0.0, 0.0, 0.0, 0.0, 0.0, 0.0, 0.0, 0.0, 0.0, 0.0, 0.0, 0.0, 0.0, 0.0, 0.0, 0.0, 0.0, 0.0, 0.0, 0.0, 0.0, 0.0, 0.0, 0.0, 0.0, 0.0, 0.0, 0.0, 0.0, 0.0, 0.0, 0.0, 0.0, 0.0, 0.0, 0.0, 0.0, 0.0, 0.0, 0.0, 0.0, 0.0, 0.0, 0.0, 0.0, 0.0, 0.0, 0.0, 0.0, 0.0, 0.0, 0.0, 0.0, 0.0, 0.0, 0.0, 0.0, 0.0, 0.0, 0.0, 0.0, 0.0, 0.0, 0.0, 0.0, 0.0, 0.0, 0.0, 0.0, 0.0, 0.0, 0.0, 0.0, 0.0, 0.0, 0.0, 0.0, 0.0, 0.0, 0.0, 0.0, 0.0, 0.0, 0.0, 0.0, 0.0, 0.0, 0.0, 0.0, 0.0, 0.0, 0.0, 0.0, 0.0], "logits_end": [0.0002607909555081278, 0.000475864828331396, 0.0003390029014553875, 0.0014359639026224613, 0.00020646007033064961, 0.00029067552532069385, 0.0007220858824439347, 0.006605107802897692, 0.0004232546198181808, 0.0002648152003530413, 0.001425117370672524, 0.0002400469093117863, 0.03246043249964714, 0.001417834311723709, 0.020429318770766258, 0.023897577077150345, 0.07578745484352112, 0.00011479885870357975, 0.0006607563700526953, 0.00020505247812252492, 0.05290395766496658, 0.0012654585298150778, 0.0001330933446297422, 0.00025220777024514973, 0.001095447107218206, 0.00014126468158792704, 0.00033333743340335786, 0.00017115488299168646, 0.00036240229383111, 0.06667547672986984, 0.0008483854471705854, 0.14359496533870697, 0.0029980335384607315, 0.003163430606946349, 0.0003163297660648823, 0.0008917080704122782, 0.0018902284791693091, 0.0020108986645936966, 0.0008005581912584603, 0.0001476376346545294, 0.012672181241214275, 0.00033444014843553305, 0.0463302806019783, 0.17274117469787598, 9.525331552140415e-05, 0.00012286602577660233, 7.292398368008435e-05, 0.00012035298277623951, 0.0023452569730579853, 0.00015815590450074524, 0.03973402455449104, 0.0007373389671556652, 0.00019254439393989742, 0.007221789099276066, 0.04487886652350426, 0.0009345247526653111, 0.0001673630904406309, 0.005422635935246944, 0.0004252156359143555, 0.02818753384053707, 0.0007864172221161425, 0.00014517223462462425, 0.012905502691864967, 0.00022035621805116534, 0.002954762661829591, 0.00015730998711660504, 0.01748286932706833, 0.0003247499989811331, 0.009268212132155895, 0.003608285915106535, 0.0003924056072719395, 0.02230447344481945, 0.002452400978654623, 0.003491669660434127, 0.006612020544707775, 0.0032150628976523876, 0.0019305378664284945, 0.0008494314970448613, 0.00013652973575517535, 0.0017456082860007882, 0.006408094894140959, 0.000299955194350332, 7.018343603704125e-05, 0.0013639744138345122, 0.00014436911442317069, 0.02420288696885109, 0.005711386911571026, 0.0004638930258806795, 0.005478212609887123, 0.0004094142350368202, 0.0007926943944767118, 0.0010727691696956754, 0.009335256181657314, 0.04271002858877182, 0.0, 0.0, 0.0, 0.0, 0.0, 0.0, 0.0, 0.0, 0.0, 0.0, 0.0, 0.0, 0.0, 0.0, 0.0, 0.0, 0.0, 0.0, 0.0, 0.0, 0.0, 0.0, 0.0, 0.0, 0.0, 0.0, 0.0, 0.0, 0.0, 0.0, 0.0, 0.0, 0.0, 0.0, 0.0, 0.0, 0.0, 0.0, 0.0, 0.0, 0.0, 0.0, 0.0, 0.0, 0.0, 0.0, 0.0, 0.0, 0.0, 0.0, 0.0, 0.0, 0.0, 0.0, 0.0, 0.0, 0.0, 0.0, 0.0, 0.0, 0.0, 0.0, 0.0, 0.0, 0.0, 0.0, 0.0, 0.0, 0.0, 0.0, 0.0, 0.0, 0.0, 0.0, 0.0, 0.0, 0.0, 0.0, 0.0, 0.0, 0.0, 0.0, 0.0, 0.0, 0.0, 0.0, 0.0, 0.0, 0.0, 0.0, 0.0, 0.0, 0.0, 0.0, 0.0, 0.0, 0.0, 0.0, 0.0], "tokens": ["for", "the", "other", "battles", "of", "the", "same", "name", ",", "see", "battle", "of", "dunkirk", "(", "disambiguation", ")", ".", "the", "battle", "of", "dunkirk", "was", "an", "important", "battle", "that", "took", "place", "in", "dunkirk", ",", "france", ",", "during", "the", "second", "world", "war", "between", "the", "allies", "and", "germany", ".", "as", "part", "of", "the", "battle", "of", "france", "on", "the", "western", "front", ",", "the", "battle", "of", "dunkirk", "was", "the", "defence", "and", "evacuation", "of", "british", "and", "allied", "forces", "in", "europe", "from", "26", "may–4", "june", "1940.", "after", "the", "phoney", "war", ",", "the", "battle", "of", "france", "began", "in", "earnest", "on", "10", "may", "1940", "."], "url": "https://en.wikipedia.org/wiki/Battle_of_Dunkirk", "end_index": 0, "relevance": 0.4593012204101001}, {"tokens": ["194,794", "pages", "on", "this", "wiki", ".", "the", "battle", "of", "dunkirk", "was", "an", "important", "battle", "in", "the", "second", "world", "war", "between", "the", "allies", "and", "germany", ".", "as", "part", "of", "the", "battle", "of", "france", "on", "the", "western", "front", ",", "the", "battle", "of", "dunkirk", "was", "the", "defence", "and", "evacuation", "of", "british", "and", "allied", "forces", "in", "europe", "from", "26", "may", "to", "4", "june", "1940", "."], "url": "http://military.wikia.com/wiki/Battle_of_Dunkirk",