{"passages": [{"end_index": 12, "start_index": 6, "tokens": ["costa", "rica", "is", "relatively", "small", "-", "19,700", "square", "miles", "(", "51,100", "sq", ".", "km", ")", ",", "ranking", "it", "129th", "in", "worldwide", "landmass", ".", "costa", "rica", "'s", "size", "is", "commonly", "compared", "to", "the", "state", "of", "west", "virgina", "(", "24,231", "sq", ".", "mi.", ",", "62,758", "sq", ".", "km", ")", "and", "the", "european", "state", "of", "denmark", "(", "16,629", "sq", ".", "mi.", ",", "43,069", "sq", ".", "km", ")", ".", "do", "n't", "let", "costa", "rica", "'s", "small", "size", "fool", "you", ";", "it", "is", "a", "vast", "country", "of", "rolling", "mountains", ",", "open", "plains", "and", "lush", "river", "valleys", ".", "these", "natural", "features", "prevent", "the", "construction", "of", "super", "highways", "that", "would", ",", "in", "theory", ",", "connect", "relatively", "close", "locations", "."], "relevance": 0.3932493684653484, "logits_end": [1.6315540051436983e-05, 1.9319350030855276e-05, 3.300828029750846e-05, 2.5067682145163417e-05, 3.554365684976801e-05, 5.010197855881415e-05, 0.00879055168479681, 0.023364804685115814, 0.11933785676956177, 0.0010975532932206988, 0.010474125854671001, 0.16174322366714478, 0.25544166564941406, 0.015657102689146996, 0.027226626873016357, 0.00019697676179930568, 0.000288263225229457, 0.00011137346882605925, 0.0017401500372216105, 0.00013565277913585305, 0.0002528935146983713, 0.0035526847932487726, 0.057874903082847595, 1.877753129519988e-05, 1.836402589106001e-05, 1.5029848327685613e-05, 5.754040103056468e-05, 1.7005682821036316e-05, 1.613784297660459e-05, 0.007863052189350128, 0.00034226622665300965, 8.607669587945566e-05, 7.407467637676746e-05, 4.5981596485944465e-05, 6.671074515907094e-05, 0.0020869465079158545, 0.00011602742597460747, 0.001671175705268979, 0.018237780779600143, 0.04839112237095833, 0.001801364473067224, 2.468427010171581e-05, 0.0015788204036653042, 0.019064433872699738, 0.05599331855773926, 0.003626673249527812, 0.005655037704855204, 6.013338497723453e-05, 2.7599498935160227e-05, 4.813621490029618e-05, 2.5138617274933495e-05, 1.7322146959486417e-05, 0.0001292616652790457, 5.584761674981564e-05, 0.002544805873185396, 0.019940294325351715, 0.0406963974237442, 0.0013621656689792871, 1.6285444871755317e-05, 0.0015720691299065948, 0.013398558832705021, 0.0435919426381588, 0.001806151820346713, 0.0029392463620752096, 0.012625535018742085, 5.758653969678562e-06, 8.857384273142088e-06, 6.646653218922438e-06, 8.803412129054777e-06, 3.1584040698362514e-05, 5.367363883124199e-06, 5.2386458264663815e-06, 2.490545557520818e-05, 1.1198074389540125e-05, 1.5501462257816456e-05, 0.0003669134748633951, 6.0786455833294895e-06, 5.944048552919412e-06, 4.810337941307807e-06, 6.611490789509844e-06, 6.247646524570882e-06, 4.3715708670788445e-06, 2.8356742404866964e-05, 1.3262125321489293e-05, 5.780811989097856e-06, 1.416320083080791e-05, 2.798719287966378e-05, 5.93331060372293e-06, 4.226276359986514e-06, 8.263039489975199e-06, 0.0001231041387654841, 0.0021510382648557425, 2.1624548480758676e-06, 2.6279712983523495e-06, 8.232944310293533e-06, 2.3742377379676327e-06, 1.661197529756464e-06, 7.741920853732154e-06, 2.5783267574297497e-06, 1.4080886103329249e-05, 5.628109647659585e-06, 3.852276222460205e-06, 2.766117177088745e-06, 2.9673444714717334e-06, 2.0825477804464754e-06, 9.220996616932098e-06, 3.2952277706499444e-06, 1.935941781994188e-06, 3.5378568554733647e-06, 5.039772986492608e-06, 8.987272303784266e-05, 0.0017303293570876122, 0.0, 0.0, 0.0, 0.0, 0.0, 0.0, 0.0, 0.0, 0.0, 0.0, 0.0, 0.0, 0.0, 0.0, 0.0, 0.0, 0.0, 0.0, 0.0, 0.0, 0.0, 0.0, 0.0, 0.0, 0.0, 0.0, 0.0, 0.0, 0.0, 0.0, 0.0, 0.0, 0.0, 0.0, 0.0, 0.0, 0.0, 0.0, 0.0, 0.0, 0.0, 0.0, 0.0, 0.0, 0.0, 0.0, 0.0, 0.0, 0.0, 0.0, 0.0, 0.0, 0.0, 0.0, 0.0, 0.0, 0.0, 0.0, 0.0, 0.0, 0.0, 0.0, 0.0, 0.0, 0.0, 0.0, 0.0, 0.0, 0.0, 0.0, 0.0, 0.0, 0.0, 0.0, 0.0, 0.0, 0.0, 0.0, 0.0, 0.0, 0.0, 0.0, 0.0, 0.0, 0.0, 0.0, 0.0, 0.0, 0.0, 0.0, 0.0, 0.0, 0.0, 0.0, 0.0, 0.0, 0.0, 0.0, 0.0, 0.0, 0.0, 0.0, 0.0, 0.0, 0.0, 0.0, 0.0, 0.0, 0.0, 0.0, 0.0, 0.0, 0.0, 0.0, 0.0, 0.0, 0.0, 0.0], "logits_start": [0.017847275361418724, 0.0031593746971338987, 0.005865349899977446, 0.011916551738977432, 0.013144601136446, 0.06886816769838333, 0.6074743866920471, 0.009035028517246246, 0.0038795575965195894, 0.0022738506086170673, 0.034313857555389404, 0.0009249481954611838, 8.180316945072263e-05, 0.010829039849340916, 0.0008638262515887618, 0.002599651226773858, 0.0006676627672277391, 0.0005612908862531185, 0.001753360964357853, 0.0004444139776751399, 0.0010430067777633667, 0.0004985378473065794, 0.00017908448353409767, 0.010311838239431381, 0.0014261400792747736, 0.0012896580155938864, 0.001791859744116664, 0.0008822252275422215, 0.003803453641012311, 0.011652183718979359, 0.0004775149282068014, 0.0005401484086178243, 0.00039399939123541117, 0.0005080493283458054, 0.002499541500583291, 0.008341182954609394, 0.0027333530597388744, 0.023576823994517326, 0.000590298674069345, 9.333140769740567e-05, 0.007454090751707554, 0.002913973992690444, 0.02251671627163887, 0.0007152617909014225, 8.461304969387129e-05, 0.005581644829362631, 0.0005063809803687036, 0.003510371083393693, 0.001112160854972899, 0.000587249465752393, 0.0006264379480853677, 0.0008395923068746924, 0.0024906587786972523, 0.008104792796075344, 0.0340617299079895, 0.0004414987633936107, 6.916448182892054e-05, 0.006946161389350891, 0.002228815807029605, 0.02220192179083824, 0.0006010406650602818, 3.711380122695118e-05, 0.00413096509873867, 0.00020151108037680387, 5.0106191338272765e-05, 0.0007459349581040442, 8.170361252268776e-05, 5.310945198289119e-05, 5.6445558584528044e-05, 5.667923323926516e-05, 3.245942934881896e-05, 3.979793837061152e-05, 4.215627632220276e-05, 2.203191615990363e-05, 2.643376137712039e-05, 6.23965315753594e-05, 7.181426917668432e-05, 3.60711055691354e-05, 4.227214230922982e-05, 2.3342045096796937e-05, 2.066984961857088e-05, 2.4897170078475028e-05, 2.295715967193246e-05, 1.9678365788422525e-05, 2.226357719337102e-05, 3.722368637681939e-05, 2.09127611014992e-05, 1.413455538568087e-05, 1.7344862499157898e-05, 2.4206905436585657e-05, 2.7994883566861972e-05, 1.0511294931347948e-05, 0.00043129344703629613, 2.9351342163863592e-05, 5.443079862743616e-05, 3.104060306213796e-05, 4.186197475064546e-05, 4.285331306164153e-05, 2.6583522412693128e-05, 6.0282683989498764e-05, 2.2315318346954882e-05, 3.0094708563410677e-05, 2.2677260858472437e-05, 3.255358024034649e-05, 3.776695302804001e-05, 2.1556139472522773e-05, 3.1177132768789306e-05, 3.397203181521036e-05, 3.836016185232438e-05, 0.00011101108248112723, 7.960737275425345e-05, 1.5552950571873225e-05, 0.0, 0.0, 0.0, 0.0, 0.0, 0.0, 0.0, 0.0, 0.0, 0.0, 0.0, 0.0, 0.0, 0.0, 0.0, 0.0, 0.0, 0.0, 0.0, 0.0, 0.0, 0.0, 0.0, 0.0, 0.0, 0.0, 0.0, 0.0, 0.0, 0.0, 0.0, 0.0, 0.0, 0.0, 0.0, 0.0, 0.0, 0.0, 0.0, 0.0, 0.0, 0.0, 0.0, 0.0, 0.0, 0.0, 0.0, 0.0, 0.0, 0.0, 0.0, 0.0, 0.0, 0.0, 0.0, 0.0, 0.0, 0.0, 0.0, 0.0, 0.0, 0.0, 0.0, 0.0, 0.0, 0.0, 0.0, 0.0, 0.0, 0.0, 0.0, 0.0, 0.0, 0.0, 0.0, 0.0, 0.0, 0.0, 0.0, 0.0, 0.0, 0.0, 0.0, 0.0, 0.0, 0.0, 0.0, 0.0, 0.0, 0.0, 0.0, 0.0, 0.0, 0.0, 0.0, 0.0, 0.0, 0.0, 0.0, 0.0, 0.0, 0.0, 0.0, 0.0, 0.0, 0.0, 0.0, 0.0, 0.0, 0.0, 0.0, 0.0, 0.0, 0.0, 0.0, 0.0, 0.0, 0.0], "url": "http://www.anywherecostarica.com/questions/geography-weather/how-big-is-costa-rica", "selected": true}, {"url": "http://www.nationsencyclopedia.com/economies/Americas/Costa-Rica.html",