{"query_id": 3664, "passages": [{"relevance": 0.44559082857483506, "logits_start": [0.030324852094054222, 0.0014951403718441725, 0.0011283818166702986, 0.0012740904930979013, 0.0016256424132734537, 0.002449164865538478, 0.0012689345749095082, 0.0009657141054049134, 0.0012493639951571822, 0.0011302940547466278, 0.0012810108019039035, 0.052108168601989746, 0.011208536103367805, 0.009579216130077839, 0.009007662534713745, 0.006264733150601387, 0.006547113880515099, 0.007669601123780012, 0.00816627312451601, 0.0074181160889565945, 0.003893123473972082, 0.004388780333101749, 0.004924181383103132, 0.019029708579182625, 0.590461254119873, 0.011359303258359432, 0.00809440016746521, 0.0012393671786412597, 0.023717248812317848, 0.012371200136840343, 0.0007567787542939186, 7.999597437446937e-05, 0.008419630117714405, 0.0006679202197119594, 0.0006362380227074027, 0.001186675624921918, 0.08663611114025116, 0.0008831728482618928, 0.007892297580838203, 0.0011789047857746482, 0.017614832147955894, 0.0006489553488790989, 0.005850847810506821, 0.0014949998585507274, 0.01303817518055439, 0.0009998662862926722, 0.0026381914503872395, 0.00023404830426443368, 9.715303895063698e-05, 6.836013199063018e-05, 7.448889664374292e-05, 7.142087270040065e-05, 7.945713150547817e-05, 0.00010805004421854392, 0.00017602817388251424, 0.0002921326959040016, 3.858702621073462e-05, 3.863327583530918e-05, 2.857634717656765e-05, 2.470789877406787e-05, 1.8240871213492937e-05, 0.0006902855238877237, 6.382581341313198e-05, 6.135142029961571e-05, 6.425772880902514e-05, 7.007969543337822e-05, 0.00010116152407135814, 0.0003559556498657912, 8.991984941530973e-05, 0.00019185314886271954, 6.936516729183495e-05, 0.00018287387501914054, 9.920422598952428e-05, 5.048276943853125e-05, 4.662587525672279e-05, 3.8175974623300135e-05, 3.734625715878792e-05, 3.787671812460758e-05, 3.765748260775581e-05, 3.752841439563781e-05, 3.8695550756528974e-05, 3.720119275385514e-05, 4.107407221454196e-05, 3.551069676177576e-05, 3.790801201830618e-05, 4.549087680061348e-05, 4.115087722311728e-05, 7.423635543091223e-05, 0.00015613461437169462, 1.9769371647271328e-05, 0.00044102329411543906, 3.7677204090869054e-05, 4.2284445953555405e-05, 0.00010176289652008563, 4.850095137953758e-05, 2.9779352189507335e-05, 2.65894595941063e-05, 2.6539879399933852e-05, 2.7758836949942634e-05, 2.6127994715352543e-05, 3.162959183100611e-05, 0.00010376286809332669, 2.4174587451852858e-05, 1.9301087377243675e-05, 1.406938554282533e-05, 0.0005364078097045422, 6.514676351798698e-05, 3.957180888392031e-05, 3.8323305489029735e-05, 2.216934080934152e-05, 2.3971319023985416e-05, 1.881184107332956e-05, 0.0010158579098060727, 0.0001750798983266577, 9.871507063508034e-05, 8.462597179459408e-05, 0.00033144556800834835, 3.910619852831587e-05, 4.267408075975254e-05, 0.0, 0.0, 0.0, 0.0, 0.0, 0.0, 0.0, 0.0, 0.0, 0.0, 0.0, 0.0, 0.0, 0.0, 0.0, 0.0, 0.0, 0.0, 0.0, 0.0, 0.0, 0.0, 0.0, 0.0, 0.0, 0.0, 0.0, 0.0, 0.0, 0.0, 0.0, 0.0, 0.0, 0.0, 0.0, 0.0, 0.0, 0.0, 0.0, 0.0, 0.0, 0.0, 0.0, 0.0, 0.0, 0.0, 0.0, 0.0, 0.0, 0.0, 0.0, 0.0, 0.0, 0.0, 0.0, 0.0, 0.0, 0.0, 0.0, 0.0, 0.0, 0.0, 0.0, 0.0, 0.0, 0.0, 0.0, 0.0, 0.0, 0.0, 0.0, 0.0, 0.0, 0.0, 0.0, 0.0, 0.0, 0.0, 0.0, 0.0, 0.0, 0.0, 0.0, 0.0, 0.0, 0.0, 0.0, 0.0, 0.0, 0.0, 0.0, 0.0, 0.0, 0.0, 0.0, 0.0, 0.0, 0.0, 0.0, 0.0, 0.0, 0.0, 0.0, 0.0, 0.0, 0.0, 0.0, 0.0, 0.0, 0.0, 0.0], "start_index": 24, "logits_end": [3.5766543078352697e-06, 1.065378910425352e-05, 7.067334081511945e-05, 2.991367546201218e-05, 1.729859650367871e-05, 5.3398751333588734e-05, 0.00030174656421877444, 0.00022387318313121796, 5.609526124317199e-05, 0.00019067923130933195, 0.0013740155845880508, 2.6031970264739357e-05, 4.3707994336728007e-05, 4.75449523946736e-05, 8.517396781826392e-05, 1.8035807443084195e-05, 1.7047126675606705e-05, 2.4974297048174776e-05, 0.00011375438771210611, 0.0002999221906065941, 0.00019930016424041241, 3.7115121813258156e-05, 5.1016948418691754e-05, 1.2659279491344932e-05, 0.0033137453719973564, 0.018846485763788223, 0.03393252566456795, 0.004635706543922424, 0.0060861315578222275, 0.009202316403388977, 0.4090333878993988, 0.33757340908050537, 8.5987921920605e-05, 0.00014340672350954264, 0.00012460954894777387, 4.0062033804133534e-05, 0.0005168533534742892, 0.005403263494372368, 0.002844208152964711, 0.004809626843780279, 0.0008909652242437005, 0.011094211600720882, 0.004589255899190903, 0.005530735943466425, 0.00318337744101882, 0.007001470774412155, 0.01938597857952118, 0.0011036272626370192, 0.0007762281456962228, 0.00039769988507032394, 0.0006942315376363695, 0.0008705684449523687, 0.0009969319216907024, 0.0007657678797841072, 0.0005665879580192268, 0.0007103759562596679, 0.0002056010562228039, 0.0001556719362270087, 0.0001619859249331057, 0.0014955035876482725, 0.06162358447909355, 3.337719681439921e-05, 4.836405423702672e-05, 4.642829662770964e-05, 4.70474042231217e-05, 4.2809209844563156e-05, 4.4089469156460837e-05, 0.00017550453776493669, 0.00014987865870352834, 0.0005543747683987021, 4.254097075317986e-05, 0.00012187583342893049, 0.00028709968319162726, 0.00014521204866468906, 9.771950863068923e-05, 6.349779141601175e-05, 3.518600351526402e-05, 2.7882000722456723e-05, 2.4623268473078497e-05, 2.2755215468350798e-05, 2.409201260888949e-05, 2.0943123672623187e-05, 2.3917478756629862e-05, 2.434394264128059e-05, 2.753930129983928e-05, 3.0119095754344016e-05, 2.6453466489329003e-05, 6.481238960986957e-05, 0.0008259608875960112, 0.008818961679935455, 7.947491212689783e-06, 1.6176401913980953e-05, 1.5823994544916786e-05, 5.0943919632118195e-05, 0.00013468826364260167, 7.363421173067763e-05, 3.146199742332101e-05, 2.775696339085698e-05, 3.0812596378382295e-05, 2.0520094039966352e-05, 4.409203029354103e-05, 8.534032531315461e-05, 2.728642175497953e-05, 0.0002432958863209933, 0.011935753747820854, 4.966220512869768e-05, 1.363304636470275e-05, 1.2136345503677148e-05, 2.3537333618151024e-05, 2.174753899453208e-05, 0.00011220030864933506, 0.00872555747628212, 5.626387064694427e-05, 9.207776201947127e-06, 1.0160033525608014e-05, 3.51636263076216e-05, 0.00022393991821445525, 0.00027251002029515803, 0.003690980141982436, 0.0, 0.0, 0.0, 0.0, 0.0, 0.0, 0.0, 0.0, 0.0, 0.0, 0.0, 0.0, 0.0, 0.0, 0.0, 0.0, 0.0, 0.0, 0.0, 0.0, 0.0, 0.0, 0.0, 0.0, 0.0, 0.0, 0.0, 0.0, 0.0, 0.0, 0.0, 0.0, 0.0, 0.0, 0.0, 0.0, 0.0, 0.0, 0.0, 0.0, 0.0, 0.0, 0.0, 0.0, 0.0, 0.0, 0.0, 0.0, 0.0, 0.0, 0.0, 0.0, 0.0, 0.0, 0.0, 0.0, 0.0, 0.0, 0.0, 0.0, 0.0, 0.0, 0.0, 0.0, 0.0, 0.0, 0.0, 0.0, 0.0, 0.0, 0.0, 0.0, 0.0, 0.0, 0.0, 0.0, 0.0, 0.0, 0.0, 0.0, 0.0, 0.0, 0.0, 0.0, 0.0, 0.0, 0.0, 0.0, 0.0, 0.0, 0.0, 0.0, 0.0, 0.0, 0.0, 0.0, 0.0, 0.0, 0.0, 0.0, 0.0, 0.0, 0.0, 0.0, 0.0, 0.0, 0.0, 0.0, 0.0, 0.0, 0.0], "tokens": ["how", "to", "figure", "out", "the", "maximum", "shed", "size", "without", "permit", ":", "most", "major", "canadian", "municipalities", "allow", "for", "a", "maximum", "shed", "size", "without", "permit", "of", "10", "square", "metres", "or", "107", "square", "feet", ".", "sheds", "such", "as", "our", "10", "x", "10", "|", "8", "x", "10", "|", "8", "x", "12", "can", "typically", "be", "build", "in", "most", "metro", "vancouver", "municipalities", "without", "a", "building", "permit", ".", "if", "you", "want", "to", "build", "a", "shed", "larger", "than", "the", "maximum", "shed", "size", "allowed", "without", "permit", "you", "will", "need", "to", "obtain", "a", "building", "permit", "from", "your", "local", "municipality", ".", "figuring", "out", "the", "maximum", "shed", "size", "without", "permit", "in", "your", "local", "municipality", "is", "easy", ".", "1", "call", "your", "municipalities", "building", "department", ".", "2", "ask", "them", "these", "three", "question", ";"], "end_index": 30, "selected": true,