{"query_id": 3664, "passages": [{"logits_end": [1.7234255210496485e-05, 8.913073543226346e-06, 6.669109279755503e-05, 1.59775390784489e-05, 5.5448927014367655e-06, 1.7869029761641286e-05, 2.692629277589731e-05, 0.00010871837002923712, 2.1595767975668423e-05, 0.00012909321230836213, 0.00015502964379265904, 1.4201003978087101e-05, 2.2147063646116294e-05, 1.1750545127142686e-05, 4.2174491682089865e-05, 2.72280794888502e-05, 1.1034027011191938e-05, 4.575450930133229e-06, 1.370566496916581e-05, 1.7435895642847754e-05, 5.299172335071489e-05, 3.2446587283629924e-05, 1.3770203622698318e-05, 8.967692338046618e-06, 0.0027677707839757204, 0.0028319410048425198, 0.13551069796085358, 0.0004360404273029417, 0.00580967403948307, 0.016948403790593147, 0.2955377697944641, 0.3787953555583954, 0.002038343111053109, 0.0005179442232474685, 0.0002835372870322317, 6.341945845633745e-05, 0.0018742368556559086, 0.0026985949371010065, 0.0025166673585772514, 0.0034502192866057158, 0.005365348421037197, 0.0028722912538796663, 0.003965160809457302, 0.003325620898976922, 0.015123690478503704, 0.008879735134541988, 0.05251740291714668, 0.0020988115575164557, 0.0012150738621130586, 0.0002728785912040621, 0.0004922745283693075, 0.000253475911449641, 0.00018467304471414536, 0.00024134444538503885, 0.00019229740428272635, 0.00022531503054779023, 0.00012476717529352754, 3.9295955502893776e-05, 0.00012366972805466503, 0.0006918374565429986, 0.027544783428311348, 6.934987322892994e-05, 3.246586857130751e-05, 3.243520040996373e-05, 2.547072472225409e-05, 2.351143666601274e-05, 1.4750986338185612e-05, 1.455498750146944e-05, 1.8761082174023613e-05, 0.00017461247625760734, 1.820324541768059e-05, 1.653289837122429e-05, 2.101145582855679e-05, 7.965088298078626e-05, 5.2037343266420066e-05, 3.356650995556265e-05, 2.6301617253920995e-05, 3.4713106288108975e-05, 1.075843920261832e-05, 4.122656537219882e-05, 3.2834035664564e-05, 1.2550797691801563e-05, 9.068443432624917e-06, 5.468590461532585e-05, 1.2449017958715558e-05, 1.2078308827767614e-05, 6.91671812091954e-05, 2.4999239030876197e-05, 0.00030416701338253915, 0.0037263967096805573, 4.426323721418157e-05, 1.6130457879626192e-05, 9.395586857863236e-06, 7.129839104891289e-06, 8.137159966281615e-06, 2.3920436433400027e-05, 1.270675056730397e-05, 6.324005425994983e-06, 4.251096470397897e-06, 2.1824758732691407e-05, 2.8644362828345038e-05, 4.0496932342648506e-05, 7.041789558570599e-06, 0.00015409570187330246, 0.002467609476298094, 0.0021938385907560587, 7.399602327495813e-05, 4.0520226320950314e-05, 3.193188240402378e-05, 9.846265129453968e-06, 0.00019918353063985705, 0.0030642037745565176, 0.00038095645140856504, 2.7517477064975537e-05, 1.5183743016677909e-05, 9.225756912201177e-06, 0.006565351039171219, 0.0006268529687076807, 0.00023484500707127154, 0.0, 0.0, 0.0, 0.0, 0.0, 0.0, 0.0, 0.0, 0.0, 0.0, 0.0, 0.0, 0.0, 0.0, 0.0, 0.0, 0.0, 0.0, 0.0, 0.0, 0.0, 0.0, 0.0, 0.0, 0.0, 0.0, 0.0, 0.0, 0.0, 0.0, 0.0, 0.0, 0.0, 0.0, 0.0, 0.0, 0.0, 0.0, 0.0, 0.0, 0.0, 0.0, 0.0, 0.0, 0.0, 0.0, 0.0, 0.0, 0.0, 0.0, 0.0, 0.0, 0.0, 0.0, 0.0, 0.0, 0.0, 0.0, 0.0, 0.0, 0.0, 0.0, 0.0, 0.0, 0.0, 0.0, 0.0, 0.0, 0.0, 0.0, 0.0, 0.0, 0.0, 0.0, 0.0, 0.0, 0.0, 0.0, 0.0, 0.0, 0.0, 0.0, 0.0, 0.0, 0.0, 0.0, 0.0, 0.0, 0.0, 0.0, 0.0, 0.0, 0.0, 0.0, 0.0, 0.0, 0.0, 0.0, 0.0, 0.0, 0.0, 0.0, 0.0, 0.0, 0.0, 0.0, 0.0, 0.0, 0.0, 0.0, 0.0, 0.0, 0.0, 0.0, 0.0, 0.0, 0.0, 0.0, 0.0, 0.0, 0.0, 0.0, 0.0, 0.0, 0.0, 0.0, 0.0, 0.0, 0.0, 0.0, 0.0, 0.0, 0.0, 0.0], "tokens": ["how", "to", "figure", "out", "the", "maximum", "shed", "size", "without", "permit", ":", "most", "major", "canadian", "municipalities", "allow", "for", "a", "maximum", "shed", "size", "without", "permit", "of", "10", "square", "metres", "or", "107", "square", "feet", ".", "sheds", "such", "as", "our", "10", "x", "10", "|", "8", "x", "10", "|", "8", "x", "12", "can", "typically", "be", "build", "in", "most", "metro", "vancouver", "municipalities", "without", "a", "building", "permit", ".", "if", "you", "want", "to", "build", "a", "shed", "larger", "than", "the", "maximum", "shed", "size", "allowed", "without", "permit", "you", "will", "need", "to", "obtain", "a", "building", "permit", "from", "your", "local", "municipality", ".", "figuring", "out", "the", "maximum", "shed", "size", "without", "permit", "in", "your", "local", "municipality", "is", "easy", ".", "1", "call", "your", "municipalities", "building", "department", ".", "2", "ask", "them", "these", "three", "question", ";"], "selected": true, "relevance": 0.5056654099495514, "url": "http://www.outbuildings.ca/2012/12/23/maximum-shed-size-without-permit/", "end_index": 31, "start_index": 24,