{"passages": [{"end_index": 30, "start_index": 24, "tokens": ["how", "to", "figure", "out", "the", "maximum", "shed", "size", "without", "permit", ":", "most", "major", "canadian", "municipalities", "allow", "for", "a", "maximum", "shed", "size", "without", "permit", "of", "10", "square", "metres", "or", "107", "square", "feet", ".", "sheds", "such", "as", "our", "10", "x", "10", "|", "8", "x", "10", "|", "8", "x", "12", "can", "typically", "be", "build", "in", "most", "metro", "vancouver", "municipalities", "without", "a", "building", "permit", ".", "if", "you", "want", "to", "build", "a", "shed", "larger", "than", "the", "maximum", "shed", "size", "allowed", "without", "permit", "you", "will", "need", "to", "obtain", "a", "building", "permit", "from", "your", "local", "municipality", ".", "figuring", "out", "the", "maximum", "shed", "size", "without", "permit", "in", "your", "local", "municipality", "is", "easy", ".", "1", "call", "your", "municipalities", "building", "department", ".", "2", "ask", "them", "these", "three", "question", ";"], "relevance": 0.5056654099495514, "logits_end": [4.821120455744676e-06, 1.4783726328460034e-05, 7.749776705168188e-05, 2.6913039619103074e-05, 1.2200710443721619e-05, 0.00048629852244630456, 0.000652682560030371, 0.0005671439575962722, 6.236760236788541e-05, 0.000200365946511738, 0.0036745830439031124, 1.5739431546535343e-05, 0.00015866977628320456, 0.0003258974466007203, 0.002842136425897479, 4.7797740990063176e-05, 5.438305015559308e-05, 3.59173136530444e-05, 0.0009719224763102829, 0.0006127638043835759, 0.0008733298745937645, 9.086504724109545e-05, 4.5752120058750734e-05, 2.3982584025361575e-05, 0.009661169722676277, 0.013038929551839828, 0.015846772119402885, 0.001928475103341043, 0.019492192193865776, 0.02134622447192669, 0.3063943386077881, 0.28907230496406555, 9.431930811842903e-05, 4.159085074206814e-05, 1.747324495227076e-05, 1.3923287951911334e-05, 0.005164906848222017, 0.006978094112128019, 0.016083624213933945, 0.012830262072384357, 0.008131789043545723, 0.009799969382584095, 0.019825764000415802, 0.018380478024482727, 0.007816455326974392, 0.017526911571621895, 0.0315856970846653, 0.001495203236117959, 0.0008120770216919482, 0.00027698479243554175, 0.0005843016551807523, 0.0002126789913745597, 0.0003914177941624075, 0.001942757167853415, 0.0007394000422209501, 0.004929784685373306, 0.0003919567971024662, 0.00019406441424507648, 0.00027259642956778407, 0.0022760042920708656, 0.08084738999605179, 2.7955231416854076e-05, 4.1397819586563855e-05, 3.567132807802409e-05, 2.8467071388149634e-05, 3.0041337595321238e-05, 2.8867336368421093e-05, 0.0007637217058800161, 0.00015690222789999098, 0.0005958603578619659, 3.969361205236055e-05, 0.0004886389942839742, 0.00038041325751692057, 0.0007276181131601334, 9.328635496785864e-05, 9.163388313027099e-05, 9.95426089502871e-05, 5.322788638295606e-05, 4.181002077530138e-05, 4.648857066058554e-05, 3.601348726078868e-05, 3.89992528653238e-05, 3.734346682904288e-05, 4.6370478230528533e-05, 8.507739403285086e-05, 4.148733933106996e-05, 4.6514156565535814e-05, 4.789379454450682e-05, 0.0035957484506070614, 0.029333556070923805, 8.60979525896255e-06, 1.1922571502509527e-05, 8.651401003589854e-06, 0.00012192371650598943, 0.00011119525879621506, 0.00033550645457580686, 5.33207603439223e-05, 5.9722515288740396e-05, 2.3176849936135113e-05, 3.103470226051286e-05, 3.7546371459029615e-05, 0.0006052192184142768, 4.203106072964147e-05, 0.00039139256114140153, 0.011222943663597107, 0.0005376218468882143, 1.1120565432065632e-05, 1.0216196642431896e-05, 6.376835517585278e-05, 3.0974799301475286e-05, 0.00011598375567700714, 0.005667337216436863, 0.00028382454183883965, 6.25070288151619e-06, 6.025556103850249e-06, 6.0625843616435304e-06, 0.0009924634359776974, 0.0005097198882140219, 0.003297087037935853, 0.0, 0.0, 0.0, 0.0, 0.0, 0.0, 0.0, 0.0, 0.0, 0.0, 0.0, 0.0, 0.0, 0.0, 0.0, 0.0, 0.0, 0.0, 0.0, 0.0, 0.0, 0.0, 0.0, 0.0, 0.0, 0.0, 0.0, 0.0, 0.0, 0.0, 0.0, 0.0, 0.0, 0.0, 0.0, 0.0, 0.0, 0.0, 0.0, 0.0, 0.0, 0.0, 0.0, 0.0, 0.0, 0.0, 0.0, 0.0, 0.0, 0.0, 0.0, 0.0, 0.0, 0.0, 0.0, 0.0, 0.0, 0.0, 0.0, 0.0, 0.0, 0.0, 0.0, 0.0, 0.0, 0.0, 0.0, 0.0, 0.0, 0.0, 0.0, 0.0, 0.0, 0.0, 0.0, 0.0, 0.0, 0.0, 0.0, 0.0, 0.0, 0.0, 0.0, 0.0, 0.0, 0.0, 0.0, 0.0, 0.0, 0.0, 0.0, 0.0, 0.0, 0.0, 0.0, 0.0, 0.0, 0.0, 0.0, 0.0, 0.0, 0.0, 0.0, 0.0, 0.0, 0.0, 0.0, 0.0, 0.0, 0.0, 0.0], "logits_start": [0.029548149555921555, 0.0017769484547898173, 0.0019575711339712143, 0.0015155809232965112, 0.0026542767882347107, 0.004424646496772766, 0.0020225599873811007, 0.0008353681187145412, 0.0004465207166504115, 0.000315222074277699, 0.0008124642190523446, 0.03368948772549629, 0.0037253256887197495, 0.0035494593903422356, 0.014839923940598965, 0.004562223330140114, 0.005895189940929413, 0.018077490851283073, 0.016523877158761024, 0.009366990998387337, 0.006441588047891855, 0.00512688048183918, 0.0051286187954247, 0.02800428681075573, 0.5400843620300293, 0.024488316848874092, 0.04415670409798622, 0.0038159266114234924, 0.0810779258608818, 0.0042531732469797134, 0.004083198495209217, 6.408352783182636e-05, 0.0092376209795475, 0.0007028053514659405, 0.0009371274500153959, 0.001553426031023264, 0.04232607036828995, 0.0012965119676664472, 0.002791225677356124, 0.0013585437554866076, 0.004728577099740505, 0.0012367204762995243, 0.0023352454882115126, 0.0010538357309997082, 0.004715362563729286, 0.0005771606229245663, 0.0024020280689001083, 0.00019028816313948482, 8.308151882374659e-05, 4.754859037348069e-05, 8.08461700216867e-05, 6.279335502767935e-05, 0.00010114574251929298, 0.0003188865666743368, 0.00022354256361722946, 0.0008954275981523097, 2.3505150238634087e-05, 2.3712422262178734e-05, 1.1378060662536882e-05, 1.3279687664180528e-05, 1.7089028915506788e-05, 0.001100195455364883, 0.00010780871525639668, 0.00010945770191028714, 0.00019305374007672071, 0.0002389663568465039, 0.00038960177334956825, 0.0008855696651153266, 0.00037208819412626326, 0.0003517892910167575, 0.00023854761093389243, 0.0004679358680732548, 0.0002459299867041409, 0.00010287581972079352, 7.299253775272518e-05, 4.88116784254089e-05, 3.88273510907311e-05, 3.866719998768531e-05, 3.9945873140823096e-05, 3.734193160198629e-05, 6.437976117013022e-05, 4.776328933076002e-05, 7.12157052475959e-05, 4.0900573367252946e-05, 3.412192745599896e-05, 7.728607306489721e-05, 4.444184378371574e-05, 0.0002770136925391853, 0.0012618066975846887, 2.4792929252726026e-05, 0.0013649702304974198, 0.00014576326066162437, 0.0002465916913934052, 0.0002809388388413936, 0.00015907693887129426, 6.858256529085338e-05, 3.494743214105256e-05, 2.4302311430801637e-05, 3.949683377868496e-05, 2.636154749779962e-05, 5.1282124331919476e-05, 0.000274364574579522, 1.5472995073650964e-05, 2.396447234787047e-05, 2.2443833586294204e-05, 0.0006701964302919805, 0.0002794605679810047, 3.802095670835115e-05, 0.00012792862253263593, 1.7791602658689953e-05, 2.0565688828355633e-05, 2.077325370919425e-05, 0.0007141405949369073, 0.001582833006978035, 0.0002757803304120898, 0.0007210937328636646, 0.0030410238541662693, 2.9862405426683836e-05, 4.8748501285444945e-05, 0.0, 0.0, 0.0, 0.0, 0.0, 0.0, 0.0, 0.0, 0.0, 0.0, 0.0, 0.0, 0.0, 0.0, 0.0, 0.0, 0.0, 0.0, 0.0, 0.0, 0.0, 0.0, 0.0, 0.0, 0.0, 0.0, 0.0, 0.0, 0.0, 0.0, 0.0, 0.0, 0.0, 0.0, 0.0, 0.0, 0.0, 0.0, 0.0, 0.0, 0.0, 0.0, 0.0, 0.0, 0.0, 0.0, 0.0, 0.0, 0.0, 0.0, 0.0, 0.0, 0.0, 0.0, 0.0, 0.0, 0.0, 0.0, 0.0, 0.0, 0.0, 0.0, 0.0, 0.0, 0.0, 0.0, 0.0, 0.0, 0.0, 0.0, 0.0, 0.0, 0.0, 0.0, 0.0, 0.0, 0.0, 0.0, 0.0, 0.0, 0.0, 0.0, 0.0, 0.0, 0.0, 0.0, 0.0, 0.0, 0.0, 0.0, 0.0, 0.0, 0.0, 0.0, 0.0, 0.0, 0.0, 0.0, 0.0, 0.0, 0.0, 0.0, 0.0, 0.0, 0.0, 0.0, 0.0, 0.0, 0.0, 0.0, 0.0], "url": "http://www.outbuildings.ca/2012/12/23/maximum-shed-size-without-permit/", "selected": true}, {"url": "http://www.contractortalk.com/f11/no-permit-required-94583/",