{"query_id": 3671, "passages": [{"logits_start": [0.24937458336353302, 0.01527866255491972, 0.013785704039037228, 0.03142792731523514, 0.020964473485946655, 0.0029982051346451044, 0.16535377502441406, 0.007706569507718086, 0.008830510079860687, 0.02131366729736328, 0.014809972606599331, 0.0021825600415468216, 0.08101387321949005, 0.004641708452254534, 0.007646447047591209, 0.021217865869402885, 0.009795410558581352, 0.005724524613469839, 0.024052085354924202, 0.005134149920195341, 0.008496370166540146, 0.004730063024908304, 0.011729361489415169, 0.0036543121095746756, 0.007063399069011211, 0.004413645714521408, 0.007395083084702492, 0.008055124431848526, 0.0011662158649414778, 0.04512794688344002, 0.0021920218132436275, 0.00410449830815196, 0.007267885375767946, 0.003935482818633318, 0.002597359474748373, 0.014276142232120037, 0.006239866837859154, 0.0008084267610684037, 0.02723158337175846, 0.0019048330141231418, 0.009580159559845924, 0.0029013105668127537, 0.0026879990473389626, 0.0015364730497822165, 0.006578392349183559, 0.0006937410798855126, 0.030628252774477005, 0.0015132626285776496, 0.002768113510683179, 0.002651911461725831, 0.0015860436251387, 0.005979795008897781, 0.0017703012563288212, 0.0023721284233033657, 0.001590639352798462, 0.002318463521078229, 0.0019573464524000883, 0.0015986858634278178, 0.0010841808980330825, 0.0034372000955045223, 0.00042013468919321895, 0.013406392186880112, 0.000886644353158772, 0.0017852905439212918, 0.001077784108929336, 0.0014282569754868746, 0.0009490567608736455, 0.0008306629024446011, 0.0012900211149826646, 0.0007933357264846563, 0.0005977146211080253, 0.001035227905958891, 0.0005590873188339174, 0.000718530616723001, 0.0006103725172579288, 0.0005701809423044324, 0.0006111571565270424, 0.0013453287538141012, 0.00020822486840188503, 0.0, 0.0, 0.0, 0.0, 0.0, 0.0, 0.0, 0.0, 0.0, 0.0, 0.0, 0.0, 0.0, 0.0, 0.0, 0.0, 0.0, 0.0, 0.0, 0.0, 0.0, 0.0, 0.0, 0.0, 0.0, 0.0, 0.0, 0.0, 0.0, 0.0, 0.0, 0.0, 0.0, 0.0, 0.0, 0.0, 0.0, 0.0, 0.0, 0.0, 0.0, 0.0, 0.0, 0.0, 0.0, 0.0, 0.0, 0.0, 0.0, 0.0, 0.0, 0.0, 0.0, 0.0, 0.0, 0.0, 0.0, 0.0, 0.0, 0.0, 0.0, 0.0, 0.0, 0.0, 0.0, 0.0, 0.0, 0.0, 0.0, 0.0, 0.0, 0.0, 0.0, 0.0, 0.0, 0.0, 0.0, 0.0, 0.0, 0.0, 0.0, 0.0, 0.0, 0.0, 0.0, 0.0, 0.0, 0.0, 0.0, 0.0, 0.0, 0.0, 0.0, 0.0, 0.0, 0.0, 0.0, 0.0, 0.0, 0.0, 0.0, 0.0, 0.0, 0.0, 0.0, 0.0, 0.0, 0.0, 0.0, 0.0, 0.0, 0.0, 0.0, 0.0, 0.0, 0.0, 0.0, 0.0, 0.0, 0.0, 0.0, 0.0, 0.0, 0.0, 0.0, 0.0, 0.0, 0.0, 0.0, 0.0, 0.0, 0.0, 0.0, 0.0, 0.0, 0.0, 0.0, 0.0, 0.0, 0.0, 0.0, 0.0, 0.0, 0.0, 0.0, 0.0, 0.0, 0.0, 0.0, 0.0, 0.0, 0.0, 0.0, 0.0, 0.0, 0.0, 0.0, 0.0, 0.0, 0.0, 0.0], "selected": true, "end_index": 28, "url": "http://www.yourdictionary.com/roll", "logits_end": [0.002480081282556057, 0.002563640009611845, 0.0019592924509197474, 0.009735804051160812, 0.013792403973639011, 0.143407940864563, 0.0017988758627325296, 0.0013111172011122108, 0.0011834038887172937, 0.006077169440686703, 0.009152227081358433, 0.11765895038843155, 0.0006779870018362999, 0.0006089265807531774, 0.00045845680870115757, 0.0010587780270725489, 0.0013982676900923252, 0.0015968710649758577, 0.002940019592642784, 0.0009980243630707264, 0.0009028626955114305, 0.0007651057094335556, 0.002491196384653449, 0.001322782482020557, 0.0019821603782474995, 0.0013043719809502363, 0.0033857061062008142, 0.012251200154423714, 0.22215843200683594, 0.0008412976749241352, 0.0004815621068701148, 0.00046250992454588413, 0.000817098596598953, 0.001192697905935347, 0.0017088055610656738, 0.006870945915579796, 0.00788144487887621, 0.09958016872406006, 0.0006883026217110455, 0.00033355318009853363, 0.0006781021365895867, 0.00048020208487287164, 0.0008009973098523915, 0.0006093642441555858, 0.005336244124919176, 0.07749222964048386, 0.00047419496695511043, 0.00027878425316885114, 0.0002743011573329568, 0.0004643500433303416, 0.0004110909067094326, 0.0005470276810228825, 0.0003750731120817363, 0.00035659444984048605, 0.00033914484083652496, 0.0007533045136369765, 0.000742685457225889, 0.0007928258855827153, 0.000684937578625977, 0.005078139249235392, 0.11326389014720917, 0.00029390244162641466, 0.00014070600445847958, 0.00018347168224863708, 0.00010347195348003879, 0.00010480917990207672, 0.00010720158024923876, 0.0001400209148414433, 0.0001348954829154536, 0.00011390744475647807, 0.00012563406198751181, 0.00014017289504408836, 0.0001813894195947796, 0.00014070943871047348, 0.00016184124979190528, 0.00021274502796586603, 0.00028532560099847615, 0.001988418633118272, 0.09692738950252533, 0.0, 0.0, 0.0, 0.0, 0.0, 0.0, 0.0, 0.0, 0.0, 0.0, 0.0, 0.0, 0.0, 0.0, 0.0, 0.0, 0.0, 0.0, 0.0, 0.0, 0.0, 0.0, 0.0, 0.0, 0.0, 0.0, 0.0, 0.0, 0.0, 0.0, 0.0, 0.0, 0.0, 0.0, 0.0, 0.0, 0.0, 0.0, 0.0, 0.0, 0.0, 0.0, 0.0, 0.0, 0.0, 0.0, 0.0, 0.0, 0.0, 0.0, 0.0, 0.0, 0.0, 0.0, 0.0, 0.0, 0.0, 0.0, 0.0, 0.0, 0.0, 0.0, 0.0, 0.0, 0.0, 0.0, 0.0, 0.0, 0.0, 0.0, 0.0, 0.0, 0.0, 0.0, 0.0, 0.0, 0.0, 0.0, 0.0, 0.0, 0.0, 0.0, 0.0, 0.0, 0.0, 0.0, 0.0, 0.0, 0.0, 0.0, 0.0, 0.0, 0.0, 0.0, 0.0, 0.0, 0.0, 0.0, 0.0, 0.0, 0.0, 0.0, 0.0, 0.0, 0.0, 0.0, 0.0, 0.0, 0.0, 0.0, 0.0, 0.0, 0.0, 0.0, 0.0, 0.0, 0.0, 0.0, 0.0, 0.0, 0.0, 0.0, 0.0, 0.0, 0.0, 0.0, 0.0, 0.0, 0.0, 0.0, 0.0, 0.0, 0.0, 0.0, 0.0, 0.0, 0.0, 0.0, 0.0, 0.0, 0.0, 0.0, 0.0, 0.0, 0.0, 0.0, 0.0, 0.0, 0.0, 0.0, 0.0, 0.0, 0.0, 0.0, 0.0, 0.0, 0.0, 0.0, 0.0, 0.0, 0.0], "relevance": 0.6039932771177519, "tokens": ["a", "roll", "of", "duct", "tape", ".", "a", "roll", "of", "duct", "tape", ".", "the", "definition", "of", "a", "roll", "is", "something", "that", "'s", "been", "coiled", "or", "twisted", "into", "a", "cylinder", ".", "an", "example", "of", "a", "roll", "is", "duct", "tape", ".", "roll", "means", "a", "small", "piece", "of", "bread", ".", "an", "example", "of", "roll", "is", "an", "individual", "serving", "of", "bread", "eaten", "warm", "with", "butter", ".", "roll", "is", "defined", "as", "to", "move", "by", "turning", "over", "and", "over", "or", "to", "move", "forward", "on", "wheels", "."],