{"query_id": 3938, "passages": [{"logits_start": [0.05329372361302376, 0.01810538023710251, 0.05841844528913498, 0.005441106390208006, 0.07355428487062454, 0.011399935930967331, 0.006389564834535122, 0.09065686166286469, 0.009564455598592758, 0.013243482448160648, 0.03378814458847046, 0.010896536521613598, 0.05464065074920654, 0.018165865913033485, 0.01575733907520771, 0.010579721070826054, 0.03157065436244011, 0.008691410534083843, 0.009509953670203686, 0.008523945696651936, 0.009240816347301006, 0.006982306018471718, 0.006109945010393858, 0.018494179472327232, 0.005452368408441544, 0.006599611137062311, 0.007910465821623802, 0.009558462537825108, 0.005852111149579287, 0.007268366403877735, 0.0067555890418589115, 0.026533832773566246, 0.006834737956523895, 0.006593798287212849, 0.015774568542838097, 0.005879460368305445, 0.009367271326482296, 0.002714815316721797, 0.05841096118092537, 0.0036296432372182608, 0.024695871397852898, 0.004746614024043083, 0.009594663046300411, 0.005072192754596472, 0.005196351557970047, 0.0037610488943755627, 0.01208572182804346, 0.005788770969957113, 0.0035823548678308725, 0.007035735063254833, 0.007121656555682421, 0.004718727897852659, 0.0015440542483702302, 0.024030102416872978, 0.0022384494077414274, 0.006547695025801659, 0.004004211165010929, 0.0037111404817551374, 0.009256941266357899, 0.0027957966085523367, 0.0030926938634365797, 0.002759874565526843, 0.003023514524102211, 0.002378991572186351, 0.0021278599742799997, 0.005373153369873762, 0.0020264515187591314, 0.0023159042466431856, 0.00280997296795249, 0.0034257329534739256, 0.0028615936171263456, 0.0038257711566984653, 0.0009635276510380208, 0.012697014026343822, 0.0007349584484472871, 0.022142471745610237, 0.0038953593466430902, 0.0037401511799544096, 0.003039478324353695, 0.0010826245415955782, 0.0, 0.0, 0.0, 0.0, 0.0, 0.0, 0.0, 0.0, 0.0, 0.0, 0.0, 0.0, 0.0, 0.0, 0.0, 0.0, 0.0, 0.0, 0.0, 0.0, 0.0, 0.0, 0.0, 0.0, 0.0, 0.0, 0.0, 0.0, 0.0, 0.0, 0.0, 0.0, 0.0, 0.0, 0.0, 0.0, 0.0, 0.0, 0.0, 0.0, 0.0, 0.0, 0.0, 0.0, 0.0, 0.0, 0.0, 0.0, 0.0, 0.0, 0.0, 0.0, 0.0, 0.0, 0.0, 0.0, 0.0, 0.0, 0.0, 0.0, 0.0, 0.0, 0.0, 0.0, 0.0, 0.0, 0.0, 0.0, 0.0, 0.0, 0.0, 0.0, 0.0, 0.0, 0.0, 0.0, 0.0, 0.0, 0.0, 0.0, 0.0, 0.0, 0.0, 0.0, 0.0, 0.0, 0.0, 0.0, 0.0, 0.0, 0.0, 0.0, 0.0, 0.0, 0.0, 0.0, 0.0, 0.0, 0.0, 0.0, 0.0, 0.0, 0.0, 0.0, 0.0, 0.0, 0.0, 0.0, 0.0, 0.0, 0.0, 0.0, 0.0, 0.0, 0.0, 0.0, 0.0, 0.0, 0.0, 0.0, 0.0, 0.0, 0.0, 0.0, 0.0, 0.0, 0.0, 0.0, 0.0, 0.0, 0.0, 0.0, 0.0, 0.0, 0.0, 0.0, 0.0, 0.0, 0.0, 0.0, 0.0, 0.0, 0.0, 0.0, 0.0, 0.0, 0.0, 0.0, 0.0, 0.0, 0.0, 0.0, 0.0, 0.0, 0.0, 0.0, 0.0, 0.0, 0.0, 0.0], "logits_end": [0.006813578773289919, 0.006759314332157373, 0.0297038983553648, 0.057902052998542786, 0.008544834330677986, 0.0076691810972988605, 0.039730921387672424, 0.002148842206224799, 0.002102075144648552, 0.003069293452426791, 0.0029697732534259558, 0.0035552293993532658, 0.011542118154466152, 0.005998718086630106, 0.005589794833213091, 0.0034594947937875986, 0.008447237312793732, 0.005777801387012005, 0.00656488910317421, 0.004290925804525614, 0.003682727226987481, 0.0030746208503842354, 0.0033289839047938585, 0.006647641770541668, 0.004059524741023779, 0.0070350575260818005, 0.007105144206434488, 0.002943568630144, 0.004050485324114561, 0.005398844834417105, 0.008314277045428753, 0.020583512261509895, 0.0067229848355054855, 0.005802464205771685, 0.012287802062928677, 0.011896999552845955, 0.02579350210726261, 0.18233656883239746, 0.002281493740156293, 0.00184518878813833, 0.007933738641440868, 0.0035295612178742886, 0.0029737590812146664, 0.0018243639497086406, 0.0018380606779828668, 0.001671056728810072, 0.0040549347177147865, 0.0035055733751505613, 0.0037529345136135817, 0.005882197991013527, 0.009891882538795471, 0.012758920900523663, 0.14667658507823944, 0.0010004629148170352, 0.0005983941373415291, 0.001189559232443571, 0.0011025246931239963, 0.0007956515182740986, 0.0017939418321475387, 0.001111009158194065, 0.0012472955277189612, 0.0008760801865719259, 0.0008642211323603988, 0.0007603680714964867, 0.0007816993165761232, 0.0014631632948294282, 0.0009711126913316548, 0.0014048785669729114, 0.001460375264286995, 0.0012194924056529999, 0.0025933089200407267, 0.006496668793261051, 0.10672694444656372, 0.011241600848734379, 0.02774702198803425, 0.004542479757219553, 0.005267933011054993, 0.006583560723811388, 0.014214646071195602, 0.041820719838142395, 0.0, 0.0, 0.0, 0.0, 0.0, 0.0, 0.0, 0.0, 0.0, 0.0, 0.0, 0.0, 0.0, 0.0, 0.0, 0.0, 0.0, 0.0, 0.0, 0.0, 0.0, 0.0, 0.0, 0.0, 0.0, 0.0, 0.0, 0.0, 0.0, 0.0, 0.0, 0.0, 0.0, 0.0, 0.0, 0.0, 0.0, 0.0, 0.0, 0.0, 0.0, 0.0, 0.0, 0.0, 0.0, 0.0, 0.0, 0.0, 0.0, 0.0, 0.0, 0.0, 0.0, 0.0, 0.0, 0.0, 0.0, 0.0, 0.0, 0.0, 0.0, 0.0, 0.0, 0.0, 0.0, 0.0, 0.0, 0.0, 0.0, 0.0, 0.0, 0.0, 0.0, 0.0, 0.0, 0.0, 0.0, 0.0, 0.0, 0.0, 0.0, 0.0, 0.0, 0.0, 0.0, 0.0, 0.0, 0.0, 0.0, 0.0, 0.0, 0.0, 0.0, 0.0, 0.0, 0.0, 0.0, 0.0, 0.0, 0.0, 0.0, 0.0, 0.0, 0.0, 0.0, 0.0, 0.0, 0.0, 0.0, 0.0, 0.0, 0.0, 0.0, 0.0, 0.0, 0.0, 0.0, 0.0, 0.0, 0.0, 0.0, 0.0, 0.0, 0.0, 0.0, 0.0, 0.0, 0.0, 0.0, 0.0, 0.0, 0.0, 0.0, 0.0, 0.0, 0.0, 0.0, 0.0, 0.0, 0.0, 0.0, 0.0, 0.0, 0.0, 0.0, 0.0, 0.0, 0.0, 0.0, 0.0, 0.0, 0.0, 0.0, 0.0, 0.0, 0.0, 0.0, 0.0, 0.0, 0.0], "relevance": 0.6931040716104033, "tokens": ["meaning", "of", "redvers", ".", "english", "name", ".", "in", "english", ",", "the", "name", "redvers", "means-name", "derived", "from", "a", "surname", ",", "and", "only", "used", "as", "a", "first", "name", "since", "the", "19th", "century..the", "name", "redvers", "originated", "as", "an", "english", "name", ".", "the", "name", "redvers", "is", "most", "often", "used", "as", "a", "boy", "name", "or", "male", "name", ".", "english", "name", "meaning-name", "derived", "from", "a", "surname", ",", "and", "only", "used", "as", "a", "first", "name", "since", "the", "19th", "century", ".", "origin-english", ".", "expression", "num", "-", "1", "."],