{"query_id": 4013, "passages": [{"logits_start": [0.11862203478813171, 0.026456119492650032, 0.006505880504846573, 0.27806559205055237, 0.022067168727517128, 0.02982145920395851, 0.010171841830015182, 0.007229746785014868, 0.014299174770712852, 0.005341479554772377, 0.004669945687055588, 0.004596043843775988, 0.007091970648616552, 0.00406838720664382, 0.011235428042709827, 0.00523749366402626, 0.004148407839238644, 0.0038362620398402214, 0.0028752258513122797, 0.0030320570804178715, 0.012481817975640297, 0.006891091354191303, 0.00142584927380085, 0.03808414191007614, 0.0023172306828200817, 0.005211995914578438, 0.0031517434399574995, 0.002619049046188593, 0.002414323389530182, 0.0033053697552531958, 0.005051522981375456, 0.003063374664634466, 0.0009889943758025765, 0.026538953185081482, 0.001884295023046434, 0.0022544125095009804, 0.002151828957721591, 0.005360140465199947, 0.004161203745752573, 0.0009438509005121887, 0.03476135805249214, 0.005691627971827984, 0.004763112869113684, 0.0011432790197432041, 0.04417213052511215, 0.019453799352049828, 0.009717211127281189, 0.002752662869170308, 0.006087064743041992, 0.0034235152415931225, 0.0018814274808391929, 0.0032081929966807365, 0.002032217802479863, 0.0029838313348591328, 0.0038847210817039013, 0.0026563710998743773, 0.0005844674305990338, 0.011669592000544071, 0.0008975291275419295, 0.001534643699415028, 0.001100298366509378, 0.000929621048271656, 0.0025998151395469904, 0.0014550029300153255, 0.0004971221787855029, 0.017421139404177666, 0.0028521378990262747, 0.0024105592165142298, 0.0006366001325659454, 0.029869262129068375, 0.01738356612622738, 0.007062144111841917, 0.006119103170931339, 0.003311817767098546, 0.0034668813459575176, 0.001269174157641828, 0.0018823005957528949, 0.001447216491214931, 0.0009970025857910514, 0.0017527928575873375, 0.0006125983782112598, 0.0013648122549057007, 0.0009768469026312232, 0.0008089152397587895, 0.0011304843937978148, 0.000701956800185144, 0.001179120154120028, 0.0005452299956232309, 0.00031273666536435485, 0.004257633816450834, 0.00041122420225292444, 0.0009633968584239483, 0.00048396646161563694, 0.00032536653452552855, 0.0006425997125916183, 0.000420643191318959, 0.0003334463108330965, 0.0005065761506557465, 0.0001808140950743109, 0.00619374867528677, 0.00047905073734000325, 0.0009073268156498671, 0.0004381447215564549, 0.0017180533614009619, 0.00042496586684137583, 0.0006450480432249606, 0.0002288530085934326, 0.0008250577375292778, 0.0003886269696522504, 0.00034065585350617766, 0.0007418706663884223, 0.0003537345037329942, 0.0003309533349238336, 0.00034387424238957465, 0.0003855695540551096, 0.0004078979545738548, 0.0002586200716905296, 0.00030502997105941176, 0.00025979377096518874, 0.0003282588440924883, 0.00010132044553756714, 0.0, 0.0, 0.0, 0.0, 0.0, 0.0, 0.0, 0.0, 0.0, 0.0, 0.0, 0.0, 0.0, 0.0, 0.0, 0.0, 0.0, 0.0, 0.0, 0.0, 0.0, 0.0, 0.0, 0.0, 0.0, 0.0, 0.0, 0.0, 0.0, 0.0, 0.0, 0.0, 0.0, 0.0, 0.0, 0.0, 0.0, 0.0, 0.0, 0.0, 0.0, 0.0, 0.0, 0.0, 0.0, 0.0, 0.0, 0.0, 0.0, 0.0, 0.0, 0.0, 0.0, 0.0, 0.0, 0.0, 0.0, 0.0, 0.0, 0.0, 0.0, 0.0, 0.0, 0.0, 0.0, 0.0, 0.0, 0.0, 0.0, 0.0, 0.0, 0.0, 0.0, 0.0, 0.0, 0.0, 0.0, 0.0, 0.0, 0.0, 0.0, 0.0, 0.0, 0.0, 0.0, 0.0, 0.0, 0.0, 0.0, 0.0, 0.0, 0.0, 0.0, 0.0, 0.0, 0.0, 0.0, 0.0, 0.0, 0.0, 0.0, 0.0, 0.0, 0.0, 0.0, 0.0, 0.0, 0.0, 0.0, 0.0, 0.0, 0.0, 0.0, 0.0, 0.0, 0.0, 0.0, 0.0, 0.0], "logits_end": [0.005500770173966885, 0.00987215619534254, 0.021526232361793518, 0.0019464092329144478, 0.0019557462073862553, 0.0017418304923921824, 0.0014303340576589108, 0.0008562281727790833, 0.0025018085725605488, 0.0008501934353262186, 0.0009699449874460697, 0.0007778375293128192, 0.001005522906780243, 0.0007521349471062422, 0.0015749632148072124, 0.0013815416023135185, 0.001424249610863626, 0.0016908060060814023, 0.0011583997402340174, 0.0026011441368609667, 0.014815191738307476, 0.027907108888030052, 0.2710046172142029, 0.0014964404981583357, 0.0005695189465768635, 0.0006316270446404815, 0.000580468971747905, 0.0004649428592529148, 0.00037342909490689635, 0.0005703145870938897, 0.0026714603882282972, 0.005402558948844671, 0.06656557321548462, 0.00082399882376194, 0.00026727866497822106, 0.00021272723097354174, 0.00023459320073015988, 0.0012155763106420636, 0.004030442796647549, 0.05227495729923248, 0.0007794771227054298, 0.0025531102437525988, 0.005404382944107056, 0.041244033724069595, 0.0007436244050040841, 0.0010196276707574725, 0.0011743864743039012, 0.00040885579073801637, 0.0006786450976505876, 0.0006523618940263987, 0.00037977215833961964, 0.0007526556146331131, 0.0008603170281276107, 0.0018841124838218093, 0.0039001612458378077, 0.00671222060918808, 0.18775038421154022, 0.0002580575819592923, 9.55698560574092e-05, 0.00011424990225350484, 0.0001478588965255767, 0.00016338627028744668, 0.0006031477241776884, 0.0011187274940311909, 0.0337505079805851, 0.0003902549797203392, 0.001294987159781158, 0.0030709020793437958, 0.02679579332470894, 0.0003705972630996257, 0.0005337162874639034, 0.000585703004617244, 0.0007149085286073387, 0.0004816389118786901, 0.0006405719323083758, 0.0002708852116484195, 0.0003554722061380744, 0.00022037308372091502, 0.00021047878544777632, 0.0005297219613566995, 0.0003726923023350537, 0.00030668353429064155, 0.00029259451548568904, 0.00033734962926246226, 0.0007728979107923806, 0.0006587817915715277, 0.0013806787319481373, 0.008546310476958752, 0.0942099466919899, 0.00011840092338388786, 7.1982569352258e-05, 0.00017964153084903955, 0.00014353173901326954, 0.0003253069589845836, 8.790811989456415e-05, 7.284143066499382e-05, 0.00010038513573817909, 0.00045546330511569977, 0.019772550091147423, 8.849887672113255e-05, 3.800652484642342e-05, 8.067141607170925e-05, 7.400171307381243e-05, 0.000110199413029477, 8.183372119674459e-05, 0.0001656151725910604, 0.0007544780382886529, 4.950942820869386e-05, 5.77300124859903e-05, 6.677570490865037e-05, 3.343190473970026e-05, 3.026918238901999e-05, 3.840355566353537e-05, 3.1183215469354764e-05, 5.419949593488127e-05, 0.00010170118912355974, 6.491502426797524e-05, 0.00013690252671949565, 6.342487904476002e-05, 0.0003144643851555884, 0.02611110731959343, 0.0, 0.0, 0.0, 0.0, 0.0, 0.0, 0.0, 0.0, 0.0, 0.0, 0.0, 0.0, 0.0, 0.0, 0.0, 0.0, 0.0, 0.0, 0.0, 0.0, 0.0, 0.0, 0.0, 0.0, 0.0, 0.0, 0.0, 0.0, 0.0, 0.0, 0.0, 0.0, 0.0, 0.0, 0.0, 0.0, 0.0, 0.0, 0.0, 0.0, 0.0, 0.0, 0.0, 0.0, 0.0, 0.0, 0.0, 0.0, 0.0, 0.0, 0.0, 0.0, 0.0, 0.0, 0.0, 0.0, 0.0, 0.0, 0.0, 0.0, 0.0, 0.0, 0.0, 0.0, 0.0, 0.0, 0.0, 0.0, 0.0, 0.0, 0.0, 0.0, 0.0, 0.0, 0.0, 0.0, 0.0, 0.0, 0.0, 0.0, 0.0, 0.0, 0.0, 0.0, 0.0, 0.0, 0.0, 0.0, 0.0, 0.0, 0.0, 0.0, 0.0, 0.0, 0.0, 0.0, 0.0, 0.0, 0.0, 0.0, 0.0, 0.0, 0.0, 0.0, 0.0, 0.0, 0.0, 0.0, 0.0, 0.0, 0.0, 0.0, 0.0, 0.0, 0.0, 0.0, 0.0, 0.0, 0.0], "relevance": 0.47066931735988005, "tokens": ["dental", "r.a.t", ".", "2.0", "raises", "the", "bar", "for", "dental", "offices", "that", "are", "looking", "for", "a", "hands", "free", "solution", "to", "do", "perio", "charting", ".", "if", "you", "haven't", "heard", "or", "seen", "the", "dental", "r.a.t", ".", "you", "are", "in", "for", "a", "treat", ".", "the", "dental", "r.a.t", ".", "is", "a", "simple", "and", "powerful", "tool", "for", "streamlining", "your", "computerized", "periodontal", "charting", ".", "it", "works", "with", "your", "current", "dental", "software", ".", "the", "dental", "r.a.t", ".", "is", "a", "simple", "foot", "operated", "mouse", "that", "enables", "the", "most", "effective", ",", "consistent", "hands", "free", "periodontal", "charting", "solution", "available", ".", "hands", "free", "perio", "charting", "–", "make", "the", "best", "decision", ".", "improved", "office", "productivity", "is", "a", "big", "deal", ";", "in", "fact", ",", "the", "continued", "success", "of", "your", "dental", "practice", "depends", "on", "it", "."],