{"passages": [{"end_index": 58, "start_index": 52, "tokens": ["get", "an", "instant", "estimate", "of", "the", "cost", "to", "replace", "a", "tub", "faucet", "!", "our", "free", "calculator", "uses", "recent", ",", "trusted", "data", "to", "estimate", "costs", "for", "your", "tub", "faucet", "replacement", "project", ".", "for", "a", "basic", "1", "faucet", "project", "in", "zip", "code", "47474", ",", "the", "benchmark", "cost", "to", "replace", "a", "tub", "faucet", "ranges", "between", "$", "350.80", "-", "$", "579.54", "per", "faucet", ".", "to", "estimate", "costs", "for", "your", "project", ":", "1.", "set", "project", "zip", "code", "enter", "the", "zip", "code", "for", "the", "location", "where", "labor", "is", "hired", "and", "materials", "purchased", "."], "relevance": 0.5438157602842381, "logits_end": [2.7042319743486587e-06, 2.4436035346298013e-06, 6.09356357017532e-06, 3.263844700995833e-05, 5.090382273920113e-06, 5.939839866186958e-06, 2.625608613016084e-05, 9.455769941268954e-06, 1.5540321328444406e-05, 1.170892301161075e-05, 3.995611041318625e-05, 2.8543960070237517e-05, 0.00015634835290256888, 2.355382321184152e-06, 8.647932190797292e-06, 5.0110931624658406e-05, 8.897422958398238e-06, 4.7521916712867096e-05, 9.98043833533302e-06, 3.697942702274304e-06, 4.597136921802303e-06, 7.2888965405581985e-06, 9.34835770749487e-05, 3.774744618567638e-05, 1.071536371455295e-05, 6.9196257754811086e-06, 1.657974826230202e-05, 1.4822753655607812e-05, 3.0591763788834214e-05, 0.0001169754468719475, 0.0011678356677293777, 1.4096387985773617e-06, 1.2281968338356819e-05, 1.1671641914290376e-05, 0.0003487399371806532, 0.0008221766911447048, 0.00010402543557574973, 3.09827591991052e-05, 0.00010273195221088827, 1.2398262697388418e-05, 0.009269949048757553, 0.0001995960046770051, 9.618793228582945e-06, 4.488467675400898e-05, 3.516727883834392e-05, 1.7972704881685786e-05, 2.8509628464234993e-05, 1.613049244042486e-05, 5.71930650039576e-05, 2.3434098693542182e-05, 1.7690908862277865e-05, 1.932650411617942e-05, 0.000431753636803478, 0.012886789627373219, 0.00019304318993818015, 0.0011417143978178501, 0.1521000862121582, 0.005913803353905678, 0.4271712601184845, 0.3790004849433899, 8.376633923035115e-05, 0.00027873649378307164, 0.00017809522978495806, 5.4504522267961875e-05, 6.984562787692994e-05, 0.0003313654742669314, 0.0029559952672570944, 0.00056909688282758, 2.1930103685008362e-05, 2.2552714654011652e-05, 3.108827513642609e-05, 1.75570366991451e-05, 1.0959108294628095e-05, 7.217587153718341e-06, 2.001796201511752e-05, 1.5968815205269493e-05, 6.174695499794325e-06, 6.6864604377769865e-06, 2.304099325556308e-05, 6.721403769915923e-05, 6.7989180934091564e-06, 6.823178864578949e-06, 4.101367812836543e-05, 7.604238362546312e-06, 1.1622180863923859e-05, 0.00011675387941068038, 0.003031314117833972, 0.0, 0.0, 0.0, 0.0, 0.0, 0.0, 0.0, 0.0, 0.0, 0.0, 0.0, 0.0, 0.0, 0.0, 0.0, 0.0, 0.0, 0.0, 0.0, 0.0, 0.0, 0.0, 0.0, 0.0, 0.0, 0.0, 0.0, 0.0, 0.0, 0.0, 0.0, 0.0, 0.0, 0.0, 0.0, 0.0, 0.0, 0.0, 0.0, 0.0, 0.0, 0.0, 0.0, 0.0, 0.0, 0.0, 0.0, 0.0, 0.0, 0.0, 0.0, 0.0, 0.0, 0.0, 0.0, 0.0, 0.0, 0.0, 0.0, 0.0, 0.0, 0.0, 0.0, 0.0, 0.0, 0.0, 0.0, 0.0, 0.0, 0.0, 0.0, 0.0, 0.0, 0.0, 0.0, 0.0, 0.0, 0.0, 0.0, 0.0, 0.0, 0.0, 0.0, 0.0, 0.0, 0.0, 0.0, 0.0, 0.0, 0.0, 0.0, 0.0, 0.0, 0.0, 0.0, 0.0, 0.0, 0.0, 0.0, 0.0, 0.0, 0.0, 0.0, 0.0, 0.0, 0.0, 0.0, 0.0, 0.0, 0.0, 0.0, 0.0, 0.0, 0.0, 0.0, 0.0, 0.0, 0.0, 0.0, 0.0, 0.0, 0.0, 0.0, 0.0, 0.0, 0.0, 0.0, 0.0, 0.0, 0.0, 0.0, 0.0, 0.0, 0.0, 0.0, 0.0, 0.0, 0.0, 0.0, 0.0, 0.0, 0.0, 0.0], "logits_start": [0.0019838097505271435, 0.00010694556112866849, 0.00010353514517191797, 0.00016643445997033268, 7.621909026056528e-05, 0.00013592162576969713, 0.0001243335718754679, 9.522963227936998e-05, 0.00010684941662475467, 0.00017185905016958714, 8.367389818886295e-05, 7.522429223172367e-05, 3.569442924344912e-05, 0.00030023028375580907, 8.002636604942381e-05, 0.0001434207515558228, 8.397655619774014e-05, 7.997768989298493e-05, 3.328267121105455e-05, 0.00019945981330238283, 8.291584526887164e-05, 0.00011951877240790054, 0.0006557638407684863, 9.155628504231572e-05, 6.237674824660644e-05, 7.449716213159263e-05, 8.174854156095535e-05, 8.431343303527683e-05, 8.060319669311866e-05, 8.873592742020264e-05, 0.00022021916811354458, 0.021870290860533714, 0.0021127243526279926, 0.0022924451623111963, 0.022310491651296616, 0.0023936217185109854, 0.0015322173712775111, 0.0025939736515283585, 0.004742095712572336, 0.003653748193755746, 0.06606411933898926, 0.001003964222036302, 0.006767304148525, 0.0031927970703691244, 0.0019143861718475819, 0.0025860522873699665, 0.0019374113762751222, 0.006001560017466545, 0.0027562205214053392, 0.0038413922302424908, 0.025968175381422043, 0.19971822202205658, 0.5830360651016235, 0.00501343933865428, 0.0013514506863430142, 0.0169755220413208, 0.0006826393073424697, 0.0005192451644688845, 0.00010739239223767072, 1.1437711691542063e-05, 0.0003834031813312322, 7.44575954740867e-05, 1.5216482097457629e-05, 1.1394097782613244e-05, 8.57064969750354e-06, 7.881013516453095e-06, 4.7995672503020614e-06, 0.00037862773751839995, 4.0533272112952545e-05, 2.3074027922120877e-05, 2.534790473873727e-05, 1.687090662016999e-05, 1.7214273611898534e-05, 1.810116918932181e-05, 1.4915012798155658e-05, 1.0455242772877682e-05, 1.1298034223727882e-05, 1.4024391930433922e-05, 1.193567459267797e-05, 9.729348676046357e-06, 1.4888621990394313e-05, 9.618961485102773e-06, 3.59592231689021e-05, 7.667924364795908e-06, 8.454834642179776e-06, 3.7868929211981595e-05, 8.913935744203627e-06, 0.0, 0.0, 0.0, 0.0, 0.0, 0.0, 0.0, 0.0, 0.0, 0.0, 0.0, 0.0, 0.0, 0.0, 0.0, 0.0, 0.0, 0.0, 0.0, 0.0, 0.0, 0.0, 0.0, 0.0, 0.0, 0.0, 0.0, 0.0, 0.0, 0.0, 0.0, 0.0, 0.0, 0.0, 0.0, 0.0, 0.0, 0.0, 0.0, 0.0, 0.0, 0.0, 0.0, 0.0, 0.0, 0.0, 0.0, 0.0, 0.0, 0.0, 0.0, 0.0, 0.0, 0.0, 0.0, 0.0, 0.0, 0.0, 0.0, 0.0, 0.0, 0.0, 0.0, 0.0, 0.0, 0.0, 0.0, 0.0, 0.0, 0.0, 0.0, 0.0, 0.0, 0.0, 0.0, 0.0, 0.0, 0.0, 0.0, 0.0, 0.0, 0.0, 0.0, 0.0, 0.0, 0.0, 0.0, 0.0, 0.0, 0.0, 0.0, 0.0, 0.0, 0.0, 0.0, 0.0, 0.0, 0.0, 0.0, 0.0, 0.0, 0.0, 0.0, 0.0, 0.0, 0.0, 0.0, 0.0, 0.0, 0.0, 0.0, 0.0, 0.0, 0.0, 0.0, 0.0, 0.0, 0.0, 0.0, 0.0, 0.0, 0.0, 0.0, 0.0, 0.0, 0.0, 0.0, 0.0, 0.0, 0.0, 0.0, 0.0, 0.0, 0.0, 0.0, 0.0, 0.0, 0.0, 0.0, 0.0, 0.0, 0.0, 0.0], "url": "http://www.homewyse.com/services/cost_to_replace_tub_faucet.html", "selected": true}, {"url": "http://www.homewyse.com/services/cost_to_replace_bathtub_faucet.html",