{"query_id": 469, "passages": [{"relevance": 0.47470235511340836, "logits_start": [0.002084794919937849, 0.00019651542243082076, 0.00013227583258412778, 9.671472071204334e-05, 9.149433026323095e-05, 0.00010757292329799384, 0.00010494089656276628, 9.820619015954435e-05, 0.00010935608588624746, 0.00012711297313217074, 8.45131726237014e-05, 7.090465078363195e-05, 8.548794721718878e-05, 0.00030325748957693577, 0.00015563917986582965, 0.0001398996391799301, 0.00015910775982774794, 0.00016258352843578905, 0.00014026059943716973, 0.00019761834118980914, 0.00018454648670740426, 0.00019680445257108659, 0.00038126783329062164, 0.00019384946790523827, 0.00016150070587173104, 0.00015275976329576224, 0.00014745377120561898, 0.00014342133363243192, 0.00015621674538124353, 0.0001426413655281067, 0.00017755407316144556, 0.015686197206377983, 0.0018505504122003913, 0.0013417447917163372, 0.005092314910143614, 0.0014233289984986186, 0.0011004074476659298, 0.0014967509778216481, 0.001966297859326005, 0.0023490518797188997, 0.054146476089954376, 0.0030205142684280872, 0.058729663491249084, 0.0056496490724384785, 0.004124834667891264, 0.004031909629702568, 0.0038116753567010164, 0.003881452837958932, 0.0033012775238603354, 0.003779400372877717, 0.008526868186891079, 0.2879582345485687, 0.5005856156349182, 0.005082681775093079, 0.0007651694468222558, 0.0118397306650877, 0.000508552766405046, 0.00043510316754691303, 9.367915481561795e-05, 4.473936769500142e-06, 0.00016304531891364604, 2.9918135624029674e-05, 1.6727395632187836e-05, 9.462332855036948e-06, 9.18429304874735e-06, 9.751570360094775e-06, 8.477354640490375e-06, 0.00025455953436903656, 3.652275336207822e-05, 1.2874443200416863e-05, 1.3791438504995313e-05, 1.1241192623856477e-05, 9.248481546819676e-06, 8.757922842050903e-06, 9.884233804768883e-06, 9.43361646932317e-06, 7.781580279697664e-06, 7.967520105012227e-06, 8.808658094494604e-06, 8.762443030718714e-06, 8.756979696045164e-06, 8.18955959402956e-06, 2.4433193175354972e-05, 8.735776646062732e-06, 7.948206985020079e-06, 1.6984591638902202e-05, 8.8486185632064e-06, 0.0, 0.0, 0.0, 0.0, 0.0, 0.0, 0.0, 0.0, 0.0, 0.0, 0.0, 0.0, 0.0, 0.0, 0.0, 0.0, 0.0, 0.0, 0.0, 0.0, 0.0, 0.0, 0.0, 0.0, 0.0, 0.0, 0.0, 0.0, 0.0, 0.0, 0.0, 0.0, 0.0, 0.0, 0.0, 0.0, 0.0, 0.0, 0.0, 0.0, 0.0, 0.0, 0.0, 0.0, 0.0, 0.0, 0.0, 0.0, 0.0, 0.0, 0.0, 0.0, 0.0, 0.0, 0.0, 0.0, 0.0, 0.0, 0.0, 0.0, 0.0, 0.0, 0.0, 0.0, 0.0, 0.0, 0.0, 0.0, 0.0, 0.0, 0.0, 0.0, 0.0, 0.0, 0.0, 0.0, 0.0, 0.0, 0.0, 0.0, 0.0, 0.0, 0.0, 0.0, 0.0, 0.0, 0.0, 0.0, 0.0, 0.0, 0.0, 0.0, 0.0, 0.0, 0.0, 0.0, 0.0, 0.0, 0.0, 0.0, 0.0, 0.0, 0.0, 0.0, 0.0, 0.0, 0.0, 0.0, 0.0, 0.0, 0.0, 0.0, 0.0, 0.0, 0.0, 0.0, 0.0, 0.0, 0.0, 0.0, 0.0, 0.0, 0.0, 0.0, 0.0, 0.0, 0.0, 0.0, 0.0, 0.0, 0.0, 0.0, 0.0, 0.0, 0.0, 0.0, 0.0, 0.0, 0.0, 0.0, 0.0, 0.0, 0.0], "start_index": 52, "logits_end": [2.3921595584397437e-06, 3.570751459847088e-06, 1.0766182640509214e-05, 3.6411940527614206e-05, 5.1652568799909204e-06, 6.441097866627388e-06, 1.9235068975831382e-05, 8.754088412388228e-06, 1.7585831301403232e-05, 8.767146937316284e-06, 8.557096589356661e-05, 0.00010128607391379774, 0.00012907737982459366, 3.6823712434852496e-06, 6.695000138279283e-06, 5.614557085209526e-05, 8.03272814664524e-06, 6.931228563189507e-05, 1.2045116818626411e-05, 7.732162885076832e-06, 6.470681455539307e-06, 7.216157428047154e-06, 3.739609746844508e-05, 1.840116601670161e-05, 8.09378434496466e-06, 1.0813620065164287e-05, 3.9333244785666466e-05, 3.436630140640773e-05, 4.321740925661288e-05, 0.00015070123481564224, 0.0035733748227357864, 2.5317788185930112e-06, 8.90833507583011e-06, 8.144943421939388e-06, 6.722866964992136e-05, 0.0001310050574829802, 2.506054806872271e-05, 1.077408069249941e-05, 0.00011014670599251986, 1.1204393558728043e-05, 0.033922530710697174, 0.0006420179270207882, 3.106836447841488e-05, 6.483736797235906e-05, 0.00014143211592454463, 5.3000640036771074e-05, 9.518730803392828e-05, 4.2628333176253363e-05, 0.00018392596393823624, 9.170256089419127e-05, 7.714011735515669e-05, 6.56777701806277e-05, 0.00041549434536136687, 0.012867040000855923, 0.0006542038172483444, 0.001182201667688787, 0.0882132276892662, 0.01201832015067339, 0.589074969291687, 0.24326518177986145, 5.3756884881295264e-05, 0.00022653225460089743, 0.00014551877393387258, 9.722035611048341e-05, 0.00010970253788400441, 0.0005145188770256937, 0.004809625446796417, 0.0005543230217881501, 6.296479114098474e-05, 5.897612572880462e-05, 5.529040936380625e-05, 2.5551533326506615e-05, 1.776508361217566e-05, 1.4535282389260828e-05, 2.3267022697837092e-05, 2.380799560341984e-05, 1.2119448001612909e-05, 1.0305250725650694e-05, 1.9280598280602135e-05, 1.941464506671764e-05, 1.108475225919392e-05, 1.1442303730291314e-05, 7.84783624112606e-05, 1.4307232049759477e-05, 1.4865452612866648e-05, 0.00030669139232486486, 0.004703834652900696, 0.0, 0.0, 0.0, 0.0, 0.0, 0.0, 0.0, 0.0, 0.0, 0.0, 0.0, 0.0, 0.0, 0.0, 0.0, 0.0, 0.0, 0.0, 0.0, 0.0, 0.0, 0.0, 0.0, 0.0, 0.0, 0.0, 0.0, 0.0, 0.0, 0.0, 0.0, 0.0, 0.0, 0.0, 0.0, 0.0, 0.0, 0.0, 0.0, 0.0, 0.0, 0.0, 0.0, 0.0, 0.0, 0.0, 0.0, 0.0, 0.0, 0.0, 0.0, 0.0, 0.0, 0.0, 0.0, 0.0, 0.0, 0.0, 0.0, 0.0, 0.0, 0.0, 0.0, 0.0, 0.0, 0.0, 0.0, 0.0, 0.0, 0.0, 0.0, 0.0, 0.0, 0.0, 0.0, 0.0, 0.0, 0.0, 0.0, 0.0, 0.0, 0.0, 0.0, 0.0, 0.0, 0.0, 0.0, 0.0, 0.0, 0.0, 0.0, 0.0, 0.0, 0.0, 0.0, 0.0, 0.0, 0.0, 0.0, 0.0, 0.0, 0.0, 0.0, 0.0, 0.0, 0.0, 0.0, 0.0, 0.0, 0.0, 0.0, 0.0, 0.0, 0.0, 0.0, 0.0, 0.0, 0.0, 0.0, 0.0, 0.0, 0.0, 0.0, 0.0, 0.0, 0.0, 0.0, 0.0, 0.0, 0.0, 0.0, 0.0, 0.0, 0.0, 0.0, 0.0, 0.0, 0.0, 0.0, 0.0, 0.0, 0.0, 0.0], "tokens": ["get", "an", "instant", "estimate", "of", "the", "cost", "to", "replace", "a", "tub", "faucet", "!", "our", "free", "calculator", "uses", "recent", ",", "trusted", "data", "to", "estimate", "costs", "for", "your", "tub", "faucet", "replacement", "project", ".", "for", "a", "basic", "1", "faucet", "project", "in", "zip", "code", "47474", ",", "the", "benchmark", "cost", "to", "replace", "a", "tub", "faucet", "ranges", "between", "$", "350.80", "-", "$", "579.54", "per", "faucet", ".", "to", "estimate", "costs", "for", "your", "project", ":", "1.", "set", "project", "zip", "code", "enter", "the", "zip", "code", "for", "the", "location", "where", "labor", "is", "hired", "and", "materials", "purchased", "."], "end_index": 58, "selected": true, "url": "http://www.homewyse.com/services/cost_to_replace_tub_faucet.html"}, {"tokens": ["if", "you", "have", "an", "old", "single-handle", "faucet", ",", "you", "can", "replace", "it", "with", "a", "new", "one", "designed", "specifically", "for", "do-it-yourselfers", ".", "there", "is", "a", "nice", "array", "of", "finishes", "in", "single-handle", "faucets", ",", "so", "you", "'ll", "be", "able", "to", "find", "one", "that", "matches", "your", "bathroom", "accessories", "."], "relevance": 0.26339336741152836,