{"query_id": 469, "passages": [{"logits_end": [2.80685367215483e-06, 1.0125036169483792e-06, 1.345246346318163e-06, 2.5938611543097068e-06, 1.965381670743227e-06, 1.5004887927716481e-06, 4.166180588072166e-06, 2.736169790296117e-06, 2.654246372912894e-06, 1.4742437315362622e-06, 3.7325605717342114e-06, 3.092662518611178e-05, 0.0002711323322728276, 2.4053369998000562e-06, 1.6972973071460729e-06, 3.7108954984432785e-06, 3.2083289625006728e-06, 0.00016422562475781888, 1.8075246771331877e-05, 1.18398509130202e-06, 5.260120815364644e-06, 2.362766963415197e-06, 2.6728475859272294e-06, 3.6892652133246884e-06, 2.271165385536733e-06, 3.108981445620884e-06, 4.416566753207007e-06, 5.0367298172204755e-06, 6.315950940916082e-06, 0.00011269320384599268, 0.00247970107011497, 1.863991997197445e-06, 2.1182595446589403e-06, 3.026100102943019e-06, 0.005099748261272907, 0.008442895486950874, 0.0002990520151797682, 3.844280217890628e-05, 4.467304825084284e-05, 2.492519524821546e-05, 0.017631100490689278, 0.00032959593227133155, 1.1384052413632162e-05, 2.901784682762809e-05, 1.211526796396356e-05, 6.671177288808394e-06, 5.517535100807436e-06, 4.469007308216533e-06, 4.655358225136297e-06, 4.870744760410162e-06, 1.1074377653130796e-05, 2.1071708033559844e-05, 6.848734483355656e-05, 0.0009274126496165991, 0.00022070760314818472, 0.005491500720381737, 0.0001461105130147189, 0.0009275514748878777, 0.0027036054525524378, 0.0006406333995983005, 0.09714378416538239, 0.004990904591977596, 0.4331558644771576, 0.39503809809684753, 4.18903146055527e-05, 1.740525294735562e-05, 1.3121345546096563e-05, 1.1921445548068732e-05, 8.774267371336464e-06, 1.0073867997562047e-05, 1.622199488338083e-05, 0.012045717798173428, 0.007596541661769152, 4.684046871261671e-06, 3.683913973873132e-06, 4.286443527234951e-06, 2.619221049826592e-06, 2.352453748244443e-06, 1.894946080938098e-06, 2.5837216526269913e-06, 2.9645548238477204e-06, 3.3246174098167103e-06, 2.1937548808637075e-06, 2.5635390556999482e-06, 3.790110667978297e-06, 3.165004955008044e-06, 2.6494890335015953e-06, 5.46420187674812e-06, 3.8005855458322912e-06, 2.4642361040605465e-06, 3.15083671011962e-05, 0.0035193613730371, 0.0, 0.0, 0.0, 0.0, 0.0, 0.0, 0.0, 0.0, 0.0, 0.0, 0.0, 0.0, 0.0, 0.0, 0.0, 0.0, 0.0, 0.0, 0.0, 0.0, 0.0, 0.0, 0.0, 0.0, 0.0, 0.0, 0.0, 0.0, 0.0, 0.0, 0.0, 0.0, 0.0, 0.0, 0.0, 0.0, 0.0, 0.0, 0.0, 0.0, 0.0, 0.0, 0.0, 0.0, 0.0, 0.0, 0.0, 0.0, 0.0, 0.0, 0.0, 0.0, 0.0, 0.0, 0.0, 0.0, 0.0, 0.0, 0.0, 0.0, 0.0, 0.0, 0.0, 0.0, 0.0, 0.0, 0.0, 0.0, 0.0, 0.0, 0.0, 0.0, 0.0, 0.0, 0.0, 0.0, 0.0, 0.0, 0.0, 0.0, 0.0, 0.0, 0.0, 0.0, 0.0, 0.0, 0.0, 0.0, 0.0, 0.0, 0.0, 0.0, 0.0, 0.0, 0.0, 0.0, 0.0, 0.0, 0.0, 0.0, 0.0, 0.0, 0.0, 0.0, 0.0, 0.0, 0.0, 0.0, 0.0, 0.0, 0.0, 0.0, 0.0, 0.0, 0.0, 0.0, 0.0, 0.0, 0.0, 0.0, 0.0, 0.0, 0.0, 0.0, 0.0, 0.0, 0.0, 0.0, 0.0, 0.0, 0.0, 0.0, 0.0, 0.0, 0.0, 0.0, 0.0, 0.0, 0.0, 0.0, 0.0, 0.0, 0.0, 0.0, 0.0, 0.0, 0.0, 0.0, 0.0, 0.0, 0.0, 0.0, 0.0, 0.0, 0.0, 0.0, 0.0, 0.0, 0.0, 0.0, 0.0], "tokens": ["get", "an", "instant", "estimate", "of", "the", "cost", "to", "replace", "a", "tub", "faucet", "!", "our", "free", "calculator", "uses", "recent", ",", "trusted", "data", "to", "estimate", "costs", "for", "your", "tub", "faucet", "replacement", "project", ".", "for", "a", "basic", "1", "faucet", "project", "in", "zip", "code", "47474", ",", "the", "benchmark", "cost", "to", "replace", "a", "tub", "faucet", "ranges", "between", "$", "350", ".", "80", "-", "$", "579", ".", "54", "per", "faucet", ".", "to", "estimate", "costs", "for", "your", "project", ":", "1", ".", "set", "project", "zip", "code", "enter", "the", "zip", "code", "for", "the", "location", "where", "labor", "is", "hired", "and", "materials", "purchased", "."], "selected": true, "relevance": 0.5438157602842381, "url": "http://www.homewyse.com/services/cost_to_replace_tub_faucet.html", "end_index": 62, "start_index": 52, "logits_start": [0.003625754499807954, 0.00023089529713615775, 0.00018003549485001713, 0.0001944117248058319, 0.00013880961341783404, 0.00021212849242147058, 0.0001437363971490413, 8.33821322885342e-05, 0.00010202141857007518, 0.00020743728964589536, 0.0001039851049426943, 7.618894596816972e-05, 3.998345709987916e-05, 0.0014875094639137387, 0.0002457177615724504, 0.00022027466911822557, 0.00013759193825535476, 0.00022695287771057338, 1.7382446458213963e-05, 0.00034635039628483355, 9.626373503124341e-05, 0.00010766467312350869, 0.0002797688648570329, 0.00022114238527137786, 0.00022802840976510197, 0.00019336811965331435, 0.00019006837101187557, 0.00017378924530930817, 0.00015394009824376553, 9.721851529320702e-05, 0.00012831290950998664, 0.040750157088041306, 0.002968899440020323, 0.0023301357869058847, 0.04120654985308647, 0.00022547037224285305, 0.0007559082005172968, 0.0010755897965282202, 0.0010008561657741666, 0.0011388310231268406, 0.028156640008091927, 0.00011188630014657974, 0.02496243827044964, 0.0035396437160670757, 0.0022236548829823732, 0.0022160327062010765, 0.0029172650538384914, 0.0034337416291236877, 0.0030214188154786825, 0.003036022651940584, 0.009193411096930504, 0.15967833995819092, 0.6277816295623779, 0.0071924603544175625, 0.00014742158236913383, 0.003399122506380081, 0.0003155869781039655, 0.0055066361092031, 0.0019397161668166518, 6.013245729263872e-05, 0.0007587006548419595, 4.6537672460544854e-05, 6.929630762897432e-05, 1.6118228813866153e-05, 0.0010200688848271966, 0.00012266330304555595, 0.00011657537106657401, 0.00011591076327022165, 0.00012618345499504358, 0.00014631758676841855, 0.000132683155243285, 0.006853707600384951, 2.0783131731150206e-06, 0.00012475202674977481, 1.0594934792607091e-05, 9.86697068583453e-06, 1.1611728041316383e-05, 1.1040780918847304e-05, 1.654631705605425e-05, 1.0857084816962015e-05, 8.729013643460348e-06, 8.807138328847941e-06, 1.1453113984316587e-05, 4.726645329355961e-06, 6.0022362049494404e-06, 1.0480372111487668e-05, 7.403753897960996e-06, 9.965111530618742e-06, 4.818610705115134e-06, 6.800373739679344e-06, 1.798305311240256e-05, 5.058401711721672e-06, 0.0, 0.0, 0.0, 0.0, 0.0, 0.0, 0.0, 0.0, 0.0, 0.0, 0.0, 0.0, 0.0, 0.0, 0.0, 0.0, 0.0, 0.0, 0.0, 0.0, 0.0, 0.0, 0.0, 0.0, 0.0, 0.0, 0.0, 0.0, 0.0, 0.0, 0.0, 0.0, 0.0, 0.0, 0.0, 0.0, 0.0, 0.0, 0.0, 0.0, 0.0, 0.0, 0.0, 0.0, 0.0, 0.0, 0.0, 0.0, 0.0, 0.0, 0.0, 0.0, 0.0, 0.0, 0.0, 0.0, 0.0, 0.0, 0.0, 0.0, 0.0, 0.0, 0.0, 0.0, 0.0, 0.0, 0.0, 0.0, 0.0, 0.0, 0.0, 0.0, 0.0, 0.0, 0.0, 0.0, 0.0, 0.0, 0.0, 0.0, 0.0, 0.0, 0.0, 0.0, 0.0, 0.0, 0.0, 0.0, 0.0, 0.0, 0.0, 0.0, 0.0, 0.0, 0.0, 0.0, 0.0, 0.0, 0.0, 0.0, 0.0, 0.0, 0.0, 0.0, 0.0, 0.0, 0.0, 0.0, 0.0, 0.0, 0.0, 0.0, 0.0, 0.0, 0.0, 0.0, 0.0, 0.0, 0.0, 0.0, 0.0, 0.0, 0.0, 0.0, 0.0, 0.0, 0.0, 0.0, 0.0, 0.0, 0.0, 0.0, 0.0, 0.0, 0.0, 0.0, 0.0, 0.0, 0.0, 0.0, 0.0, 0.0, 0.0, 0.0, 0.0, 0.0, 0.0, 0.0, 0.0, 0.0, 0.0, 0.0, 0.0, 0.0, 0.0, 0.0, 0.0, 0.0, 0.0, 0.0, 0.0]}, {"logits_end": [2.9830912353645544e-06, 1.2685986803262495e-06, 1.688234419816581e-06, 3.291068651378737e-06, 2.5200672553182812e-06, 1.9213098312320653e-06, 5.05664138472639e-06, 3.3423982586100465e-06, 3.1314327770815e-06, 1.7791255686461227e-06, 4.375361186248483e-06, 3.345384538988583e-05, 0.0003851961519103497, 2.713238245632965e-06, 1.8501567637940752e-06, 4.2637834667402785e-06, 3.611761485444731e-06, 0.0001617058296687901, 1.6679876353009604e-05, 1.3311254178915988e-06, 4.478530172491446e-06, 2.6755076305562397e-06, 2.8648491934291087e-06, 3.9485107663495e-06, 2.563534280852764e-06, 3.552566568032489e-06, 4.8424599299323745e-06, 5.497560323419748e-06, 6.805472821724834e-06, 0.0001230179041158408, 0.0027101326268166304, 2.031503527177847e-06, 2.256712832604535e-06, 3.2741731956775766e-06, 0.005622014869004488, 0.009417173452675343, 0.0003618384653236717, 4.219153561280109e-05, 5.071088162367232e-05, 2.7670625058817677e-05, 0.01937875710427761, 0.00035849091364070773, 1.2209147826069966e-05, 3.1247134756995365e-05, 1.3049740118731279e-05, 7.152502348617418e-06, 5.82241773372516e-06, 4.741625161841512e-06, 5.044633326178882e-06, 