{"passages": [{"end_index": 30, "start_index": 29, "tokens": ["wage", "increase", ".", "workers", "took", "to", "the", "streets", "of", "manila", "to", "demand", "higher", "wages", ".", "photo", "by", "lady", "anne", "salem", ".", "manila", ",", "philippines-the", "philippine", "average", "monthly", "wage", "of", "$", "279", "(", "roughly", "php", "11,700", ")", "is", "19", "%", "of", "the", "world's", "average", "as", "calculated", "by", "the", "international", "labor", "organization", "(", "ilo", ")", ".", "the", "calculation", "placed", "the", "country", "at", "the", "bottom", "3", "of", "the", "72", "listed", "countries", ",", "just", "above", "pakistan", "and", "tajikistan", "."], "relevance": 0.5180520010243896, "logits_end": [1.697574225545395e-05, 0.00032570402254350483, 0.003595897462219, 3.075685299336328e-06, 3.143272260786034e-05, 1.6770994989201427e-05, 1.2207141480757855e-05, 1.5906194676063024e-05, 1.928548408614006e-05, 0.0004182056582067162, 3.3416370570193976e-05, 3.104889765381813e-05, 7.871873822296038e-05, 0.00046754025970585644, 0.0061052655801177025, 7.92186074249912e-06, 1.5231070392474066e-05, 1.1364132660673931e-05, 3.128501703031361e-05, 0.00027231479180045426, 0.002224233001470566, 5.106091975903837e-06, 1.3693858818442095e-05, 0.00011769923730753362, 1.626041739655193e-05, 4.290546348784119e-05, 3.092658153036609e-05, 3.0082948796916753e-05, 1.7276239304919727e-05, 0.0011072009801864624, 0.3085149824619293, 0.0006046048947609961, 0.008694065734744072, 0.006030545569956303, 0.21218913793563843, 0.01700177602469921, 0.00019630957103800029, 0.013255173340439796, 0.05046989768743515, 0.0010380583116784692, 0.0005490909097716212, 0.010088128037750721, 0.017438117414712906, 0.0008514500805176795, 0.0011273041600361466, 0.0014444616390392184, 0.0004909185809083283, 0.0004757363931275904, 0.0006112480186857283, 0.0005043147248215973, 0.0005859654047526419, 0.0019109445856884122, 0.017207792028784752, 0.2262825220823288, 0.00012410987983457744, 0.00015065235493239015, 0.0001064286770997569, 7.642251148354262e-05, 8.398663339903578e-05, 8.57527120388113e-05, 4.610750693245791e-05, 3.3203119528479874e-05, 0.00541033735498786, 0.00030763953691348433, 5.8666406403062865e-05, 0.008327936753630638, 0.001457880949601531, 0.0006792502827011049, 0.0002606844936963171, 0.00014528600149787962, 0.00043175939936190844, 0.00027085942565463483, 0.00014396132610272616, 0.002560068154707551, 0.06656146049499512, 0.0, 0.0, 0.0, 0.0, 0.0, 0.0, 0.0, 0.0, 0.0, 0.0, 0.0, 0.0, 0.0, 0.0, 0.0, 0.0, 0.0, 0.0, 0.0, 0.0, 0.0, 0.0, 0.0, 0.0, 0.0, 0.0, 0.0, 0.0, 0.0, 0.0, 0.0, 0.0, 0.0, 0.0, 0.0, 0.0, 0.0, 0.0, 0.0, 0.0, 0.0, 0.0, 0.0, 0.0, 0.0, 0.0, 0.0, 0.0, 0.0, 0.0, 0.0, 0.0, 0.0, 0.0, 0.0, 0.0, 0.0, 0.0, 0.0, 0.0, 0.0, 0.0, 0.0, 0.0, 0.0, 0.0, 0.0, 0.0, 0.0, 0.0, 0.0, 0.0, 0.0, 0.0, 0.0, 0.0, 0.0, 0.0, 0.0, 0.0, 0.0, 0.0, 0.0, 0.0, 0.0, 0.0, 0.0, 0.0, 0.0, 0.0, 0.0, 0.0, 0.0, 0.0, 0.0, 0.0, 0.0, 0.0, 0.0, 0.0, 0.0, 0.0, 0.0, 0.0, 0.0, 0.0, 0.0, 0.0, 0.0, 0.0, 0.0, 0.0, 0.0, 0.0, 0.0, 0.0, 0.0, 0.0, 0.0, 0.0, 0.0, 0.0, 0.0, 0.0, 0.0, 0.0, 0.0, 0.0, 0.0, 0.0, 0.0, 0.0, 0.0, 0.0, 0.0, 0.0, 0.0, 0.0, 0.0, 0.0, 0.0, 0.0, 0.0, 0.0, 0.0, 0.0, 0.0, 0.0, 0.0, 0.0, 0.0, 0.0, 0.0, 0.0, 0.0], "logits_start": [0.004786351695656776, 0.00022586701379623264, 9.095788846025243e-05, 0.005320461466908455, 0.000217479289858602, 0.00017847931303549558, 0.0002028667222475633, 0.00017346949607599527, 0.00022239644022192806, 0.0003969300596509129, 0.0001383589260512963, 0.00012438814155757427, 0.00020088261226192117, 0.00016021792544052005, 5.8241701481165364e-05, 0.005207018926739693, 0.00013814770500175655, 0.00016423541819676757, 0.0001671670179348439, 0.00022610278392676264, 0.00019837116997223347, 0.023293836042284966, 0.0009361744159832597, 0.005725525785237551, 0.00484052300453186, 0.011132560670375824, 0.007057005073875189, 0.00531648239120841, 0.0064525846391916275, 0.848909854888916, 0.0013651493936777115, 0.0007039941265247762, 0.0027505846228450537, 0.00916182342916727, 0.0010177390649914742, 0.0002594680117908865, 0.0007027448154985905, 0.024744274094700813, 0.00011955812806263566, 0.00023101191618479788, 0.00024770916206762195, 0.0025912863202393055, 0.00018877763068303466, 7.565935811726376e-05, 8.737255120649934e-05, 7.837291923351586e-05, 7.909185660537332e-05, 6.872595986351371e-05, 6.981156184338033e-05, 6.426811887649819e-05, 0.0001821439655032009, 0.00020244444021955132, 8.038871601456776e-05, 3.952049883082509e-05, 0.003242261940613389, 0.00037366460310295224, 0.0002693911374080926, 0.00030839841929264367, 0.00026624606107361615, 0.0004909171257168055, 0.00043921719770878553, 0.0007706520846113563, 0.009239362552762032, 8.995376992970705e-05, 0.0004995897179469466, 0.0062632751651108265, 9.321240213466808e-06, 1.9438715753494762e-05, 1.4900016140018124e-05, 3.091518010478467e-05, 3.8266498449957e-05, 1.757240534061566e-05, 2.6601799618219957e-05, 0.00019713945221155882, 1.8115386410499923e-05, 0.0, 0.0, 0.0, 0.0, 0.0, 0.0, 0.0, 0.0, 0.0, 0.0, 0.0, 0.0, 0.0, 0.0, 0.0, 0.0, 0.0, 0.0, 0.0, 0.0, 0.0, 0.0, 0.0, 0.0, 0.0, 0.0, 0.0, 0.0, 0.0, 0.0, 0.0, 0.0, 0.0, 0.0, 0.0, 0.0, 0.0, 0.0, 0.0, 0.0, 0.0, 0.0, 0.0, 0.0, 0.0, 0.0, 0.0, 0.0, 0.0, 0.0, 0.0, 0.0, 0.0, 0.0, 0.0, 0.0, 0.0, 0.0, 0.0, 0.0, 0.0, 0.0, 0.0, 0.0, 0.0, 0.0, 0.0, 0.0, 0.0, 0.0, 0.0, 0.0, 0.0, 0.0, 0.0, 0.0, 0.0, 0.0, 0.0, 0.0, 0.0, 0.0, 0.0, 0.0, 0.0, 0.0, 0.0, 0.0, 0.0, 0.0, 0.0, 0.0, 0.0, 0.0, 0.0, 0.0, 0.0, 0.0, 0.0, 0.0, 0.0, 0.0, 0.0, 0.0, 0.0, 0.0, 0.0, 0.0, 0.0, 0.0, 0.0, 0.0, 0.0, 0.0, 0.0, 0.0, 0.0, 0.0, 0.0, 0.0, 0.0, 0.0, 0.0, 0.0, 0.0, 0.0, 0.0, 0.0, 0.0, 0.0, 0.0, 0.0, 0.0, 0.0, 0.0, 0.0, 0.0, 0.0, 0.0, 0.0, 0.0, 0.0, 0.0, 0.0, 0.0, 0.0, 0.0, 0.0, 0.0, 0.0, 0.0, 0.0, 0.0, 0.0, 0.0], "url": "http://www.rappler.com/nation/4612-philippines-at-bottom-3-of-world-s-wages", "selected": true}, {"url": "http://www.dumblittleman.com/2014/05/what-is-the-average-salary-in-the-philippines.html",