{"query_id": 4949, "passages": [{"logits_end": [6.362910426105373e-06, 9.741447865962982e-05, 0.0008525529992766678, 2.605392865007161e-06, 2.0756331650773063e-05, 6.126321750343777e-06, 2.844956043190905e-06, 2.1513033061637543e-05, 4.339033239375567e-06, 1.8657847249414772e-05, 1.1778471161960624e-05, 5.106996923132101e-06, 5.687912562279962e-06, 0.00013954818132333457, 0.0024498559068888426, 5.134857929078862e-06, 5.01725389767671e-06, 9.959660928871017e-06, 4.164692654740065e-06, 7.485784590244293e-05, 0.0007745408802293241, 1.918707857839763e-05, 1.5068888387759216e-05, 1.1177964552189223e-05, 2.896766090998426e-06, 1.7878874132293276e-06, 1.4078651702220668e-06, 3.4043755476886872e-06, 6.162746558402432e-06, 5.949511432845611e-06, 3.5479599773680093e-06, 0.0002778006310109049, 0.4316146671772003, 0.00575612997636199, 0.0030889336485415697, 0.00020182188018225133, 0.0010389579692855477, 4.801211616722867e-05, 0.41414228081703186, 0.015030053444206715, 0.0004505598626565188, 0.021389717236161232, 0.0445886068046093, 0.001068019075319171, 0.0008687444496899843, 0.0023063481785357, 0.0009347265004180372, 0.000979351345449686, 0.0006883196183480322, 5.969593985355459e-05, 0.00019039698236156255, 8.263391646323726e-05, 6.909242802066728e-05, 5.138078995514661e-05, 8.072979107964784e-05, 0.00010180773097090423, 2.638688965816982e-05, 0.000381641584681347, 0.013148397207260132, 2.0039427909068763e-05, 1.280257674807217e-05, 1.2140764738433063e-05, 1.4136982827039901e-05, 2.3214684915728867e-05, 1.230318594025448e-05, 8.318133950524498e-06, 1.1011677997885272e-05, 0.013702349737286568, 9.608785330783576e-05, 2.109558590746019e-05, 0.004085013177245855, 0.0003969894605688751, 0.00012733360927086323, 0.0001836512383306399, 1.5225825336528942e-05, 2.1446867322083563e-05, 3.280261444160715e-05, 4.689244815381244e-05, 0.0003165486268699169, 0.01758590154349804, 0.0, 0.0, 0.0, 0.0, 0.0, 0.0, 0.0, 0.0, 0.0, 0.0, 0.0, 0.0, 0.0, 0.0, 0.0, 0.0, 0.0, 0.0, 0.0, 0.0, 0.0, 0.0, 0.0, 0.0, 0.0, 0.0, 0.0, 0.0, 0.0, 0.0, 0.0, 0.0, 0.0, 0.0, 0.0, 0.0, 0.0, 0.0, 0.0, 0.0, 0.0, 0.0, 0.0, 0.0, 0.0, 0.0, 0.0, 0.0, 0.0, 0.0, 0.0, 0.0, 0.0, 0.0, 0.0, 0.0, 0.0, 0.0, 0.0, 0.0, 0.0, 0.0, 0.0, 0.0, 0.0, 0.0, 0.0, 0.0, 0.0, 0.0, 0.0, 0.0, 0.0, 0.0, 0.0, 0.0, 0.0, 0.0, 0.0, 0.0, 0.0, 0.0, 0.0, 0.0, 0.0, 0.0, 0.0, 0.0, 0.0, 0.0, 0.0, 0.0, 0.0, 0.0, 0.0, 0.0, 0.0, 0.0, 0.0, 0.0, 0.0, 0.0, 0.0, 0.0, 0.0, 0.0, 0.0, 0.0, 0.0, 0.0, 0.0, 0.0, 0.0, 0.0, 0.0, 0.0, 0.0, 0.0, 0.0, 0.0, 0.0, 0.0, 0.0, 0.0, 0.0, 0.0, 0.0, 0.0, 0.0, 0.0, 0.0, 0.0, 0.0, 0.0, 0.0, 0.0, 0.0, 0.0, 0.0, 0.0, 0.0, 0.0, 0.0, 0.0, 0.0, 0.0, 0.0, 0.0, 0.0, 0.0, 0.0, 0.0, 0.0, 0.0, 0.0, 0.0, 0.0, 0.0, 0.0, 0.0, 0.0, 0.0, 0.0, 0.0, 0.0, 0.0, 0.0, 0.0, 0.0, 0.0, 0.0, 0.0, 0.0], "tokens": ["wage", "increase", ".", "workers", "took", "to", "the", "streets", "of", "manila", "to", "demand", "higher", "wages", ".", "photo", "by", "lady", "anne", "salem", ".", "manila", ",", "philippines", "-", "the", "philippine", "average", "monthly", "wage", "of", "$", "279", "(", "roughly", "php", "11", ",", "700", ")", "is", "19", "%", "of", "the", "world", "'", "s", "average", "as", "calculated", "by", "the", "international", "labor", "organization", "(", "ilo", ").", "the", "calculation", "placed", "the", "country", "at", "the", "bottom", "3", "of", "the", "72", "listed", "countries", ",", "just", "above", "pakistan", "and", "tajikistan", "."], "selected": true, "relevance": 0.5180520010243896, "url": "http://www.rappler.com/nation/4612-philippines-at-bottom-3-of-world-s-wages", "end_index": 32, "start_index": 31, "logits_start": [0.002699146280065179, 0.00015540988533757627, 7.11556276655756e-05, 0.0031506901141256094, 0.00017472438048571348, 0.00013956089969724417, 0.00022888935927767307, 0.0001295225665671751, 0.00015976294525898993, 0.00014747220848221332, 0.000126413389807567, 0.00016466923989355564, 0.00023094982316251844, 0.00013780967856291682, 0.00015507751959376037, 0.0021531397942453623, 0.00012625494855456054, 0.0001564206904731691, 0.0002216312859673053, 0.00020817034237552434, 0.000550844008103013, 0.02930036000907421, 0.0013900469057261944, 0.0025656146463006735, 0.003566793166100979, 0.009254169650375843, 0.006101019214838743, 0.013248086906969547, 0.012642594054341316, 0.010392608121037483, 0.013531404547393322, 0.8105865120887756, 0.003044770797714591, 2.8398115318850614e-05, 0.0014125268207862973, 0.014769262634217739, 0.032744038850069046, 0.0001446488022338599, 0.001240831334143877, 0.00023687643988523632, 0.00023786046949680895, 0.00997552927583456, 0.00013211295299697667, 3.608455153880641e-05, 6.700888479826972e-05, 4.782970790984109e-05, 5.250601680018008e-05, 7.441665366059169e-05, 0.00010720454883994535, 2.9187705877120607e-05, 2.771105573629029e-05, 1.778215664671734e-05, 3.515820571919903e-05, 2.5042159904842265e-05, 3.328867751406506e-05, 3.297369403298944e-05, 2.6515330318943597e-05, 3.844885577564128e-05, 2.9467450076481327e-05, 0.0013593877665698528, 9.851274080574512e-05, 8.39486310724169e-05, 0.00012084937770850956, 5.90575291425921e-05, 0.00015427474863827229, 0.0002357558987569064, 0.00034019764279946685, 0.006680839695036411, 4.49907238362357e-05, 7.323163299588487e-05, 0.002092811744660139, 7.635620931978337e-06, 6.1710961745120585e-06, 6.315855443972396e-06, 3.8787238736404106e-05, 1.863543366198428e-05, 1.5553123375866562e-05, 1.7273841876885854e-05, 2.3004033209872432e-05, 8.548791811335832e-06, 0.0, 0.0, 0.0, 0.0, 0.0, 0.0, 0.0, 0.0, 0.0, 0.0, 0.0, 0.0, 0.0, 0.0, 0.0, 0.0, 0.0, 0.0, 0.0, 0.0, 0.0, 0.0, 0.0, 0.0, 0.0, 0.0, 0.0, 0.0, 0.0, 0.0, 0.0, 0.0, 0.0, 0.0, 0.0, 0.0, 0.0, 0.0, 0.0, 0.0, 0.0, 0.0, 0.0, 0.0, 0.0, 0.0, 0.0, 0.0, 0.0, 0.0, 0.0, 0.0, 0.0, 0.0, 0.0, 0.0, 0.0, 0.0, 0.0, 0.0, 0.0, 0.0, 0.0, 0.0, 0.0, 0.0, 0.0, 0.0, 0.0, 0.0, 0.0, 0.0, 0.0, 0.0, 0.0, 0.0, 0.0, 0.0, 0.0, 0.0, 0.0, 0.0, 0.0, 0.0, 0.0, 0.0, 0.0, 0.0, 0.0, 0.0, 0.0, 0.0, 0.0, 0.0, 0.0, 0.0, 0.0, 0.0, 0.0, 0.0, 0.0, 0.0, 0.0, 0.0, 0.0, 0.0, 0.0, 0.0, 0.0, 0.0, 0.0, 0.0, 0.0, 0.0, 0.0, 0.0, 0.0, 0.0, 0.0, 0.0, 0.0, 0.0, 0.0, 0.0, 0.0, 0.0, 0.0, 0.0, 0.0, 0.0, 0.0, 0.0, 0.0, 0.0, 0.0, 0.0, 0.0, 0.0, 0.0, 0.0, 0.0, 0.0, 0.0, 0.0, 0.0, 0.0, 0.0, 0.0, 0.0, 0.0, 0.0, 0.0, 0.0, 0.0, 0.0, 0.0, 0.0, 0.0, 0.0, 0.0, 0.0, 0.0, 0.0, 0.0, 0.0, 0.0, 0.0, 0.0, 0.0, 0.0, 0.0, 0.0, 0.0]}, {"logits_end": [4.1581327536732715e-07, 2.291977807544754e-06, 1.7359956245854846e-06, 1.7393589587300085e-05, 2.9281311526574427e-06, 1.270612187909137e-06, 2.277420662721852e-06, 3.7820339002792025e-06, 3.0067258194321766e-06, 2.158850293199066e-06, 4.527945930021815e-05, 0.0008678609156049788, 1.707994783828326e-06, 3.99047348764725e-06, 1.403708552061289e-06, 2.316015525138937e-06, 3.968689270550385e-06, 2.5043877030839212e-05, 1.725382844597334e-06, 3.275874041719362e-05, 5.146534476807574e-06, 5.148854324943386e-05, 9.835755918174982e-05, 0.0010161370737478137, 2.5017106963787228e-06, 2.0148659132246394e-06, 6.676698944829695e-07, 1.1770758874263265e-06, 7.311550689337309e-07, 3.7012257507740287e-06, 2.5217766506102635e-06, 6.437786055357719e-07, 9.97605980046501e-07, 1.62250830726407e-06, 1.5302556448659743e-06, 1.0373599934609956e-06, 1.5669346566937747e-06, 1.1893231430804008e-06, 2.386838423262816e-05, 0.0006408690242096782, 3.266811108915135e-05, 0.012772683054208755, 0.0060667553916573524, 0.07190419733524323, 0.0023824209347367287, 0.3007352948188782, 0.3057585656642914, 2.4879764168872498e-05, 5.395733751356602e-06, 2.953540615635575e-06, 2.8830149858549703e-06, 1.653985577831918e-06, 1.5880774526522146e-06, 1.6274409517791355e-06, 2.599363597255433e-06, 1.1154638741572853e-05, 0.00017869460862129927, 1.0736256626842078e-05, 0.003886347869411111, 0.0026297736912965775, 0.029880456626415253, 0.0012451241491362453, 0.13288216292858124, 0.12512575089931488, 1.4530905900755897e-05, 5.191144737182185e-06, 2.169409071939299e-06, 2.003898998736986e-06, 1.572707446939603e-06, 2.038085767708253e-06, 1.070401594915893e-06, 6.847924396424787e-07, 