{"query_id": 5683, "passages": [{"logits_start": [0.061309050768613815, 0.0012007261393591762, 0.000987911713309586, 0.07021354138851166, 0.002935889409855008, 0.002365392865613103, 0.01403713971376419, 0.0012075484264642, 0.01826910302042961, 0.0005005819839425385, 0.0023391195572912693, 0.0006671292358078063, 0.001050956780090928, 0.0008661489118821919, 0.001046331599354744, 0.000892231531906873, 0.0008413990726694465, 0.0015902757877483964, 0.0011106542078778148, 0.0010663765715435147, 0.0024087701458483934, 0.004810578189790249, 0.0018532021204009652, 0.06538528203964233, 0.0027057076804339886, 0.004635909106582403, 0.0010537417838349938, 0.0015948944492265582, 0.004494833294302225, 0.005922113545238972, 0.0006953373085707426, 0.0008783501689322293, 0.0009630823042243719, 0.0011837768834084272, 0.0012801974080502987, 0.0012744087725877762, 0.002816140418872237, 0.002112126210704446, 0.0015663392841815948, 0.0010757450945675373, 0.0022977415937930346, 0.002047346206381917, 0.02922140620648861, 0.0024033368099480867, 0.04471033066511154, 0.004347075242549181, 0.5324611663818359, 0.022565431892871857, 0.003240038175135851, 0.0010884692892432213, 0.041140228509902954, 0.002238876884803176, 0.00048133337986655533, 0.005543926265090704, 0.0009420293499715626, 0.001561783836223185, 0.0008654520497657359, 0.0009521843167021871, 0.0011593559756875038, 0.005560340825468302, 0.001964123686775565, 0.0, 0.0, 0.0, 0.0, 0.0, 0.0, 0.0, 0.0, 0.0, 0.0, 0.0, 0.0, 0.0, 0.0, 0.0, 0.0, 0.0, 0.0, 0.0, 0.0, 0.0, 0.0, 0.0, 0.0, 0.0, 0.0, 0.0, 0.0, 0.0, 0.0, 0.0, 0.0, 0.0, 0.0, 0.0, 0.0, 0.0, 0.0, 0.0, 0.0, 0.0, 0.0, 0.0, 0.0, 0.0, 0.0, 0.0, 0.0, 0.0, 0.0, 0.0, 0.0, 0.0, 0.0, 0.0, 0.0, 0.0, 0.0, 0.0, 0.0, 0.0, 0.0, 0.0, 0.0, 0.0, 0.0, 0.0, 0.0, 0.0, 0.0, 0.0, 0.0, 0.0, 0.0, 0.0, 0.0, 0.0, 0.0, 0.0, 0.0, 0.0, 0.0, 0.0, 0.0, 0.0, 0.0, 0.0, 0.0, 0.0, 0.0, 0.0, 0.0, 0.0, 0.0, 0.0, 0.0, 0.0, 0.0, 0.0, 0.0, 0.0, 0.0, 0.0, 0.0, 0.0, 0.0, 0.0, 0.0, 0.0, 0.0, 0.0, 0.0, 0.0, 0.0, 0.0, 0.0, 0.0, 0.0, 0.0, 0.0, 0.0, 0.0, 0.0, 0.0, 0.0, 0.0, 0.0, 0.0, 0.0, 0.0, 0.0, 0.0, 0.0, 0.0, 0.0, 0.0, 0.0, 0.0, 0.0, 0.0, 0.0, 0.0, 0.0, 0.0, 0.0, 0.0], "logits_end": [0.058019161224365234, 0.008640876039862633, 0.023262154310941696, 0.007002958562225103, 0.011404210701584816, 0.00013861329352948815, 0.0037734974175691605, 0.00020435666374396533, 0.017253706231713295, 0.000653539493214339, 0.0031024301424622536, 0.00030558404978364706, 0.00018980010645464063, 0.00011526820890139788, 0.00010941600339720026, 9.561773185851052e-05, 8.210579835576937e-05, 9.010716166812927e-05, 8.873268961906433e-05, 0.00012885418254882097, 0.0004609539173543453, 0.003443935653194785, 0.056460753083229065, 0.005976467858999968, 0.001966276206076145, 6.619621854042634e-05, 4.0342711145058274e-05, 4.353621989139356e-05, 0.00046903741895221174, 0.005928357597440481, 0.00012181444617453963, 6.117164593888447e-05, 4.835053550777957e-05, 4.732504385174252e-05, 4.2478448449401185e-05, 4.21135664510075e-05, 4.001715933554806e-05, 0.0001526138512417674, 4.9417234549764544e-05, 4.417810123413801e-05, 5.526060704141855e-05, 0.00010886654490604997, 0.011888687498867512, 0.041622087359428406, 0.00013581883104052395, 0.00016918600886128843, 0.0005163367022760212, 0.009633009321987629, 0.044194478541612625, 0.0010516566690057516, 0.0010706098983064294, 0.22437813878059387, 0.004650468938052654, 0.0901128277182579, 0.0014283882919698954, 0.0010494269663468003, 0.0005231011309660971, 0.0007713259547017515, 0.0006364425062201917, 0.013138496316969395, 0.3426991105079651, 0.0, 0.0, 0.0, 0.0, 0.0, 0.0, 0.0, 0.0, 0.0, 0.0, 0.0, 0.0, 0.0, 0.0, 0.0, 0.0, 0.0, 0.0, 0.0, 0.0, 0.0, 0.0, 0.0, 0.0, 0.0, 0.0, 0.0, 0.0, 0.0, 0.0, 0.0, 0.0, 0.0, 0.0, 0.0, 0.0, 0.0, 0.0, 0.0, 0.0, 0.0, 0.0, 0.0, 0.0, 0.0, 0.0, 0.0, 0.0, 0.0, 0.0, 0.0, 0.0, 0.0, 0.0, 0.0, 0.0, 0.0, 0.0, 0.0, 0.0, 0.0, 0.0, 0.0, 0.0, 0.0, 0.0, 0.0, 0.0, 0.0, 0.0, 0.0, 0.0, 0.0, 0.0, 0.0, 0.0, 0.0, 0.0, 0.0, 0.0, 0.0, 0.0, 0.0, 0.0, 0.0, 0.0, 0.0, 0.0, 0.0, 0.0, 0.0, 0.0, 0.0, 0.0, 0.0, 0.0, 0.0, 0.0, 0.0, 0.0, 0.0, 0.0, 0.0, 0.0, 0.0, 0.0, 0.0, 0.0, 0.0, 0.0, 0.0, 0.0, 0.0, 0.0, 0.0, 0.0, 0.0, 0.0, 0.0, 0.0, 0.0, 0.0, 0.0, 0.0, 0.0, 0.0, 0.0, 0.0, 0.0, 0.0, 0.0, 0.0, 0.0, 0.0, 0.0, 0.0, 0.0, 0.0, 0.0, 0.0, 0.0, 0.0, 0.0, 0.0, 0.0, 0.0], "start_index": 46, "selected": true, "end_index": 60, "tokens": ["bentley", "history", ".", "bentley", "cars", "are", "handcrafted", "in", "crewe", ",", "england", ",", "and", "are", "known", "to", "be", "a", "high", "end", "luxury", "car", ".", "bentley", "car", "prices", "start", "at", "$", "180,195", "and", "they", "are", "typically", "only", "within", "the", "price", "range", "of", "the", "most", "wealthy", ".", "founded", "by", "walter", "owen", "bentley", ",", "bentley", "motors", ",", "ltd.", "was", "formed", "in", "england", "in", "1919", "."], "relevance": 0.33354918796540367, "url": "https://www.truecar.com/prices-new/bentley/"}, {"logits_start": [0.470611572265625, 0.08717222511768341, 0.009552007541060448, 0.001961611909791827, 0.004224952310323715, 0.004053386393934488, 0.043543796986341476, 0.007386431097984314, 0.026346148923039436, 0.003341968171298504, 0.06540752202272415, 0.0014266239013522863, 0.002275702776387334, 0.005188747309148312, 0.0014666406204923987, 0.0023560768458992243, 0.0021459779236465693, 0.0016514394665136933, 0.002145123900845647, 0.002797567518427968, 0.0031148327980190516, 0.0017260496970266104, 0.0011627371422946453, 0.0023306538350880146, 0.0014149395283311605, 0.0023271646350622177, 0.002663405379280448, 0.000880254665389657, 0.0009639189811423421, 0.0017878845101222396, 0.0009390601189807057, 0.0013498087646439672, 0.0022553491871804, 0.08768478035926819, 0.0032768179662525654, 0.0037078061141073704, 0.003221104620024562, 0.002528029028326273, 0.03466561809182167, 0.010670478455722332, 0.0004664760490413755, 0.004527613986283541, 0.0006288496660999954, 0.0008063424029387534, 0.0016904289368540049, 0.0006762134726159275, 0.001464697066694498, 0.0007435189327225089, 0.003414607373997569, 0.0009079081355594099, 0.018030541017651558, 0.0008687975350767374, 0.03244062513113022, 0.0004946023691445589, 0.001389055629260838, 0.0012868662597611547, 0.007374114356935024, 0.0003019008145201951, 0.001965609844774008, 0.003429856849834323, 0.002477849368005991, 0.0008873007609508932, 0.0, 0.0, 0.0, 0.0, 0.0, 0.0, 0.0, 0.0, 0.0, 0.0, 0.0, 0.0, 0.0, 0.0, 0.0, 0.0, 0.0, 0.0, 0.0, 0.0, 0.0, 0.0, 0.0, 0.0, 0.0, 0.0, 0.0, 0.0, 0.0, 0.0, 0.0, 0.0, 0.0, 0.0, 0.0, 0.0, 0.0, 0.0, 0.0, 0.0, 0.0, 0.0, 0.0, 0.0, 0.0, 0.0, 0.0, 0.0, 0.0, 0.0, 0.0, 0.0, 0.0, 0.0, 0.0, 0.0, 0.0, 0.0, 0.0, 0.0, 0.0, 0.0, 0.0, 0.0, 0.0, 0.0, 0.0, 0.0, 0.0, 0.0, 0.0, 0.0, 0.0, 0.0, 0.0, 0.0, 0.0, 0.0, 0.0, 0.0, 0.0, 0.0, 0.0, 0.0, 0.0, 0.0, 0.0, 0.0, 0.0, 0.0, 0.0, 0.0, 0.0, 0.0, 0.0, 0.0, 0.0, 0.0, 0.0, 0.0, 0.0, 0.0, 0.0, 0.0, 0.0, 0.0, 0.0, 0.0, 0.0, 0.0, 0.0, 0.0, 0.0, 0.0, 0.0, 0.0, 0.0, 0.0, 0.0, 0.0, 0.0, 0.0, 0.0, 0.0, 0.0, 0.0, 0.0, 0.0, 0.0, 0.0, 0.0, 0.0, 0.0, 0.0, 0.0, 0.0, 0.0, 0.0, 0.0, 0.0, 0.0, 0.0, 0.0, 0.0, 0.0],