{"query_id": 6155, "passages": [{"relevance": 0.4353938858554866, "logits_start": [0.0031302578281611204, 0.0003424134920351207, 0.0001623114076210186, 9.789587784325704e-05, 7.9144629125949e-05, 8.545252785552293e-05, 7.133591134333983e-05, 6.107173976488411e-05, 5.5016040278133005e-05, 5.9171594330109656e-05, 5.101309216115624e-05, 4.404037099448033e-05, 0.0004010384436696768, 8.898241503629833e-05, 7.790549716446549e-05, 9.294086339650676e-05, 8.752178109716624e-05, 8.494762005284429e-05, 0.0001626451703486964, 0.00013742373266723007, 0.0001223099825438112, 0.00017281583859585226, 0.00010788704094011337, 0.00010198488598689437, 0.00010877490421989933, 0.00011689425446093082, 0.00011914034257642925, 0.00012628294643945992, 0.00012202186917420477, 0.0002533828665036708, 0.022638175636529922, 0.003870322834700346, 0.002232171595096588, 0.09044820815324783, 0.00020289351232349873, 0.0006895195692777634, 0.0009549816604703665, 0.0007774715195409954, 0.0009337125811725855, 0.020337410271167755, 0.0019481790950521827, 0.034896716475486755, 0.0036706002429127693, 0.0024794384371489286, 0.0023863010574132204, 0.0021387736778706312, 0.002572199795395136, 0.0033734082244336605, 0.007391341496258974, 0.27735552191734314, 0.4852501153945923, 0.0046380492858588696, 0.0006408148328773677, 0.014654003083705902, 0.0005146131152287126, 0.000433118810178712, 0.0006926897913217545, 0.00024317704082932323, 1.813054950616788e-05, 0.0006759139359928668, 0.00011625843762885779, 7.634797657374293e-05, 5.684954521711916e-05, 6.015788676450029e-05, 6.23461528448388e-05, 0.0001598221278982237, 0.003656720509752631, 2.956358548544813e-05, 0.0, 0.0, 0.0, 0.0, 0.0, 0.0, 0.0, 0.0, 0.0, 0.0, 0.0, 0.0, 0.0, 0.0, 0.0, 0.0, 0.0, 0.0, 0.0, 0.0, 0.0, 0.0, 0.0, 0.0, 0.0, 0.0, 0.0, 0.0, 0.0, 0.0, 0.0, 0.0, 0.0, 0.0, 0.0, 0.0, 0.0, 0.0, 0.0, 0.0, 0.0, 0.0, 0.0, 0.0, 0.0, 0.0, 0.0, 0.0, 0.0, 0.0, 0.0, 0.0, 0.0, 0.0, 0.0, 0.0, 0.0, 0.0, 0.0, 0.0, 0.0, 0.0, 0.0, 0.0, 0.0, 0.0, 0.0, 0.0, 0.0, 0.0, 0.0, 0.0, 0.0, 0.0, 0.0, 0.0, 0.0, 0.0, 0.0, 0.0, 0.0, 0.0, 0.0, 0.0, 0.0, 0.0, 0.0, 0.0, 0.0, 0.0, 0.0, 0.0, 0.0, 0.0, 0.0, 0.0, 0.0, 0.0, 0.0, 0.0, 0.0, 0.0, 0.0, 0.0, 0.0, 0.0, 0.0, 0.0, 0.0, 0.0, 0.0, 0.0, 0.0, 0.0, 0.0, 0.0, 0.0, 0.0, 0.0, 0.0, 0.0, 0.0, 0.0, 0.0, 0.0, 0.0, 0.0, 0.0, 0.0, 0.0, 0.0, 0.0, 0.0, 0.0, 0.0, 0.0, 0.0, 0.0, 0.0, 0.0, 0.0, 0.0, 0.0, 0.0, 0.0, 0.0, 0.0, 0.0, 0.0, 0.0, 0.0, 0.0, 0.0, 0.0, 0.0, 0.0, 0.0, 0.0, 0.0, 0.0, 0.0, 0.0], "start_index": 50, "logits_end": [4.030247509945184e-06, 4.3990698941343e-06, 1.2118082850065548e-05, 4.255216845194809e-05, 8.430090929323342e-06, 8.656556019559503e-06, 2.1011181161156856e-05, 1.1837187230412383e-05, 2.0777268218807876e-05, 1.7027059584506787e-05, 6.0565111198229715e-05, 0.0001576814247528091, 3.1706076697446406e-06, 9.574717296345625e-06, 5.928084283368662e-05, 1.2248200619069394e-05, 6.968529487494379e-05, 1.2384083674987778e-05, 6.4696127992647234e-06, 6.973618383199209e-06, 9.95469690678874e-06, 4.163142875768244e-05, 1.8539261873229407e-05, 1.0756010851764586e-05, 1.1108328180853277e-05, 1.245755993295461e-05, 2.6209454517811537e-05, 2.4711060177651234e-05, 0.0003731813922058791, 0.0039901393465697765, 2.477645921317162e-06, 5.013213012716733e-06, 5.7275192375527695e-06, 0.00048584959586150944, 0.0355309434235096, 0.0011804293608292937, 0.00010187360749114305, 0.0004989489098079503, 6.173280416987836e-05, 0.01583312824368477, 0.0006166892708279192, 4.7061712393769994e-05, 9.00469531188719e-05, 0.00014189617650117725, 6.88342988723889e-05, 9.197826875606552e-05, 5.8464385801926255e-05, 5.606894046650268e-05, 4.7984063712647185e-05, 2.704994403757155e-05, 0.00042401294922456145, 0.011432137340307236, 0.000590295996516943, 0.001123220892623067, 0.12220648676156998, 0.014275834895670414, 0.038635823875665665, 0.36506688594818115, 0.34120213985443115, 9.443375893170014e-05, 0.0004483941593207419, 0.00021223354269750416, 0.00014763319632038474, 0.00017022620886564255, 0.0006236945046111941, 0.0005500754923559725, 0.003309772117063403, 0.039466891437768936, 0.0, 0.0, 0.0, 0.0, 0.0, 0.0, 0.0, 0.0, 0.0, 0.0, 0.0, 0.0, 0.0, 0.0, 0.0, 0.0, 0.0, 0.0, 0.0, 0.0, 0.0, 0.0, 0.0, 0.0, 0.0, 0.0, 0.0, 0.0, 0.0, 0.0, 0.0, 0.0, 0.0, 0.0, 0.0, 0.0, 0.0, 0.0, 0.0, 0.0, 0.0, 0.0, 0.0, 0.0, 0.0, 0.0, 0.0, 0.0, 0.0, 0.0, 0.0, 0.0, 0.0, 0.0, 0.0, 0.0, 0.0, 0.0, 0.0, 0.0, 0.0, 0.0, 0.0, 0.0, 0.0, 0.0, 0.0, 0.0, 0.0, 0.0, 0.0, 0.0, 0.0, 0.0, 0.0, 0.0, 0.0, 0.0, 0.0, 0.0, 0.0, 0.0, 0.0, 0.0, 0.0, 0.0, 0.0, 0.0, 0.0, 0.0, 0.0, 0.0, 0.0, 0.0, 0.0, 0.0, 0.0, 0.0, 0.0, 0.0, 0.0, 0.0, 0.0, 0.0, 0.0, 0.0, 0.0, 0.0, 0.0, 0.0, 0.0, 0.0, 0.0, 0.0, 0.0, 0.0, 0.0, 0.0, 0.0, 0.0, 0.0, 0.0, 0.0, 0.0, 0.0, 0.0, 0.0, 0.0, 0.0, 0.0, 0.0, 0.0, 0.0, 0.0, 0.0, 0.0, 0.0, 0.0, 0.0, 0.0, 0.0, 0.0, 0.0, 0.0, 0.0, 0.0, 0.0, 0.0, 0.0, 0.0, 0.0, 0.0, 0.0, 0.0, 0.0, 0.0, 0.0, 0.0, 0.0, 0.0, 0.0, 0.0], "tokens": ["get", "an", "instant", "estimate", "of", "the", "cost", "to", "install", "exterior", "trim", "!", "our", "free", "calculator", "uses", "recent", ",", "trusted", "data", "to", "estimate", "costs", "for", "your", "exterior", "trim", "installation", "project", ".", "for", "a", "basic", "60", "feet", "project", "in", "zip", "code", "47474", ",", "the", "benchmark", "cost", "to", "install", "exterior", "trim", "ranges", "between", "$", "3.99", "-", "$", "5.62", "per", "linear", "foot", ".", "to", "estimate", "costs", "for", "your", "project", ":", "1", "."], "end_index": 57, "selected": true, "url": "http://www.homewyse.com/services/cost_to_install_exterior_trim.html"}, {"tokens": ["our", "free", "calculator", "uses", "recent", ",", "trusted", "data", "to", "estimate", "costs", "for", "your", "molding", "installation", "project", ".", "for", "a", "basic", "125", "linear", "feet", "project", "in", "zip", "code", "47474", ",", "the", "benchmark", "cost", "to", "install", "trim", "molding", "ranges", "between", "$", "3.48", "-", "$", "6.24", "per", "linear", "foot", ".", "to", "estimate", "costs", "for", "your", "project", ":"], "relevance": 0.2978914952596159,