{"query_id": 6155, "passages": [{"logits_end": [1.3246229855212732e-06, 8.098956527646806e-07, 1.3606030506707611e-06, 1.9685260213009315e-06, 1.96811492969573e-06, 1.8104722130374284e-06, 5.332597538654227e-06, 1.6695482827344676e-06, 1.857325628407125e-06, 2.7117876015836373e-06, 1.9473416614346206e-05, 2.1630517949233763e-05, 8.754687996770372e-07, 2.010783418882056e-06, 4.655328211811138e-06, 3.851920155284461e-06, 0.0001065227625076659, 6.125846994109452e-06, 1.3135716017131926e-06, 2.448015720801777e-06, 1.9810424873867305e-06, 2.3894406240287935e-06, 2.9634641123266192e-06, 2.698169510040316e-06, 3.600172931328416e-06, 4.539099336398067e-06, 9.868204870144837e-06, 4.391351467347704e-06, 0.00014966691378504038, 0.0026812541764229536, 1.3727214991376968e-06, 1.919907163028256e-06, 4.991580681235064e-06, 0.00041000073542818427, 0.015141908079385757, 6.109467358328402e-05, 2.0105389921809547e-05, 2.1761905372841284e-05, 1.531373527541291e-05, 0.004405116196721792, 0.0001491391594754532, 6.881907211209182e-06, 1.725634137983434e-05, 9.748206139192916e-06, 3.929682861780748e-06, 4.174908099230379e-06, 5.211706593399867e-06, 3.336125246278243e-06, 4.640607130568242e-06, 6.371626659529284e-05, 6.2583050748799e-05, 0.001210031216032803, 0.00046811322681605816, 0.006259186193346977, 0.00022592242748942226, 0.00041011450230143964, 0.0030351385939866304, 0.0009746343130245805, 0.10613252222537994, 0.011720511130988598, 0.010990615002810955, 0.4721432030200958, 0.353358656167984, 2.573137498984579e-05, 1.4954327525629196e-05, 1.202334988192888e-05, 5.983485607430339e-06, 6.05277591603226e-06, 7.1768554334994406e-06, 3.902980461134575e-05, 0.002917681587859988, 0.006575447972863913, 0.0, 0.0, 0.0, 0.0, 0.0, 0.0, 0.0, 0.0, 0.0, 0.0, 0.0, 0.0, 0.0, 0.0, 0.0, 0.0, 0.0, 0.0, 0.0, 0.0, 0.0, 0.0, 0.0, 0.0, 0.0, 0.0, 0.0, 0.0, 0.0, 0.0, 0.0, 0.0, 0.0, 0.0, 0.0, 0.0, 0.0, 0.0, 0.0, 0.0, 0.0, 0.0, 0.0, 0.0, 0.0, 0.0, 0.0, 0.0, 0.0, 0.0, 0.0, 0.0, 0.0, 0.0, 0.0, 0.0, 0.0, 0.0, 0.0, 0.0, 0.0, 0.0, 0.0, 0.0, 0.0, 0.0, 0.0, 0.0, 0.0, 0.0, 0.0, 0.0, 0.0, 0.0, 0.0, 0.0, 0.0, 0.0, 0.0, 0.0, 0.0, 0.0, 0.0, 0.0, 0.0, 0.0, 0.0, 0.0, 0.0, 0.0, 0.0, 0.0, 0.0, 0.0, 0.0, 0.0, 0.0, 0.0, 0.0, 0.0, 0.0, 0.0, 0.0, 0.0, 0.0, 0.0, 0.0, 0.0, 0.0, 0.0, 0.0, 0.0, 0.0, 0.0, 0.0, 0.0, 0.0, 0.0, 0.0, 0.0, 0.0, 0.0, 0.0, 0.0, 0.0, 0.0, 0.0, 0.0, 0.0, 0.0, 0.0, 0.0, 0.0, 0.0, 0.0, 0.0, 0.0, 0.0, 0.0, 0.0, 0.0, 0.0, 0.0, 0.0, 0.0, 0.0, 0.0, 0.0, 0.0, 0.0, 0.0, 0.0, 0.0, 0.0, 0.0, 0.0, 0.0, 0.0, 0.0, 0.0, 0.0, 0.0, 0.0, 0.0, 0.0, 0.0, 0.0, 0.0, 0.0, 0.0, 0.0, 0.0, 0.0, 0.0, 0.0, 0.0, 0.0, 0.0, 0.0, 0.0, 0.0], "tokens": ["get", "an", "instant", "estimate", "of", "the", "cost", "to", "install", "exterior", "trim", "!", "our", "free", "calculator", "uses", "recent", ",", "trusted", "data", "to", "estimate", "costs", "for", "your", "exterior", "trim", "installation", "project", ".", "for", "a", "basic", "60", "feet", "project", "in", "zip", "code", "47474", ",", "the", "benchmark", "cost", "to", "install", "exterior", "trim", "ranges", "between", "$", "3", ".", "99", "-", "$", "5", ".", "62", "per", "linear", "foot", ".", "to", "estimate", "costs", "for", "your", "project", ":", "1", "."], "selected": true, "relevance": 0.5558062451424769, "url": "http://www.homewyse.com/services/cost_to_install_exterior_trim.html", "end_index": 61, "start_index": 50, "logits_start": [0.002899858169257641, 0.0003222714294679463, 0.0002562206063885242, 0.0003327710728626698, 0.00022592981986235827, 0.0003229421563446522, 0.00027008261531591415, 0.0001777087600203231, 0.00021017553808633238, 0.0001922333613038063, 0.00014685931091662496, 6.221362127689645e-05, 0.0008206984493881464, 0.00016497856995556504, 0.00018334774358663708, 9.215813042828813e-05, 0.00012049779616063461, 3.1059160392032936e-05, 0.0002870465104933828, 9.481198503635824e-05, 9.845121530815959e-05, 0.0003780197002924979, 0.00033415493089705706, 0.00034547518589533865, 0.00029954896308481693, 0.00031657933141104877, 0.0002673951967153698, 0.0002133283851435408, 0.0002208157384302467, 0.00013866221706848592, 0.042766183614730835, 0.0023581809364259243, 0.001824036124162376, 0.04594196751713753, 0.0001301883312407881, 0.00027945448528043926, 0.0003323242417536676, 0.0006270931335166097, 0.0009708062279969454, 0.011582180857658386, 0.00013114410103298724, 0.025206446647644043, 0.0037401632871478796, 0.0018472259398549795, 0.0014058321248739958, 0.001362060895189643, 0.0013484731316566467, 0.0016874265857040882, 0.012378139421343803, 0.21849766373634338, 0.5699485540390015, 0.007399184629321098, 0.0002479741524439305, 0.006117276847362518, 0.0002451861510053277, 0.022963976487517357, 0.0012220729840919375, 0.00013010702969040722, 0.0011735614389181137, 4.573789919959381e-05, 0.00010193390335189179, 7.183294655987993e-05, 5.412710834207246e-06, 0.0006075584678910673, 8.01572241471149e-05, 9.260736987926066e-05, 0.00010277345427311957, 9.203025547321886e-05, 0.00010575014312053099, 0.00010166643187403679, 0.004891098942607641, 1.0028118595073465e-05, 0.0, 0.0, 0.0, 0.0, 0.0, 0.0, 0.0, 0.0, 0.0, 0.0, 0.0, 0.0, 0.0, 0.0, 0.0, 0.0, 0.0, 0.0, 0.0, 0.0, 0.0, 0.0, 0.0, 0.0, 0.0, 0.0, 0.0, 0.0, 0.0, 0.0, 0.0, 0.0, 0.0, 0.0, 0.0, 0.0, 0.0, 0.0, 0.0, 0.0, 0.0, 0.0, 0.0, 0.0, 0.0, 0.0, 0.0, 0.0, 0.0, 0.0, 0.0, 0.0, 0.0, 0.0, 0.0, 0.0, 0.0, 0.0, 0.0, 0.0, 0.0, 0.0, 0.0, 0.0, 0.0, 0.0, 0.0, 0.0, 0.0, 0.0, 0.0, 0.0, 0.0, 0.0, 0.0, 0.0, 0.0, 0.0, 0.0, 0.0, 0.0, 0.0, 0.0, 0.0, 0.0, 0.0, 0.0, 0.0, 0.0, 0.0, 0.0, 0.0, 0.0, 0.0, 0.0, 0.0, 0.0, 0.0, 0.0, 0.0, 0.0, 0.0, 0.0, 0.0, 0.0, 0.0, 0.0, 0.0, 0.0, 0.0, 0.0, 0.0, 0.0, 0.0, 0.0, 0.0, 0.0, 0.0, 0.0, 0.0, 0.0, 0.0, 0.0, 0.0, 0.0, 0.0, 0.0, 0.0, 0.0, 0.0, 0.0, 0.0, 0.0, 0.0, 0.0, 0.0, 0.0, 0.0, 0.0, 0.0, 0.0, 0.0, 0.0, 0.0, 0.0, 0.0, 0.0, 0.0, 0.0, 0.0, 0.0, 0.0, 0.0, 0.0, 0.0, 0.0, 0.0, 0.0, 0.0, 0.0, 0.0, 0.0, 0.0, 0.0, 0.0, 0.0, 0.0, 0.0, 0.0, 0.0, 0.0, 0.0, 0.0, 0.0, 0.0, 0.0, 0.0, 0.0, 0.0, 0.0, 0.0]}, {"logits_end": [7.5212051342532504e-06, 2.3278962544281967e-05, 4.3886138882953674e-05, 2.289803205712815e-06, 8.220709787565283e-06, 1.0294611456629355e-05, 3.378842302481644e-05, 1.345153032161761e-05, 0.00039257071330212057, 0.005051359999924898, 7.447069492627634e-06, 9.03647014638409e-06, 8.658224032842554e-06, 1.7732769265421666e-05, 1.355603671981953e-05, 0.002791455714032054, 0.10377373546361923, 0.015046751126646996, 0.10954582691192627, 6.23085506958887e-05, 4.204082870273851e-05, 2.6835603421204723e-05, 3.66520180250518e-05, 2.5137431293842383e-05, 2.3069405870046467e-05, 7.927428669063374e-05, 5.1575610996223986e-05, 2.3401966245728545e-05, 2.914008109655697e-05, 4.076835830346681e-05, 5.972727740299888e-05, 8.707930101081729e-05, 0.0010512873996049166, 0.01862521283328533, 6.458902498707175e-05, 4.1005587263498455e-05, 9.484614565735683e-05, 0.0003662579692900181, 0.00022011963301338255, 0.004068128298968077, 0.12858016788959503, 0.0009008772321976721, 0.00010348953219363466, 0.00014195371477399021, 0.004270438104867935, 0.0037871566601097584, 0.02746107243001461, 0.010677296668291092, 0.11004744470119476, 0.0017629239009693265, 0.002535235369578004, 0.29531559348106384, 0.0028298404067754745, 0.0184518750756979, 0.00011807875125668943, 0.000533724611159414, 0.00036116092815063894, 0.011862069368362427, 0.00014581043797079474, 0.00012374328798614442, 0.0002866272407118231, 0.00013836332072969526, 0.0001190378752653487, 0.000626562163233757, 0.0001144960115198046, 0.0002605110639706254, 0.0004976718337275088, 0.005332298576831818, 0.1106952577829361, 0.0, 0.0, 0.0, 0.0, 0.0, 0.0, 0.0, 0.0, 0.0, 0.0, 0.0, 0.0, 0.0, 0.0, 0.0, 0.0, 0.0, 0.0, 0.0, 0.0, 0.0, 0.0, 0.0, 0.0, 0.0, 0.0, 0.0, 0.0, 0.0, 0.0, 0.0, 0.0, 0.0, 0.0, 0.0, 0.0, 0.0, 0.0, 0.0, 0.0, 0.0, 0.0, 0.0, 0.0, 0.0, 0.0, 0.0, 0.0, 0.0, 0.0, 0.0, 0.0, 0.0, 0.0, 0.0, 0.0, 0.0, 0.0, 0.0, 0.0, 0.0, 0.0, 0.0, 0.0, 0.0, 0.0, 0.0, 0.0, 0.0, 0.0, 0.0, 0.0, 0.0, 0.0, 0.0, 0.0, 0.0, 0.0, 0.0, 0.0, 0.0, 0.0, 0.0, 0.0, 0.0, 0.0, 0.0, 0.0, 0.0, 0.0, 0.0, 0.0, 0.0, 