{"passages": [{"end_index": 58, "start_index": 50, "tokens": ["get", "an", "instant", "estimate", "of", "the", "cost", "to", "install", "exterior", "trim", "!", "our", "free", "calculator", "uses", "recent", ",", "trusted", "data", "to", "estimate", "costs", "for", "your", "exterior", "trim", "installation", "project", ".", "for", "a", "basic", "60", "feet", "project", "in", "zip", "code", "47474", ",", "the", "benchmark", "cost", "to", "install", "exterior", "trim", "ranges", "between", "$", "3.99", "-", "$", "5.62", "per", "linear", "foot", ".", "to", "estimate", "costs", "for", "your", "project", ":", "1", "."], "relevance": 0.5558062451424769, "logits_end": [4.0705308492761105e-06, 3.2763857689133147e-06, 9.913540452544112e-06, 3.6454595829127356e-05, 7.46430896469974e-06, 5.191577201912878e-06, 1.2660327229241375e-05, 8.962665560829919e-06, 1.2980015526409261e-05, 1.1353493391652592e-05, 3.772268246393651e-05, 0.0005211608367972076, 1.8898755342888762e-06, 8.199582225643098e-06, 4.928525959257968e-05, 1.0953622222587e-05, 6.443095480790362e-05, 2.13049424928613e-05, 2.2832127797300927e-06, 5.023128323955461e-06, 5.78392291572527e-06, 7.822927727829665e-05, 2.0073703126399778e-05, 1.1248123882978689e-05, 7.539486887253588e-06, 9.525724635750521e-06, 1.863892248366028e-05, 1.4348766853800043e-05, 0.00013726878387387842, 0.001765967346727848, 8.79450567481399e-07, 3.324758381495485e-06, 3.6514943531074096e-06, 0.0007355997804552317, 0.028327245265245438, 0.00038803883944638073, 4.282002191757783e-05, 0.00039344426477327943, 1.822249214455951e-05, 0.008917651139199734, 0.0003148866235278547, 1.4549284060194623e-05, 2.7554846383281983e-05, 2.5095792807405815e-05, 2.2415009880205616e-05, 3.6595949495676905e-05, 2.737727845669724e-05, 3.1381619919557124e-05, 3.0328636057674885e-05, 2.1374931748141535e-05, 0.0004872838326264173, 0.008684066124260426, 0.00021016737446188927, 0.0010222598211839795, 0.08697595447301865, 0.02182508446276188, 0.055650461465120316, 0.3376818597316742, 0.42530906200408936, 8.503839490003884e-05, 0.0002541665453463793, 9.223043161910027e-05, 4.353069016360678e-05, 4.475664900382981e-05, 0.00020923255942761898, 0.0002874386264011264, 0.001252986490726471, 0.01759878732264042, 0.0, 0.0, 0.0, 0.0, 0.0, 0.0, 0.0, 0.0, 0.0, 0.0, 0.0, 0.0, 0.0, 0.0, 0.0, 0.0, 0.0, 0.0, 0.0, 0.0, 0.0, 0.0, 0.0, 0.0, 0.0, 0.0, 0.0, 0.0, 0.0, 0.0, 0.0, 0.0, 0.0, 0.0, 0.0, 0.0, 0.0, 0.0, 0.0, 0.0, 0.0, 0.0, 0.0, 0.0, 0.0, 0.0, 0.0, 0.0, 0.0, 0.0, 0.0, 0.0, 0.0, 0.0, 0.0, 0.0, 0.0, 0.0, 0.0, 0.0, 0.0, 0.0, 0.0, 0.0, 0.0, 0.0, 0.0, 0.0, 0.0, 0.0, 0.0, 0.0, 0.0, 0.0, 0.0, 0.0, 0.0, 0.0, 0.0, 0.0, 0.0, 0.0, 0.0, 0.0, 0.0, 0.0, 0.0, 0.0, 0.0, 0.0, 0.0, 0.0, 0.0, 0.0, 0.0, 0.0, 0.0, 0.0, 0.0, 0.0, 0.0, 0.0, 0.0, 0.0, 0.0, 0.0, 0.0, 0.0, 0.0, 0.0, 0.0, 0.0, 0.0, 0.0, 0.0, 0.0, 0.0, 0.0, 0.0, 0.0, 0.0, 0.0, 0.0, 0.0, 0.0, 0.0, 0.0, 0.0, 0.0, 0.0, 0.0, 0.0, 0.0, 0.0, 0.0, 0.0, 0.0, 0.0, 0.0, 0.0, 0.0, 0.0, 0.0, 0.0, 0.0, 0.0, 0.0, 0.0, 0.0, 0.0, 0.0, 0.0, 0.0, 0.0, 0.0, 0.0, 0.0, 0.0, 0.0, 0.0, 0.0, 0.0], "logits_start": [0.004320744890719652, 0.00028273469069972634, 0.0001663213479332626, 0.0002359222125960514, 0.00012093168334104121, 0.00019077105389442295, 0.0001462422515032813, 0.00012771773617714643, 0.00011604869359871373, 0.00011360848293406889, 0.00010323130118194968, 6.0913611378055066e-05, 0.0013198625529184937, 0.0001631955965422094, 0.00019317162514198571, 0.00015118189912755042, 0.00011730091500794515, 4.3579228076850995e-05, 0.0006248869467526674, 0.00018467333575244993, 0.00028948995168320835, 0.0005822759121656418, 0.00013967954146210104, 0.00010868204844882712, 0.00011556044046301395, 0.0001224933221237734, 0.00011733370047295466, 0.00011669393279589713, 0.00011765191447921097, 0.00031786656472831964, 0.06161060929298401, 0.005971960723400116, 0.003878039540722966, 0.08420015871524811, 0.0003142209898214787, 0.0018973132828250527, 0.00212971237488091, 0.002156516769900918, 0.0027479585260152817, 0.0429794006049633, 0.0009412444778718054, 0.0166002344340086, 0.003375883214175701, 0.001929207006469369, 0.0021757420618087053, 0.001944002346135676, 0.0029200012795627117, 0.003859994700178504, 0.009155787527561188, 0.18734225630760193, 0.5124742388725281, 0.003965732641518116, 0.0023303981870412827, 0.022043710574507713, 0.000633896910585463, 0.0007570240995846689, 0.0007562362006865442, 0.00030441328999586403, 1.815196083043702e-05, 0.0011394382454454899, 0.00019530240388121456, 6.694200419588014e-05, 4.600171814672649e-05, 4.435686059878208e-05, 5.197081554797478e-05, 5.547300315811299e-05, 0.006155018229037523, 2.0705196220660582e-05, 0.0, 0.0, 0.0, 0.0, 0.0, 0.0, 0.0, 0.0, 0.0, 0.0, 0.0, 0.0, 0.0, 0.0, 0.0, 0.0, 0.0, 0.0, 0.0, 0.0, 0.0, 0.0, 0.0, 0.0, 0.0, 0.0, 0.0, 0.0, 0.0, 0.0, 0.0, 0.0, 0.0, 0.0, 0.0, 0.0, 0.0, 0.0, 0.0, 0.0, 0.0, 0.0, 0.0, 0.0, 0.0, 0.0, 0.0, 0.0, 0.0, 0.0, 0.0, 0.0, 0.0, 0.0, 0.0, 0.0, 0.0, 0.0, 0.0, 0.0, 0.0, 0.0, 0.0, 0.0, 0.0, 0.0, 0.0, 0.0, 0.0, 0.0, 0.0, 0.0, 0.0, 0.0, 0.0, 0.0, 0.0, 0.0, 0.0, 0.0, 0.0, 0.0, 0.0, 0.0, 0.0, 0.0, 0.0, 0.0, 0.0, 0.0, 0.0, 0.0, 0.0, 0.0, 0.0, 0.0, 0.0, 0.0, 0.0, 0.0, 0.0, 0.0, 0.0, 0.0, 0.0, 0.0, 0.0, 0.0, 0.0, 0.0, 0.0, 0.0, 0.0, 0.0, 0.0, 0.0, 0.0, 0.0, 0.0, 0.0, 0.0, 0.0, 0.0, 0.0, 0.0, 0.0, 0.0, 0.0, 0.0, 0.0, 0.0, 0.0, 0.0, 0.0, 0.0, 0.0, 0.0, 0.0, 0.0, 0.0, 0.0, 0.0, 0.0, 0.0, 0.0, 0.0, 0.0, 0.0, 0.0, 0.0, 0.0, 0.0, 0.0, 0.0, 0.0, 0.0, 0.0, 0.0, 0.0, 0.0, 0.0, 0.0], "url": "http://www.homewyse.com/services/cost_to_install_exterior_trim.html", "selected": true}, {"url": "http://www.environmentallyfriendlyflooring.com/product/1513.html", "logits_end": [1.0713725714595057e-05, 7.209120667539537e-05, 0.0014363277005031705, 2.2274202819971833e-06, 4.85806276628864e-06, 5.1974075176985934e-06, 5.590916407527402e-05, 2.4223529180744663e-05, 0.0002605307090561837, 0.0030350692104548216, 1.7887638250613236e-06, 4.466754489840241e-06, 5.013546342524933e-06, 1.2824741133954376e-05, 8.504232027917169e-06, 0.00979791022837162, 0.15240612626075745, 0.04027577117085457, 0.20910996198654175, 0.00012674368917942047, 0.00010134148760698736, 8.491666085319594e-05, 0.00013214114005677402, 5.3678013500757515e-05, 0.00015094761329237372, 0.00010133650357602164, 0.00010541882511461154, 3.784295040532015e-05, 4.7536454076180235e-05, 3.0374681955436245e-05, 3.414163438719697e-05, 3.7774621887365356e-05, 0.0002236344153061509, 0.009768681600689888, 2.1383959392551333e-05, 2.959565244964324e-05, 5.238058656686917e-05, 0.00030209077522158623, 0.00798488687723875, 0.00015650839486625046, 2.8046426450600848e-05, 0.0005771051510237157, 0.004858424421399832, 0.0013360503362491727, 0.10005085170269012, 0.002582468558102846, 0.004862084053456783, 0.2340610921382904, 0.0019717062823474407, 0.0003796055098064244, 0.00047445172094739974, 0.002106928266584873, 0.00253900233656168, 0.04450051486492157, 0.0003819155099336058, 0.0003943280898965895, 0.0016457836609333754, 0.00031302019488066435, 0.00033412326592952013, 0.0005016439827159047, 0.00026531852199696004, 0.0007275157840922475, 0.0024822677951306105, 0.0035328115336596966, 0.1529800295829773, 0.0, 0.0, 0.0, 0.0, 0.0, 0.0, 0.0, 0.0, 0.0, 0.0, 0.0, 0.0, 0.0, 0.0, 0.0, 0.0, 0.0, 0.0, 0.0, 0.0, 0.0, 0.0, 0.0, 0.0, 0.0, 0.0, 0.0, 0.0, 0.0, 0.0, 0.0, 0.0, 0.0, 0.0, 0.0, 0.0, 0.0, 0.0, 0.0, 0.0, 0.0, 0.0, 0.0, 0.0, 0.0, 0.0, 0.0, 0.0, 0.0, 0.0, 0.0, 0.0, 0.0, 0.0, 0.0, 0.0, 0.0, 0.0, 0.0, 0.0, 0.0, 0.0, 0.0, 0.0, 0.0, 0.0, 0.0, 0.0, 0.0, 0.0, 0.0, 0.0, 0.0, 0.0, 0.0, 0.0, 0.0, 0.0, 0.0, 0.0, 0.0, 0.0, 0.0, 0.0, 0.0, 0.0, 0.0, 0.0, 0.0, 0.0, 0.0, 0.0, 0.0, 0.0, 0.0, 0.0, 0.0, 0.0, 0.0, 0.0, 0.0, 0.0, 0.0, 0.0, 0.0, 0.0, 0.0, 0.0, 0.0, 0.0, 0.0, 0.0, 0.0, 0.0, 0.0, 0.0, 0.0, 0.0, 0.0, 0.0, 0.0, 0.0, 0.0, 0.0, 0.0, 0.0, 0.0, 0.0, 0.0, 0.0, 0.0, 0.0, 0.0, 0.0, 0.0, 0.0, 0.0, 0.0, 0.0, 0.0, 0.0, 0.0, 0.0, 0.0, 0.0, 0.0, 0.0, 0.0, 0.0, 0.0, 0.0, 0.0, 0.0, 0.0, 0.0, 0.0, 0.0, 0.0, 0.0, 0.0, 0.0, 0.0, 0.0, 0.0, 0.0],