{"query_id": 6670, "passages": [{"tokens": ["valliyur", "or", "vallioor", "is", "a", "panchayat", "union", "in", "radhapuram", "taluk", "in", "tirunelveli", "district", "in", "the", "indian", "state", "of", "tamil", "nadu", ".", "valliyur", "is", "one", "of", "the", "fastest", "growing", "towns", "in", "tirunelveli", "district", ".", "this", "town", "is", "located", "along", "nh", "7.", "it", "gets", "its", "name", "from", "the", "goddess", "valli", ",", "consort", "of", "lord", "murugan", ".", "its", "in", "a", "place", "that", "connects", "two", "big", "towns", "as", "tirunelveli", "and", "nagercoil", "in", "nh", "7", "."], "selected": true, "logits_end": [0.0006705088308081031, 2.2542877559317276e-05, 0.0010765026090666652, 3.419617496547289e-05, 2.8483334972406738e-05, 0.000590705662034452, 0.010861228220164776, 0.0007302238373085856, 0.035978302359580994, 0.01023674663156271, 0.0013236694503575563, 0.07178638130426407, 0.03379810228943825, 0.003917880821973085, 0.0010829237289726734, 0.01216250192373991, 0.01578560285270214, 0.0003703920519910753, 0.011951866559684277, 0.1817867010831833, 0.4546830654144287, 0.0016475162701681256, 8.585323666920885e-05, 2.543270784371998e-05, 1.574848465679679e-05, 1.9100662029813975e-05, 0.00014198326971381903, 4.0817616536514834e-05, 0.00032478233333677053, 0.00016124817193485796, 0.00509434100240469, 0.055241674184799194, 0.04889802634716034, 2.1180021576583385e-05, 0.0003197180631104857, 3.8519396184710786e-05, 0.0007717788685113192, 0.0006091068498790264, 0.0052066221833229065, 0.0052907406352460384, 0.00046261464012786746, 7.223447755677626e-05, 5.682106711901724e-05, 5.790933937532827e-05, 5.0734295655274764e-05, 1.4676584214612376e-05, 1.9209224774385802e-05, 0.0005572194349952042, 4.1848830733215436e-05, 0.00013584636326413602, 2.0866316845058464e-05, 2.5619934604037553e-05, 0.0005453259800560772, 0.014811627566814423, 8.637921382614877e-06, 2.1812516934005544e-05, 8.972933756012935e-06, 3.444683170528151e-05, 4.445670583663741e-06, 3.233718962292187e-05, 3.890776952175656e-06, 1.1476043255242985e-05, 0.0001809988752938807, 5.73960551264463e-06, 0.0005458991508930922, 1.2563955351652112e-05, 0.00034377240808680654, 3.225916952942498e-05, 0.0010818857699632645, 0.001074985251761973, 0.006890592165291309, 0.0, 0.0, 0.0, 0.0, 0.0, 0.0, 0.0, 0.0, 0.0, 0.0, 0.0, 0.0, 0.0, 0.0, 0.0, 0.0, 0.0, 0.0, 0.0, 0.0, 0.0, 0.0, 0.0, 0.0, 0.0, 0.0, 0.0, 0.0, 0.0, 0.0, 0.0, 0.0, 0.0, 0.0, 0.0, 0.0, 0.0, 0.0, 0.0, 0.0, 0.0, 0.0, 0.0, 0.0, 0.0, 0.0, 0.0, 0.0, 0.0, 0.0, 0.0, 0.0, 0.0, 0.0, 0.0, 0.0, 0.0, 0.0, 0.0, 0.0, 0.0, 0.0, 0.0, 0.0, 0.0, 0.0, 0.0, 0.0, 0.0, 0.0, 0.0, 0.0, 0.0, 0.0, 0.0, 0.0, 0.0, 0.0, 0.0, 0.0, 0.0, 0.0, 0.0, 0.0, 0.0, 0.0, 0.0, 0.0, 0.0, 0.0, 0.0, 0.0, 0.0, 0.0, 0.0, 0.0, 0.0, 0.0, 0.0, 0.0, 0.0, 0.0, 0.0, 0.0, 0.0, 0.0, 0.0, 0.0, 0.0, 0.0, 0.0, 0.0, 0.0, 0.0, 0.0, 0.0, 0.0, 0.0, 0.0, 0.0, 0.0, 0.0], "logits_start": [0.074619822204113, 0.0052069248631596565, 0.006651564035564661, 0.0027572913095355034, 0.0027151131071150303, 0.0061357282102108, 0.017970480024814606, 0.019832739606499672, 0.12891463935375214, 0.020856697112321854, 0.0572868213057518, 0.2979961335659027, 0.00815958809107542, 0.03469586372375488, 0.015652557834982872, 0.07002677023410797, 0.004601947497576475, 0.0017232050886377692, 0.06445495784282684, 0.004437252879142761, 0.00016657693777233362, 0.03708219528198242, 0.0006488168146461248, 0.0004364211927168071, 0.0002807441633194685, 0.00037615757901221514, 0.001175207318738103, 0.0005646161735057831, 0.0023409933783113956, 0.0056780558079481125, 0.07627250999212265, 0.0031827017664909363, 5.528718247660436e-05, 0.0032992162741720676, 0.0004395287833176553, 0.0002617499849293381, 0.0024941153824329376, 0.002785596763715148, 0.0033048437908291817, 0.0005576203111559153, 8.23212685645558e-05, 0.000176164205186069, 0.00013026838132645935, 7.921464566607028e-05, 0.00021828844910487533, 0.0001324451732216403, 0.00021173075947444886, 0.0007168544107116759, 1.8376909793005325e-05, 5.335985770216212e-05, 1.5991034160833806e-05, 2.8935704904142767e-05, 6.6055275965482e-05, 1.2910647456010338e-05, 0.0016932969447225332, 0.00033498770790174603, 0.0002460159012116492, 0.00023691631213296205, 0.00011930147593375295, 0.000636753742583096, 0.0003566400264389813, 0.0008124648011289537, 0.0005951856728643179, 0.00012701380182988942, 0.002365412190556526, 7.803415064699948e-05, 0.0010693558724597096, 0.000303876877296716, 0.0029370784759521484, 4.1569579479983076e-05, 4.132977210247191e-06, 0.0, 0.0, 0.0, 0.0, 0.0, 0.0, 0.0, 0.0, 0.0, 0.0, 0.0, 0.0, 0.0, 0.0, 0.0, 0.0, 0.0, 0.0, 0.0, 0.0, 0.0, 0.0, 0.0, 0.0, 0.0, 0.0, 0.0, 0.0, 0.0, 0.0, 0.0, 0.0, 0.0, 0.0, 0.0, 0.0, 0.0, 0.0, 0.0, 0.0, 0.0, 0.0, 0.0, 0.0, 0.0, 0.0, 0.0, 0.0, 0.0, 0.0, 0.0, 0.0, 0.0, 0.0, 0.0, 0.0, 0.0, 0.0, 0.0, 0.0, 0.0, 0.0, 0.0, 0.0, 0.0, 0.0, 0.0, 0.0, 0.0, 0.0, 0.0, 0.0, 0.0, 0.0, 0.0, 0.0, 0.0, 0.0, 0.0, 0.0, 0.0, 0.0, 0.0, 0.0, 0.0, 0.0, 0.0, 0.0, 0.0, 0.0, 0.0, 0.0, 0.0, 0.0, 0.0, 0.0, 0.0, 0.0, 0.0, 0.0, 0.0, 0.0, 0.0, 0.0, 0.0, 0.0, 0.0, 0.0, 0.0, 0.0, 0.0, 0.0, 0.0, 0.0, 0.0, 0.0, 0.0, 0.0, 0.0, 0.0, 0.0, 0.0], "start_index": 11, "end_index": 20, "relevance": 0.576453937485301, "url": "http://wikimapia.org/1905411/Vallioor"}, {"tokens": ["saravanapoikai", "tank", ",", "valliyur", "subramaniyar", "sw훮mi", "kovil", ".", "this", "ancient", "murugan", "temple", "is", "located", "at", "valliyur", ",", "near", "nanguneri", ",", "not", "far", "from", "tirunelveli", "and", "kanyakumari", ".", "valliyoor", "is", "located", "on", "the", "kashi-kanyakumari", "highway", ",", "it", "is", "at", "30", "milestones", "from", "tirunelveli", "and", "60", "kms", "from", "tiruchendur", ".", "the", "valliyoor", "murugan", "temple", "is", "located", "in", "close", "proximity", "to", "the", "valliyoor", "railway", "station", "."], "url": "http://murugan.org/temples/valliyur.htm", "relevance": 0.30026554146337836,