{"query_id": 6670, "passages": [{"start_index": 11, "relevance": 0.49788805550802867, "logits_end": [0.000295576814096421, 2.647184555826243e-05, 0.0002514720836188644, 2.9883745810366236e-05, 2.7892194339074194e-05, 7.356748392339796e-05, 0.0018425955204293132, 0.0002094164228765294, 0.0014142937725409865, 0.0014842018717899919, 0.0004407133674249053, 0.020589100196957588, 0.018573777750134468, 0.0013031198177486658, 0.0011497820960357785, 0.01621641218662262, 0.008368169888854027, 0.0006231697043403983, 0.005503180902451277, 0.10544636100530624, 0.655527651309967, 0.00904026161879301, 0.00020359664631541818, 7.288673805305734e-05, 5.3913485317025334e-05, 4.826767326449044e-05, 6.92841422278434e-05, 7.747986819595098e-05, 0.00018350181926507503, 0.00010865489457501099, 0.008320613764226437, 0.04061190411448479, 0.07087355852127075, 3.5173161450074986e-05, 0.000165633435244672, 3.76480893464759e-05, 0.00028117967303842306, 0.0006586991949006915, 0.0061017428524792194, 0.002267139498144388, 0.0002976242976728827, 6.34817624813877e-05, 3.736947110155597e-05, 3.96176656067837e-05, 3.930197635781951e-05, 2.1520902009797283e-05, 3.673079118016176e-05, 0.0005644744960591197, 4.256890315446071e-05, 4.913032898912206e-05, 1.3275041965243872e-05, 1.8757462385110557e-05, 0.0004323776229284704, 0.010540030896663666, 4.241788701619953e-06, 6.1286154959816486e-06, 4.3963118514511734e-06, 7.655219633306842e-06, 3.172702008669148e-06, 2.71934532065643e-05, 4.523148618318373e-06, 6.4095170273503754e-06, 8.149416680680588e-05, 6.512781055789674e-06, 0.00019351310038473457, 1.1029540473828092e-05, 9.17058132472448e-05, 1.2381938176986296e-05, 0.0007911358843557537, 0.0014054587809368968, 0.006538748741149902, 0.0, 0.0, 0.0, 0.0, 0.0, 0.0, 0.0, 0.0, 0.0, 0.0, 0.0, 0.0, 0.0, 0.0, 0.0, 0.0, 0.0, 0.0, 0.0, 0.0, 0.0, 0.0, 0.0, 0.0, 0.0, 0.0, 0.0, 0.0, 0.0, 0.0, 0.0, 0.0, 0.0, 0.0, 0.0, 0.0, 0.0, 0.0, 0.0, 0.0, 0.0, 0.0, 0.0, 0.0, 0.0, 0.0, 0.0, 0.0, 0.0, 0.0, 0.0, 0.0, 0.0, 0.0, 0.0, 0.0, 0.0, 0.0, 0.0, 0.0, 0.0, 0.0, 0.0, 0.0, 0.0, 0.0, 0.0, 0.0, 0.0, 0.0, 0.0, 0.0, 0.0, 0.0, 0.0, 0.0, 0.0, 0.0, 0.0, 0.0, 0.0, 0.0, 0.0, 0.0, 0.0, 0.0, 0.0, 0.0, 0.0, 0.0, 0.0, 0.0, 0.0, 0.0, 0.0, 0.0, 0.0, 0.0, 0.0, 0.0, 0.0, 0.0, 0.0, 0.0, 0.0, 0.0, 0.0, 0.0, 0.0, 0.0, 0.0, 0.0, 0.0, 0.0, 0.0, 0.0, 0.0, 0.0, 0.0, 0.0, 0.0, 0.0], "tokens": ["valliyur", "or", "vallioor", "is", "a", "panchayat", "union", "in", "radhapuram", "taluk", "in", "tirunelveli", "district", "in", "the", "indian", "state", "of", "tamil", "nadu", ".", "valliyur", "is", "one", "of", "the", "fastest", "growing", "towns", "in", "tirunelveli", "district", ".", "this", "town", "is", "located", "along", "nh", "7.", "it", "gets", "its", "name", "from", "the", "goddess", "valli", ",", "consort", "of", "lord", "murugan", ".", "its", "in", "a", "place", "that", "connects", "two", "big", "towns", "as", "tirunelveli", "and", "nagercoil", "in", "nh", "7", "."], "end_index": 20, "url": "http://wikimapia.org/1905411/Vallioor", "logits_start": [0.10563502460718155, 0.010640221647918224, 0.017704300582408905, 0.005685395561158657, 0.008825871162116528, 0.015169290825724602, 0.04024292156100273, 0.032892826944589615, 0.07720272988080978, 0.040244027972221375, 0.06767162680625916, 0.22237342596054077, 0.016495704650878906, 0.03569755703210831, 0.03780563175678253, 0.04523753747344017, 0.0051111141219735146, 0.0044068763963878155, 0.05298859626054764, 0.004040373954921961, 0.00014125123561825603, 0.014280389994382858, 0.0006424345192499459, 0.001151985372416675, 0.0014339169720187783, 0.0015168917598202825, 0.002187675330787897, 0.002112393965944648, 0.003777309786528349, 0.004653248470276594, 0.06251707673072815, 0.0028667745646089315, 0.00014169431233312935, 0.013451969251036644, 0.002987851621583104, 0.0011406433768570423, 0.01081237941980362, 0.007491373457014561, 0.0026299250312149525, 0.0002670073008630425, 6.442661833716556e-05, 0.00018896583060268313, 0.00015708171122241765, 7.669442129554227e-05, 0.00023369274276774377, 0.00022723092115484178, 0.00033163794432766736, 0.0005200033774599433, 1.6460018741781823e-05, 9.247859270544723e-05, 8.083945431280881e-05, 0.00011664874909911305, 0.00017194790416397154, 1.8532213289290667e-05, 0.0012261579977348447, 0.00026091415202245116, 0.0002732836874201894, 0.0002596271806396544, 0.0003249895526096225, 0.001029705861583352, 0.00034009668161161244, 0.0006215674220584333, 0.0013489365810528398, 0.00018467966583557427, 0.0025276204105466604, 8.165075996657833e-05, 0.0015580920735374093, 0.00047349146916531026, 0.004849027842283249, 6.0942482377868146e-05, 7.2606626417837106e-06, 0.0, 0.0, 0.0, 0.0, 0.0, 0.0, 0.0, 0.0, 0.0, 0.0, 0.0, 0.0, 0.0, 0.0, 0.0, 0.0, 0.0, 0.0, 0.0, 0.0, 0.0, 0.0, 0.0, 0.0, 0.0, 0.0, 0.0, 0.0, 0.0, 0.0, 0.0, 0.0, 0.0, 0.0, 0.0, 0.0, 0.0, 0.0, 0.0, 0.0, 0.0, 0.0, 0.0, 0.0, 0.0, 0.0, 0.0, 0.0, 0.0, 0.0, 0.0, 0.0, 0.0, 0.0, 0.0, 0.0, 0.0, 0.0, 0.0, 0.0, 0.0, 0.0, 0.0, 0.0, 0.0, 0.0, 0.0, 0.0, 0.0, 0.0, 0.0, 0.0, 0.0, 0.0, 0.0, 0.0, 0.0, 0.0, 0.0, 0.0, 0.0, 0.0, 0.0, 0.0, 0.0, 0.0, 0.0, 0.0, 0.0, 0.0, 0.0, 0.0, 0.0, 0.0, 0.0, 0.0, 0.0, 0.0, 0.0, 0.0, 0.0, 0.0, 0.0, 0.0, 0.0, 0.0, 0.0, 0.0, 0.0, 0.0, 0.0, 0.0, 0.0, 0.0, 0.0, 0.0, 0.0, 0.0, 0.0, 0.0, 0.0, 0.0], "selected": true}, {"logits_end": [0.0003212096053175628, 0.00038941382081247866, 1.9554550817701966e-05, 0.00016623349802102894, 0.0002634460979606956, 0.0002699449541978538, 0.0006953577976673841, 0.0034570996649563313, 5.08864150106092e-06, 1.8016729882219806e-05, 4.690584319178015e-05, 9.050171502167359e-05, 4.5043994759907946e-05, 0.00035271295928396285, 0.0008002824033610523, 0.012066527269780636, 0.0004405478248372674, 0.0019212146289646626, 0.03625510260462761, 0.001153375837020576, 0.0003112124395556748, 0.0003565815859474242, 0.00026638354756869376, 0.009001942351460457, 0.00036735431058332324, 0.047709546983242035, 0.39774322509765625, 0.003237943397834897, 0.00013099645730108023, 0.0003198757185600698, 0.0005391032318584621, 0.0002303459623362869, 0.00274504441767931, 0.01828080415725708, 0.0015824873698875308, 0.0005087872850708663, 0.000128645304357633, 0.000250742508796975, 0.0002982323057949543, 0.00020274592679925263, 0.00012475380208343267, 0.004315772093832493, 0.00022738365805707872, 0.0001655198138905689, 0.0005712048150599003, 0.00022689539764542133, 0.022868478670716286, 0.24368873238563538, 6.501855386886746e-05, 0.00026877023628912866, 7.737427222309634e-05, 4.8329024139093235e-05, 2.2227586669032462e-05, 6.289098382694647e-05, 9.349118045065552e-05, 0.0003159845946356654, 0.001349000260233879, 8.029699529288337e-05, 6.614437006646767e-05, 0.0006758194649592042, 0.0021451623179018497, 0.012196852825582027, 0.16735437512397766, 0.0, 0.0, 0.0, 0.0, 0.0, 0.0, 0.0, 0.0, 0.0, 0.0, 0.0, 0.0, 0.0, 0.0, 0.0, 0.0, 0.0, 0.0, 0.0, 0.0, 0.0, 0.0, 0.0, 0.0, 0.0, 0.0, 0.0, 0.0, 0.0, 0.0, 0.0, 0.0, 0.0, 0.0, 0.0, 0.0, 0.0, 0.0, 0.0, 0.0, 0.0, 0.0, 0.0, 0.0, 0.0, 0.0, 0.0, 0.0, 0.0, 0.0, 0.0, 0.0, 0.0, 0.0, 0.0, 0.0, 0.0, 0.0, 0.0, 0.0, 0.0, 0.0, 0.0, 0.0, 0.0, 0.0, 0.0, 0.0, 0.0, 0.0, 0.0, 0.0, 0.0, 0.0, 0.0, 0.0, 0.0, 0.0, 0.0, 0.0, 0.0, 0.0, 0.0, 0.0, 0.0, 0.0, 0.0, 0.0, 0.0, 0.0, 0.0, 0.0, 0.0, 0.0, 0.0, 0.0, 0.0, 0.0, 0.0, 0.0, 0.0, 0.0, 0.0, 0.0, 0.0, 0.0, 0.0, 0.0, 0.0, 0.0, 0.0, 0.0, 0.0, 0.0, 0.0, 0.0, 0.0, 0.0, 0.0, 0.0, 0.0, 0.0, 0.0, 0.0, 0.0, 0.0, 0.0, 0.0, 0.0, 0.0], "tokens": ["saravanapoikai", "tank", ",", "valliyur", "subramaniyar", "sw훮mi", "kovil", ".", "this", "ancient", "murugan", "temple", "is", "located", "at", "valliyur", ",", "near", "nanguneri", ",", "not", "far", "from", "tirunelveli", "and", "kanyakumari", ".", "valliyoor", "is", "located", "on", "the", "kashi-kanyakumari", "highway", ",", "it", "is", "at", "30", "milestones", "from", "tirunelveli", "and", "60", "kms", "from", "tiruchendur", ".", "the", "valliyoor", "murugan", "temple", "is", "located", "in", "close", "proximity", "to", "the", "valliyoor", "railway", "station", "."], "relevance": 0.42742012888290204,