{"passages": [{"tokens": ["valliyur", "or", "vallioor", "is", "a", "panchayat", "union", "in", "radhapuram", "taluk", "in", "tirunelveli", "district", "in", "the", "indian", "state", "of", "tamil", "nadu", ".", "valliyur", "is", "one", "of", "the", "fastest", "growing", "towns", "in", "tirunelveli", "district", ".", "this", "town", "is", "located", "along", "nh", "7.", "it", "gets", "its", "name", "from", "the", "goddess", "valli", ",", "consort", "of", "lord", "murugan", ".", "its", "in", "a", "place", "that", "connects", "two", "big", "towns", "as", "tirunelveli", "and", "nagercoil", "in", "nh", "7", "."], "end_index": 20, "selected": true, "logits_start": [0.037183310836553574, 0.002803190378472209, 0.009299544617533684, 0.004523498471826315, 0.00614642770960927, 0.010644217021763325, 0.02341921441257, 0.04683166369795799, 0.19558881223201752, 0.01903771236538887, 0.052599236369132996, 0.30771687626838684, 0.006607536226511002, 0.011253762990236282, 0.006868935655802488, 0.04034208878874779, 0.0031246510334312916, 0.003160925582051277, 0.03224165365099907, 0.004197299480438232, 5.4898744565434754e-05, 0.008629688061773777, 0.00036048985202796757, 0.0004069196293130517, 0.0005300287739373744, 0.0007189740426838398, 0.000999283860437572, 0.001543152960948646, 0.003670600475743413, 0.012657727114856243, 0.12318183481693268, 0.0038949984591454268, 3.684079274535179e-05, 0.0033456229139119387, 0.0007650449988432229, 0.00047943968093022704, 0.0028288885951042175, 0.0024098006542772055, 0.003955226857215166, 0.00029721372993662953, 4.333498145570047e-05, 4.84666416014079e-05, 4.061335857841186e-05, 3.891111191478558e-05, 0.00010415765427751467, 9.523086919216439e-05, 0.00022767878544982523, 0.0004936135374009609, 6.398923687811475e-06, 3.8810270780231804e-05, 9.444504939892795e-06, 2.36694158957107e-05, 5.439375672722235e-05, 3.3923292903637048e-06, 0.00030608908855356276, 1.7559146726853214e-05, 1.962856731552165e-05, 2.099111043207813e-05, 2.073935502266977e-05, 0.0001435661833966151, 4.308451752876863e-05, 0.00011272216943325475, 0.0002756504691205919, 4.616663863998838e-05, 0.0010811875108629465, 2.8969525374122895e-05, 0.00078615389065817, 0.00018010049825534225, 0.0013156719505786896, 1.2186585991003085e-05, 4.118921424378641e-06, 0.0, 0.0, 0.0, 0.0, 0.0, 0.0, 0.0, 0.0, 0.0, 0.0, 0.0, 0.0, 0.0, 0.0, 0.0, 0.0, 0.0, 0.0, 0.0, 0.0, 0.0, 0.0, 0.0, 0.0, 0.0, 0.0, 0.0, 0.0, 0.0, 0.0, 0.0, 0.0, 0.0, 0.0, 0.0, 0.0, 0.0, 0.0, 0.0, 0.0, 0.0, 0.0, 0.0, 0.0, 0.0, 0.0, 0.0, 0.0, 0.0, 0.0, 0.0, 0.0, 0.0, 0.0, 0.0, 0.0, 0.0, 0.0, 0.0, 0.0, 0.0, 0.0, 0.0, 0.0, 0.0, 0.0, 0.0, 0.0, 0.0, 0.0, 0.0, 0.0, 0.0, 0.0, 0.0, 0.0, 0.0, 0.0, 0.0, 0.0, 0.0, 0.0, 0.0, 0.0, 0.0, 0.0, 0.0, 0.0, 0.0, 0.0, 0.0, 0.0, 0.0, 0.0, 0.0, 0.0, 0.0, 0.0, 0.0, 0.0, 0.0, 0.0, 0.0, 0.0, 0.0, 0.0, 0.0, 0.0, 0.0, 0.0, 0.0, 0.0, 0.0, 0.0, 0.0, 0.0, 0.0, 0.0, 0.0, 0.0, 0.0, 0.0], "logits_end": [0.00048126475303433836, 3.505055792629719e-05, 0.0006144947838038206, 6.240457878448069e-05, 3.899086732417345e-05, 9.833565854933113e-05, 0.001011527027003467, 0.00019377887656446546, 0.007834397256374359, 0.002598937600851059, 0.0003496165736578405, 0.02735981158912182, 0.01324447337538004, 0.0012338856467977166, 0.00034855923149734735, 0.01130534615367651, 0.002697860822081566, 0.0002594554389361292, 0.003858147421851754, 0.14257223904132843, 0.5614417791366577, 0.004971039481461048, 0.00019870023243129253, 6.926185596967116e-05, 4.220475966576487e-05, 3.5318153095431626e-05, 4.888885450782254e-05, 5.430647433968261e-05, 0.00010242477583233267, 5.575147224590182e-05, 0.006555870641022921, 0.05989311635494232, 0.1345776617527008, 7.015578739810735e-05, 0.0003008491767104715, 6.304703856585547e-05, 0.00026195848477073014, 0.00017529676551930606, 0.0021757183130830526, 0.0032960635144263506, 0.00032547282171435654, 5.716083978768438e-05, 4.410169640323147e-05, 6.61681333440356e-05, 2.0487319488893263e-05, 7.1557196861249395e-06, 6.247832516237395e-06, 0.0002588521456345916, 4.485660610953346e-05, 3.9859551179688424e-05, 7.79921447247034e-06, 1.0878523426072206e-05, 0.0002744149533100426, 0.006135101895779371, 4.368983809399651e-06, 7.501504569518147e-06, 3.802342462222441e-06, 7.85789598012343e-06, 3.448870756983524e-06, 1.1403302778489888e-05, 1.5765087937325006e-06, 1.3227210047261906e-06, 8.619485015515238e-06, 1.0774319889605977e-06, 3.4492510167183354e-05, 3.6948583783669164e-06, 1.9274231817689724e-05, 2.0677296106441645e-06, 0.0001006471793516539, 0.00031031211256049573, 0.0015919777797535062, 0.0, 0.0, 0.0, 0.0, 0.0, 0.0, 0.0, 0.0, 0.0, 0.0, 0.0, 0.0, 0.0, 0.0, 0.0, 0.0, 0.0, 0.0, 0.0, 0.0, 0.0, 0.0, 0.0, 0.0, 0.0, 0.0, 0.0, 0.0, 0.0, 0.0, 0.0, 0.0, 0.0, 0.0, 0.0, 0.0, 0.0, 0.0, 0.0, 0.0, 0.0, 0.0, 0.0, 0.0, 0.0, 0.0, 0.0, 0.0, 0.0, 0.0, 0.0, 0.0, 0.0, 0.0, 0.0, 0.0, 0.0, 0.0, 0.0, 0.0, 0.0, 0.0, 0.0, 0.0, 0.0, 0.0, 0.0, 0.0, 0.0, 0.0, 0.0, 0.0, 0.0, 0.0, 0.0, 0.0, 0.0, 0.0, 0.0, 0.0, 0.0, 0.0, 0.0, 0.0, 0.0, 0.0, 0.0, 0.0, 0.0, 0.0, 0.0, 0.0, 0.0, 0.0, 0.0, 0.0, 0.0, 0.0, 0.0, 0.0, 0.0, 0.0, 0.0, 0.0, 0.0, 0.0, 0.0, 0.0, 0.0, 0.0, 0.0, 0.0, 0.0, 0.0, 0.0, 0.0, 0.0, 0.0, 0.0, 0.0, 0.0, 0.0], "start_index": 11, "relevance": 0.49788805550802867, "url": "http://wikimapia.org/1905411/Vallioor"}, {"tokens": ["saravanapoikai", "tank", ",", "valliyur", "subramaniyar", "sw훮mi", "kovil", ".", "this", "ancient", "murugan", "temple", "is", "located", "at", "valliyur", ",", "near", "nanguneri", ",", "not", "far", "from", "tirunelveli", "and", "kanyakumari", ".", "valliyoor", "is", "located", "on", "the", "kashi-kanyakumari", "highway", ",", "it", "is", "at", "30", "milestones", "from", "tirunelveli", "and", "60", "kms", "from", "tiruchendur", ".", "the", "valliyoor", "murugan", "temple", "is", "located", "in", "close", "proximity", "to", "the", "valliyoor", "railway", "station", "."], "logits_start": [0.002653962466865778, 0.00036268221447244287, 2.8024946004734375e-05, 0.00011559690756257623, 0.0001093177852453664, 0.00012896282714791596, 0.0004369974776636809, 0.0004227861063554883, 0.05574580281972885, 0.00957667175680399, 0.012145495042204857, 0.016311395913362503, 0.012241430580615997, 0.05237521603703499, 0.07784207165241241, 0.34201911091804504, 0.004084132611751556, 0.039046164602041245, 0.0386631153523922, 0.0007197402301244438, 0.0024589470122009516, 0.005508911330252886, 0.015478030778467655, 0.08573420345783234, 0.0011705041397362947, 0.016352716833353043, 7.764592010062188e-05, 0.01391362864524126, 0.0011158318957313895, 0.005070613231509924, 0.004869827535003424, 0.0044905259273946285, 0.014021852985024452, 0.008362296968698502, 0.00010665487207006663, 0.0005602629971690476, 0.0005631492822431028, 0.0020741221960633993, 0.0014502620324492455, 0.002376314252614975, 0.00349976122379303, 0.017463337630033493, 0.0002684427017811686, 0.0013697062386199832, 0.003503178944811225, 0.0008386759436689317, 0.006261330097913742, 3.454228863120079e-05, 0.006552159320563078, 0.001801560283638537, 0.0011226224014535546, 0.0018058100249618292, 0.0011704477947205305, 0.005375370848923922, 0.014153920114040375, 0.04249679297208786, 0.012972391210496426, 0.0013527851551771164, 0.002419233089312911, 0.0205828994512558, 0.002449159510433674, 0.0017160364659503102, 4.786886620422592e-06, 0.0, 0.0, 0.0, 0.0, 0.0, 0.0, 0.0, 0.0, 0.0, 0.0, 0.0, 0.0, 0.0, 0.0, 0.0, 0.0, 0.0, 0.0, 0.0, 0.0, 0.0, 0.0, 0.0, 0.0, 0.0, 0.0, 0.0, 0.0, 0.0, 0.0, 0.0, 0.0, 0.0, 0.0, 0.0, 0.0, 0.0, 0.0, 0.0, 0.0, 0.0, 0.0, 0.0, 0.0, 0.0, 0.0, 0.0, 0.0, 0.0, 0.0, 0.0, 0.0, 0.0, 0.0, 0.0, 0.0, 0.0, 0.0, 0.0, 0.0, 0.0, 0.0, 0.0, 0.0, 0.0, 0.0, 0.0, 0.0, 0.0, 0.0, 0.0, 0.0, 0.0, 0.0, 0.0, 0.0, 0.0, 0.0, 0.0, 0.0, 0.0, 0.0, 0.0, 0.0, 0.0, 0.0, 0.0, 0.0, 0.0, 0.0, 0.0, 0.0, 0.0, 0.0, 0.0, 0.0, 0.0, 0.0, 0.0, 0.0, 0.0, 0.0, 0.0, 0.0, 0.0, 0.0, 0.0, 0.0, 0.0, 0.0, 0.0, 0.0, 0.0, 0.0, 0.0, 0.0, 0.0, 0.0, 0.0, 0.0, 0.0, 0.0, 0.0, 0.0, 0.0, 0.0, 0.0, 0.0, 0.0, 0.0], "relevance": 0.42742012888290204, "url": "http://murugan.org/temples/valliyur.htm",