{"query_id": 6693, "passages": [{"logits_end": [0.008684572763741016, 0.013108341954648495, 0.04974263906478882, 0.005441342014819384, 0.008969442918896675, 0.04773890599608421, 0.005723831243813038, 0.004899815656244755, 0.0004875933809671551, 0.0005333153530955315, 0.0006302563124336302, 0.003994360100477934, 0.034856975078582764, 0.0032340455800294876, 0.004116348922252655, 0.0013385266065597534, 0.0037384172901511192, 0.05639507248997688, 0.05836806446313858, 0.0056264218874275684, 0.0008555555832572281, 0.0019240723922848701, 0.001083184964954853, 0.002978969132527709, 0.0019004596397280693, 0.1006430983543396, 0.09920072555541992, 0.18542540073394775, 0.00040592424920760095, 0.0037161533255130053, 0.0004614641366060823, 0.000306400703266263, 0.0004131833848077804, 0.0032581861596554518, 0.003038640832528472, 0.0060148281045258045, 0.05484912171959877, 0.0001944769755937159, 0.001266776118427515, 0.003087647957727313, 0.0020880578085780144, 0.00019887633970938623, 0.00021116538846399635, 0.000223840688704513, 0.0006685249391011894, 0.0002105681342072785, 0.015300506725907326, 0.000960516685154289, 0.00017816384206525981, 0.0011016475036740303, 0.0002378733770456165, 0.0002883323177229613, 0.03971981629729271, 0.04974401369690895, 0.00010353644756833091, 0.00010964325338136405, 0.00021813139028381556, 0.0007295127725228667, 0.0002463925920892507, 0.003354100976139307, 0.00023262033937498927, 0.00023784364748280495, 0.0008511978085152805, 0.0003367768076714128, 0.0001791194372344762, 0.008955777622759342, 0.011871633119881153, 0.07278911769390106, 0.0, 0.0, 0.0, 0.0, 0.0, 0.0, 0.0, 0.0, 0.0, 0.0, 0.0, 0.0, 0.0, 0.0, 0.0, 0.0, 0.0, 0.0, 0.0, 0.0, 0.0, 0.0, 0.0, 0.0, 0.0, 0.0, 0.0, 0.0, 0.0, 0.0, 0.0, 0.0, 0.0, 0.0, 0.0, 0.0, 0.0, 0.0, 0.0, 0.0, 0.0, 0.0, 0.0, 0.0, 0.0, 0.0, 0.0, 0.0, 0.0, 0.0, 0.0, 0.0, 0.0, 0.0, 0.0, 0.0, 0.0, 0.0, 0.0, 0.0, 0.0, 0.0, 0.0, 0.0, 0.0, 0.0, 0.0, 0.0, 0.0, 0.0, 0.0, 0.0, 0.0, 0.0, 0.0, 0.0, 0.0, 0.0, 0.0, 0.0, 0.0, 0.0, 0.0, 0.0, 0.0, 0.0, 0.0, 0.0, 0.0, 0.0, 0.0, 0.0, 0.0, 0.0, 0.0, 0.0, 0.0, 0.0, 0.0, 0.0, 0.0, 0.0, 0.0, 0.0, 0.0, 0.0, 0.0, 0.0, 0.0, 0.0, 0.0, 0.0, 0.0, 0.0, 0.0, 0.0, 0.0, 0.0, 0.0, 0.0, 0.0, 0.0, 0.0, 0.0, 0.0], "tokens": ["african", "masks-biombo", ".", "biombo", "mask", ".", "biombo", "masks", "are", "usually", "carved", "from", "wood", "and", "colored", "with", "red", "tukula", "powder", ",", "a", "dye", "made", "from", "the", "camwood", "tree", ".", "the", "eyes", "are", "a", "typical", "coffee", "bean", "shape", ".", "a", "triangular", "checkerboard", "design", "is", "used", "to", "decorate", "the", "eyebrows", "and", "the", "planes", "of", "the", "face", ".", "the", "three", "forms", "at", "the", "back", "of", "the", "head", "represent", "the", "biombo", "hairstyle", "."], "relevance": 0.4755186451921992, "logits_start": [0.047348082065582275, 0.009923906996846199, 0.002680964069440961, 0.051870863884687424, 0.012952538207173347, 0.003412010380998254, 0.15126661956310272, 0.016600780189037323, 0.006708490662276745, 0.006456502713263035, 0.013910301961004734, 0.05514957010746002, 0.07444333285093307, 0.004665113985538483, 0.018440255895256996, 0.008300493471324444, 0.02554715797305107, 0.03218500688672066, 0.008134063333272934, 0.0008985639433376491, 0.007235297933220863, 0.00725312577560544, 0.0034861923195421696, 0.02316160313785076, 0.026011336594820023, 0.12343627214431763, 0.007680369541049004, 0.0008923981222324073, 0.031233912333846092, 0.0043233963660895824, 0.0011680865427479148, 0.002518119988963008, 0.0018633493455126882, 0.006716868840157986, 0.001632037339732051, 0.003878531511873007, 0.0007032770081423223, 0.022599201649427414, 0.0037372384686022997, 0.004170241765677929, 0.001073362771421671, 0.001676832907833159, 0.0019458438036963344, 0.003153374418616295, 0.005614499095827341, 0.005326766520738602, 0.027476055547595024, 0.00046752384514547884, 0.0036660421174019575, 0.004778166301548481, 0.0022515994496643543, 0.004342215601354837, 0.024764416739344597, 0.00045818829676136374, 0.018542956560850143, 0.0026097744703292847, 0.0021790119353681803, 0.005441245157271624, 0.005888455081731081, 0.010199431329965591, 0.002373527269810438, 0.004480505827814341, 0.004873623605817556, 0.002418088959529996, 0.003457294777035713, 0.01482828613370657, 0.0008897747611626983, 0.00022765679750591516, 0.0, 0.0, 0.0, 0.0, 0.0, 0.0, 0.0, 0.0, 0.0, 0.0, 0.0, 0.0, 0.0, 0.0, 0.0, 0.0, 0.0, 0.0, 0.0, 0.0, 0.0, 0.0, 0.0, 0.0, 0.0, 0.0, 0.0, 0.0, 0.0, 0.0, 0.0, 0.0, 0.0, 0.0, 0.0, 0.0, 0.0, 0.0, 0.0, 0.0, 0.0, 0.0, 0.0, 0.0, 0.0, 0.0, 0.0, 0.0, 0.0, 0.0, 0.0, 0.0, 0.0, 0.0, 0.0, 0.0, 0.0, 0.0, 0.0, 0.0, 0.0, 0.0, 0.0, 0.0, 0.0, 0.0, 0.0, 0.0, 0.0, 0.0, 0.0, 0.0, 0.0, 0.0, 0.0, 0.0, 0.0, 0.0, 0.0, 0.0, 0.0, 0.0, 0.0, 0.0, 0.0, 0.0, 0.0, 0.0, 0.0, 0.0, 0.0, 0.0, 0.0, 0.0, 0.0, 0.0, 0.0, 0.0, 0.0, 0.0, 0.0, 0.0, 0.0, 0.0, 0.0, 0.0, 0.0, 0.0, 0.0, 0.0, 0.0, 0.0, 0.0, 0.0, 0.0, 0.0, 0.0, 0.0, 0.0, 0.0, 0.0, 0.0, 0.0, 0.0, 0.0], "url": "http://www.artyfactory.com/africanmasks/masks/biombo.htm"}, {"start_index": 12, "relevance": 0.41256810387995274,