{"query_id": 6940, "passages": [{"logits_start": [0.03012385405600071, 0.019688565284013748, 0.015446999110281467, 0.1346285343170166, 0.008308595977723598, 0.020494617521762848, 0.009950835257768631, 0.04901392385363579, 0.009851097129285336, 0.02521533891558647, 0.0077522629871964455, 0.003207449335604906, 0.03100470080971718, 0.005301347468048334, 0.010848992504179478, 0.006185895763337612, 0.006854589097201824, 0.007923737168312073, 0.005884493701159954, 0.009711979888379574, 0.009287344291806221, 0.012132016010582447, 0.05265970155596733, 0.007777267601341009, 0.019414594396948814, 0.001992297125980258, 0.03629175201058388, 0.006179279647767544, 0.0074186772108078, 0.04597557336091995, 0.004241666756570339, 0.010994629934430122, 0.005313309840857983, 0.0172394048422575, 0.004457368049770594, 0.011937343515455723, 0.004168135114014149, 0.0016353358514606953, 0.017309853807091713, 0.002381063299253583, 0.005555983167141676, 0.0031411228701472282, 0.0034587455447763205, 0.00407401192933321, 0.0032034118194133043, 0.00521652540192008, 0.005081776063889265, 0.0069166263565421104, 0.02805480733513832, 0.004421216435730457, 0.010786415077745914, 0.0011575936805456877, 0.026301439851522446, 0.003689647652208805, 0.004514453466981649, 0.023089561611413956, 0.0025515120942145586, 0.006270288024097681, 0.0033415399957448244, 0.014564646407961845, 0.005136583931744099, 0.004866072908043861, 0.0027832428459078074, 0.0009886580519378185, 0.011144101619720459, 0.0027018955443054438, 0.003050700994208455, 0.002338120248168707, 0.002377720782533288, 0.0028036192525178194, 0.0021921948064118624, 0.003481463762000203, 0.0034527357202023268, 0.004522643983364105, 0.014664651826024055, 0.0036672838032245636, 0.002939414931461215, 0.002241448499262333, 0.0025173595640808344, 0.004109440371394157, 0.021341441199183464, 0.0029260290320962667, 0.01316196471452713, 0.0006822485593147576, 0.008974631316959858, 0.0014691364485770464, 0.0013187136501073837, 0.0020573907531797886, 0.0011467277072370052, 0.001232455368153751, 0.0015724177937954664, 0.0005417533684521914, 0.0, 0.0, 0.0, 0.0, 0.0, 0.0, 0.0, 0.0, 0.0, 0.0, 0.0, 0.0, 0.0, 0.0, 0.0, 0.0, 0.0, 0.0, 0.0, 0.0, 0.0, 0.0, 0.0, 0.0, 0.0, 0.0, 0.0, 0.0, 0.0, 0.0, 0.0, 0.0, 0.0, 0.0, 0.0, 0.0, 0.0, 0.0, 0.0, 0.0, 0.0, 0.0, 0.0, 0.0, 0.0, 0.0, 0.0, 0.0, 0.0, 0.0, 0.0, 0.0, 0.0, 0.0, 0.0, 0.0, 0.0, 0.0, 0.0, 0.0, 0.0, 0.0, 0.0, 0.0, 0.0, 0.0, 0.0, 0.0, 0.0, 0.0, 0.0, 0.0, 0.0, 0.0, 0.0, 0.0, 0.0, 0.0, 0.0, 0.0, 0.0, 0.0, 0.0, 0.0, 0.0, 0.0, 0.0, 0.0, 0.0, 0.0, 0.0, 0.0, 0.0, 0.0, 0.0, 0.0, 0.0, 0.0, 0.0, 0.0, 0.0, 0.0, 0.0, 0.0, 0.0, 0.0, 0.0, 0.0, 0.0, 0.0, 0.0, 0.0, 0.0, 0.0, 0.0, 0.0, 0.0, 0.0, 0.0, 0.0, 0.0, 0.0, 0.0, 0.0, 0.0, 0.0, 0.0, 0.0, 0.0, 0.0, 0.0, 0.0, 0.0, 0.0, 0.0, 0.0, 0.0, 0.0, 0.0, 0.0, 0.0, 0.0, 0.0, 0.0, 0.0, 0.0, 0.0, 0.0], "logits_end": [0.005055998917669058, 0.007216938771307468, 0.00937802717089653, 0.011272814124822617, 0.006044605281203985, 0.008827135898172855, 0.00863638985902071, 0.018809456378221512, 0.01332180481404066, 0.020414531230926514, 0.01526207011193037, 0.07438138872385025, 0.0032351461704820395, 0.0029584639705717564, 0.003933645319193602, 0.004317939281463623, 0.0035193043295294046, 0.004424107726663351, 0.0072425371035933495, 0.009739774279296398, 0.012570966966450214, 0.017433686181902885, 0.02607259899377823, 0.012062388472259045, 0.03180859610438347, 0.11412704735994339, 0.008698615245521069, 0.006959736812859774, 0.011081707663834095, 0.0069690183736383915, 0.0036164524499326944, 0.00512243527919054, 0.004800028167665005, 0.007494054734706879, 0.006143422331660986, 0.010039282031357288, 0.008877040818333626, 0.07536140084266663, 0.0017747360980138183, 0.0016737970290705562, 0.0017580380663275719, 0.0019499610643833876, 0.001632077619433403, 0.0020892394240945578, 0.003360471222549677, 0.004496866371482611, 0.006672925315797329, 0.009981258772313595, 0.013155398890376091, 0.005980214569717646, 0.01669745147228241, 0.07569979876279831, 0.005016021430492401, 0.004039153456687927, 0.006394953932613134, 0.003376204986125231, 0.001793946255929768, 0.0023842297960072756, 0.002276612911373377, 0.004335743375122547, 0.0034028138034045696, 0.004350881092250347, 0.005219060927629471, 0.048015255481004715, 0.000828332791570574, 0.0007679201080463827, 0.0008395481272600591, 0.0010114094475284219, 0.0008285592193715274, 0.0010252828942611814, 0.0015664978418499231, 0.001965516246855259, 0.0028697452507913113, 0.004484717734158039, 0.0018679029308259487, 0.0015901692677289248, 0.0016552949091419578, 0.0015637961914762855, 0.002422031946480274, 0.004770377185195684, 0.006978500634431839, 0.004097290802747011, 0.013144688680768013, 0.029947351664304733, 0.0006616621394641697, 0.0004392677219584584, 0.0004255592357367277, 0.000825948198325932, 0.0006939462618902326, 0.0011179519351571798, 0.0027473231311887503, 0.06410587579011917, 0.0, 0.0, 0.0, 0.0, 0.0, 0.0, 0.0, 0.0, 0.0, 0.0, 0.0, 0.0, 0.0, 0.0, 0.0, 0.0, 0.0, 0.0, 0.0, 0.0, 0.0, 0.0, 0.0, 0.0, 0.0, 0.0, 0.0, 0.0, 0.0, 0.0, 0.0, 0.0, 0.0, 0.0, 0.0, 0.0, 0.0, 0.0, 0.0, 0.0, 0.0, 0.0, 0.0, 0.0, 0.0, 0.0, 0.0, 0.0, 0.0, 0.0, 0.0, 0.0, 0.0, 0.0, 0.0, 0.0, 0.0, 0.0, 0.0, 0.0, 0.0, 0.0, 0.0, 0.0, 0.0, 0.0, 0.0, 0.0, 0.0, 0.0, 0.0, 0.0, 0.0, 0.0, 0.0, 0.0, 0.0, 0.0, 0.0, 0.0, 0.0, 0.0, 0.0, 0.0, 0.0, 0.0, 0.0, 0.0, 0.0, 0.0, 0.0, 0.0, 0.0, 0.0, 0.0, 0.0, 0.0, 0.0, 0.0, 0.0, 0.0, 0.0, 0.0, 0.0, 0.0, 0.0, 0.0, 0.0, 0.0, 0.0, 0.0, 0.0, 0.0, 0.0, 0.0, 0.0, 0.0, 0.0, 0.0, 0.0, 0.0, 0.0, 0.0, 0.0, 0.0, 0.0, 0.0, 0.0, 0.0, 0.0, 0.0, 0.0, 0.0, 0.0, 0.0, 0.0, 0.0, 0.0, 0.0, 0.0, 0.0, 0.0, 0.0, 0.0, 0.0, 0.0, 0.0, 0.0], "relevance": 0.39163833904076883, "tokens": ["hebrew", "meaning", ":", "the", "name", "juan", "is", "a", "hebrew", "baby", "name", ".", "in", "hebrew", "the", "meaning", "of", "the", "name", "juan", "is", ":", "gift", "from", "god", ".", "american", "meaning", ":", "the", "name", "juan", "is", "an", "american", "baby", "name", ".", "in", "american", "the", "meaning", "of", "the", "name", "juan", "is", ":", "gift", "from", "god", ".", "spanish", "meaning", ":", "the", "name", "juan", "is", "a", "spanish", "baby", "name", ".", "in", "spanish", "the", "meaning", "of", "the", "name", "juan", "is", ":", "the", "spanish", "form", "of", "john", ":", "god", "is", "gracious", ".", "often", "used", "in", "combination", "with", "other", "names", "."],