{"query_id": 7019, "passages": [{"start_index": 0, "selected": true, "logits_start": [0.0028428828809410334, 0.0003634202585089952, 7.829615788068622e-05, 5.568504275288433e-05, 4.212019484839402e-05, 4.13364905398339e-05, 4.000261833425611e-05, 7.167196599766612e-05, 0.006055439356714487, 0.00020115885126870126, 0.0006010413053445518, 0.00018136206199415028, 0.0002050778566626832, 0.000251726305577904, 0.0005242435145191848, 0.0034225357230752707, 0.001029978971928358, 0.027608899399638176, 0.0007035601302050054, 0.01826699823141098, 0.0007633541827090085, 0.021191559731960297, 0.0007297847769223154, 0.014268320053815842, 0.0052352286875247955, 0.030162911862134933, 0.011252007447183132, 0.004241896327584982, 0.0020184903405606747, 0.003918588627129793, 0.0010197239462286234, 0.00316048227250576, 0.0018292637541890144, 0.0021897689439356327, 0.007619577459990978, 0.011647079139947891, 0.0022015715949237347, 0.0025380770675837994, 0.0019450593972578645, 0.003943216055631638, 0.003923017531633377, 0.0037148299161344767, 0.001350988750346005, 0.0019158192444592714, 0.0033466119784861803, 0.005015370901674032, 0.003739472944289446, 0.00543188164010644, 0.006176830735057592, 0.0007751645753160119, 0.004743635654449463, 0.0028615016490221024, 0.0007237827521748841, 0.26174235343933105, 0.007349448744207621, 0.014205995947122574, 0.0022721143905073404, 0.10520250350236893, 0.012482141144573689, 0.002962301019579172, 0.0010763921309262514, 0.0077255186624825, 0.021935641765594482, 0.0005327145336195827, 0.010720464400947094, 0.027600770816206932, 0.02221849374473095, 0.0513167530298233, 0.040842898190021515, 0.15819121897220612, 0.0021764319390058517, 0.008602028712630272, 0.00046001674490980804, 0.001046277699060738, 0.00021342717809602618, 0.00020586421305779368, 0.00022939052723813802, 6.011332880007103e-05, 0.0001914920430863276, 1.8983537302119657e-05, 2.7226447855355218e-05, 0.00015014901873655617, 5.597668859991245e-06, 4.5718206820311025e-05, 7.295683644770179e-06, 0.0, 0.0, 0.0, 0.0, 0.0, 0.0, 0.0, 0.0, 0.0, 0.0, 0.0, 0.0, 0.0, 0.0, 0.0, 0.0, 0.0, 0.0, 0.0, 0.0, 0.0, 0.0, 0.0, 0.0, 0.0, 0.0, 0.0, 0.0, 0.0, 0.0, 0.0, 0.0, 0.0, 0.0, 0.0, 0.0, 0.0, 0.0, 0.0, 0.0, 0.0, 0.0, 0.0, 0.0, 0.0, 0.0, 0.0, 0.0, 0.0, 0.0, 0.0, 0.0, 0.0, 0.0, 0.0, 0.0, 0.0, 0.0, 0.0, 0.0, 0.0, 0.0, 0.0, 0.0, 0.0, 0.0, 0.0, 0.0, 0.0, 0.0, 0.0, 0.0, 0.0, 0.0, 0.0, 0.0, 0.0, 0.0, 0.0, 0.0, 0.0, 0.0, 0.0, 0.0, 0.0, 0.0, 0.0, 0.0, 0.0, 0.0, 0.0, 0.0, 0.0, 0.0, 0.0, 0.0, 0.0, 0.0, 0.0, 0.0, 0.0, 0.0, 0.0, 0.0, 0.0, 0.0, 0.0, 0.0], "logits_end": [0.00016009146929718554, 8.918142702896148e-05, 3.0498445994453505e-05, 1.4823637684457935e-05, 1.3816516002407297e-05, 1.665792296989821e-05, 5.185368354432285e-05, 0.0026577014941722155, 0.0001221446000272408, 2.8503252906375565e-05, 7.1555791691935156e-06, 6.1007708609395195e-06, 1.2134196367696859e-05, 1.2570522812893614e-05, 3.1245584978023544e-05, 0.00262253824621439, 0.00010088439739774913, 0.026640234515070915, 0.0002889667230192572, 0.0383295901119709, 0.0004140885721426457, 0.06313255429267883, 0.0006910482188686728, 0.025029942393302917, 0.006639376748353243, 0.026151686906814575, 0.1335930973291397, 0.047663040459156036, 0.0017637222772464156, 0.005977317225188017, 0.00047007526154629886, 0.002524482784792781, 0.003798897610977292, 0.0014763614162802696, 0.0015441511059179902, 0.014213554561138153, 0.0015658531337976456, 0.00136307452339679, 0.0006877202540636063, 0.0029371853452175856, 0.0015632592840120196, 0.002010785276070237, 0.000294216355541721, 0.00023896602215245366, 0.0005010156310163438, 0.0004388167290017009, 0.00022654914937447757, 0.00038309022784233093, 0.0026126333978027105, 0.00018495923723094165, 0.0009564646170474589, 0.015007048845291138, 0.05640985816717148, 0.0035025514662265778, 0.005403454415500164, 0.033985137939453125, 0.075112484395504, 0.0062156785279512405, 0.012771760113537312, 0.016564009711146355, 0.00021486893820110708, 0.0005214968114160001, 0.013774193823337555, 0.0005049731116741896, 0.001083093578927219, 0.0021238690242171288, 0.002823109272867441, 0.0019520196365192533, 0.0007349960505962372, 0.13084453344345093, 0.025957560166716576, 0.11530847102403641, 0.013557516038417816, 0.009908787906169891, 0.0018147393129765987, 0.00024359278904739767, 0.0003747931041289121, 0.00014698975428473204, 0.0015401801792904735, 0.0043402318842709064, 0.00010376232239650562, 0.00025130523135885596, 0.0005039176321588457, 0.0009570827824063599, 0.023157237097620964, 0.0, 0.0, 0.0, 0.0, 0.0, 0.0, 0.0, 0.0, 0.0, 0.0, 0.0, 0.0, 0.0, 0.0, 0.0, 0.0, 0.0, 0.0, 0.0, 0.0, 0.0, 0.0, 0.0, 0.0, 0.0, 0.0, 0.0, 0.0, 0.0, 0.0, 0.0, 0.0, 0.0, 0.0, 0.0, 0.0, 0.0, 0.0, 0.0, 0.0, 0.0, 0.0, 0.0, 0.0, 0.0, 0.0, 0.0, 0.0, 0.0, 0.0, 0.0, 0.0, 0.0, 0.0, 0.0, 0.0, 0.0, 0.0, 0.0, 0.0, 0.0, 0.0, 0.0, 0.0, 0.0, 0.0, 0.0, 0.0, 0.0, 0.0, 0.0, 0.0, 0.0, 0.0, 0.0, 0.0, 0.0, 0.0, 0.0, 0.0, 0.0, 0.0, 0.0, 0.0, 0.0, 0.0, 0.0, 0.0, 0.0, 0.0, 0.0, 0.0, 0.0, 0.0, 0.0, 0.0, 0.0, 0.0, 0.0, 0.0, 0.0, 0.0, 0.0, 0.0, 0.0, 0.0, 0.0, 0.0], "tokens": ["award-winning", "floorplans", "designed", "to", "fit", "your", "life", ".", "glastar", "award", "winning", "best", "2-bedroom", "floor", "plan", "2005", ",", "2006", ",", "2007", ",", "2008", ",", "2010", "&", "2011.", "regency", "park", "offers", "1", ",", "2", "&", "3", "bedroom", "apartments", ",", "and", "also", "2", "bedroom", "townhouses", "which", "offer", "3", "floors", "of", "living", "space", "and", "natural", "fireplaces", ".", "regency", "park", "apartments", ".", "2518", "normandy", "drive", ",", "grand", "rapids", ",", "mi", "49506", "located", "minutes", "from", "east", "grand", "rapids", "call", "us", "now", "to", "schedule", "a", "tour", "!", "(", "888", ")", "874-6898", "."], "url": "http://www.regencypark-apts.com/", "end_index": 0, "relevance": 0.5687753519884459}, {"tokens": ["st", "basil", "'s", "provides", "contemporary", "and", "expertly", "serviced", "facilities", "to", "ensure", "that", "our", "residents", "can", "live", "well", "at", "any", "age", ".", "come", "and", "visit", "st", "basil", "'s", "and", "experience", "an", "approach", "to", "aged", "care", "that", "combines", "care", ",", "with", "dignity", "and", "independence", "."], "url": "http://www.stbasils.com.au/",