{"query_id": 7019, "passages": [{"logits_end": [0.001167076057754457, 0.0009420844726264477, 0.0002432508917991072, 0.00014446106797549874, 0.00013348314678296447, 0.00015330534370150417, 0.0005577592528425157, 0.01612117700278759, 0.0006995433941483498, 0.0003459424478933215, 0.00018731538148131222, 9.265835979022086e-05, 0.0005915369838476181, 0.00034737130044959486, 0.0007486848044209182, 0.02073008008301258, 0.000983700156211853, 0.04903503507375717, 0.001437345170415938, 0.058321189135313034, 0.0019129908178001642, 0.08217237889766693, 0.002889949595555663, 0.04487663507461548, 0.030410902574658394, 0.007556190248578787, 0.01750105805695057, 0.03475525602698326, 0.01283937320113182, 0.03459838032722473, 0.002531437436118722, 0.011068142019212246, 0.021953318268060684, 0.017592543736100197, 0.0015528051881119609, 0.005311071872711182, 0.003041048999875784, 0.0021003943402320147, 0.0009326338185928762, 0.005420220084488392, 0.0008439822122454643, 0.0013187940930947661, 0.0007810266106389463, 0.0005195881822146475, 0.0026683597825467587, 0.0003079109883401543, 0.0002409438311588019, 0.00023994885850697756, 0.0005555680254474282, 0.00030652486020699143, 0.00036624015774577856, 0.005925558973103762, 0.15717251598834991, 0.0013405927456915379, 0.0029552208725363016, 0.009818526916205883, 0.12385283410549164, 0.0004339305742178112, 0.003952058032155037, 0.003916861955076456, 0.00033756825723685324, 0.000342493673088029, 0.007626788225024939, 0.0005068000173196197, 0.0005263517377898097, 0.0007032380672171712, 0.0008675830904394388, 0.0009276742930524051, 0.0006421991856768727, 0.01645277626812458, 0.005046705715358257, 0.03776039183139801, 0.008931898511946201, 0.007128976285457611, 0.0021950805094093084, 0.0005495827062986791, 0.0007385251810774207, 0.0001906082616187632, 0.0054220352321863174, 0.04451608657836914, 0.00015022532898001373, 0.0002614574914332479, 0.0008444894920103252, 0.002348956186324358, 0.0434647835791111, 0.0, 0.0, 0.0, 0.0, 0.0, 0.0, 0.0, 0.0, 0.0, 0.0, 0.0, 0.0, 0.0, 0.0, 0.0, 0.0, 0.0, 0.0, 0.0, 0.0, 0.0, 0.0, 0.0, 0.0, 0.0, 0.0, 0.0, 0.0, 0.0, 0.0, 0.0, 0.0, 0.0, 0.0, 0.0, 0.0, 0.0, 0.0, 0.0, 0.0, 0.0, 0.0, 0.0, 0.0, 0.0, 0.0, 0.0, 0.0, 0.0, 0.0, 0.0, 0.0, 0.0, 0.0, 0.0, 0.0, 0.0, 0.0, 0.0, 0.0, 0.0, 0.0, 0.0, 0.0, 0.0, 0.0, 0.0, 0.0, 0.0, 0.0, 0.0, 0.0, 0.0, 0.0, 0.0, 0.0, 0.0, 0.0, 0.0, 0.0, 0.0, 0.0, 0.0, 0.0, 0.0, 0.0, 0.0, 0.0, 0.0, 0.0, 0.0, 0.0, 0.0, 0.0, 0.0, 0.0, 0.0, 0.0, 0.0, 0.0, 0.0, 0.0, 0.0, 0.0, 0.0, 0.0, 0.0, 0.0], "tokens": ["award-winning", "floorplans", "designed", "to", "fit", "your", "life", ".", "glastar", "award", "winning", "best", "2-bedroom", "floor", "plan", "2005", ",", "2006", ",", "2007", ",", "2008", ",", "2010", "&", "2011.", "regency", "park", "offers", "1", ",", "2", "&", "3", "bedroom", "apartments", ",", "and", "also", "2", "bedroom", "townhouses", "which", "offer", "3", "floors", "of", "living", "space", "and", "natural", "fireplaces", ".", "regency", "park", "apartments", ".", "2518", "normandy", "drive", ",", "grand", "rapids", ",", "mi", "49506", "located", "minutes", "from", "east", "grand", "rapids", "call", "us", "now", "to", "schedule", "a", "tour", "!", "(", "888", ")", "874-6898", "."], "relevance": 0.5687753519884459, "logits_start": [0.008845482021570206, 0.0023856128100305796, 0.0007192236371338367, 0.0006330538308247924, 0.0004937918856739998, 0.0004370461101643741, 0.000493680068757385, 0.0008437353535555303, 0.026307227090001106, 0.003088986501097679, 0.0030614379793405533, 0.002398556564003229, 0.0034803703892976046, 0.004183727316558361, 0.005932019557803869, 0.02938229590654373, 0.003595459507778287, 0.06423444300889969, 0.0031660827808082104, 0.08417868614196777, 0.002752814907580614, 0.08678612112998962, 0.0018880292773246765, 0.056958265602588654, 0.00631445087492466, 0.047062914818525314, 0.02049151435494423, 0.010307532735168934, 0.0028403596952557564, 0.0037495216820389032, 0.0007500509382225573, 0.003355508903041482, 0.0012057715794071555, 0.0007763582398183644, 0.0029729593079537153, 0.003132209414616227, 0.0006218665512278676, 0.0009314469061791897, 0.0008285249932669103, 0.0011549890041351318, 0.0015039960853755474, 0.001551578869111836, 0.0006376764504238963, 0.001572967623360455, 0.0004990480374544859, 0.0015299002407118678, 0.001141347922384739, 0.001548941363580525, 0.0016853936249390244, 0.0006174162263050675, 0.002792720915749669, 0.0019100005738437176, 0.0006870993529446423, 0.1860123574733734, 0.011818399652838707, 0.0047891209833323956, 0.0010661170817911625, 0.09062695503234863, 0.021031523123383522, 0.005132729187607765, 0.0011639539152383804, 0.009906614199280739, 0.012331501580774784, 0.0011932449415326118, 0.011048654094338417, 0.00976564921438694, 0.01850227266550064, 0.015094750560820103, 0.016932591795921326, 0.051178932189941406, 0.0026791307609528303, 0.00568113150075078, 0.0002551687357481569, 0.0009489180520176888, 0.0001255203242180869, 0.00024655149900354445, 0.0002194805274484679, 0.0002774152671918273, 0.0009810850024223328, 2.8673021006397903e-05, 0.00016898338799364865, 0.00010488546104170382, 4.0573613659944385e-05, 0.00019330908253323287, 3.3568579965503886e-05, 0.0, 0.0, 0.0, 0.0, 0.0, 0.0, 0.0, 0.0, 0.0, 0.0, 0.0, 0.0, 0.0, 0.0, 0.0, 0.0, 0.0, 0.0, 0.0, 0.0, 0.0, 0.0, 0.0, 0.0, 0.0, 0.0, 0.0, 0.0, 0.0, 0.0, 0.0, 0.0, 0.0, 0.0, 0.0, 0.0, 0.0, 0.0, 0.0, 0.0, 0.0, 0.0, 0.0, 0.0, 0.0, 0.0, 0.0, 0.0, 0.0, 0.0, 0.0, 0.0, 0.0, 0.0, 0.0, 0.0, 0.0, 0.0, 0.0, 0.0, 0.0, 0.0, 0.0, 0.0, 0.0, 0.0, 0.0, 0.0, 0.0, 0.0, 0.0, 0.0, 0.0, 0.0, 0.0, 0.0, 0.0, 0.0, 0.0, 0.0, 0.0, 0.0, 0.0, 0.0, 0.0, 0.0, 0.0, 0.0, 0.0, 0.0, 0.0, 0.0, 0.0, 0.0, 0.0, 0.0, 0.0, 0.0, 0.0, 0.0, 0.0, 0.0, 0.0, 0.0, 0.0, 0.0, 0.0, 0.0], "url": "http://www.regencypark-apts.com/"}, {"start_index": 0, "relevance": 0.3088875118447284, "logits_end": [0.2360759675502777, 0.07368702441453934, 0.007138193119317293, 0.006373959593474865, 0.03747620806097984, 0.006967796478420496, 0.005178774241358042, 0.029486611485481262, 0.04312838986515999, 0.007930613122880459, 0.03731021285057068, 0.01040791068226099, 0.0031054941937327385, 0.00830952450633049, 0.002270445926114917, 0.00483023701235652, 0.0012185332598164678, 0.002640113001689315, 0.0015633144648745656, 0.035241395235061646, 0.2009247988462448, 0.0007389601087197661, 0.0004666700551752001, 0.01064937375485897, 0.024308592081069946, 0.007273360621184111, 0.000991197768598795, 0.00103560124989599, 0.0009076471324078739, 0.0003723136615008116, 0.0003590359992813319, 0.0002949698828160763, 0.0006684494437649846, 0.00028351490618661046, 0.0002035759825957939, 0.00022679548419546336, 0.00034479418536648154, 0.00020182672597002238, 0.00010845044744201005, 0.00013690796913579106, 0.0002018376108026132, 0.024400848895311356, 0.16455982625484467, 0.0, 0.0, 0.0, 0.0, 0.0, 0.0, 0.0, 0.0, 0.0, 0.0, 0.0, 0.0, 0.0, 0.0, 0.0, 0.0, 0.0, 0.0, 0.0, 0.0, 0.0, 0.0, 0.0, 0.0, 0.0, 0.0, 0.0, 0.0, 0.0, 0.0, 0.0, 0.0, 0.0, 0.0, 0.0, 0.0, 0.0, 0.0, 0.0, 0.0, 0.0, 0.0, 0.0, 0.0, 0.0, 0.0, 0.0, 0.0, 0.0, 0.0, 0.0, 0.0, 0.0, 0.0, 0.0, 0.0, 0.0, 0.0, 0.0, 0.0, 0.0, 0.0, 0.0, 0.0, 0.0, 0.0, 0.0, 0.0, 0.0, 0.0, 0.0, 0.0, 0.0, 0.0, 0.0, 0.0, 0.0, 0.0, 0.0, 0.0, 0.0, 0.0, 0.0, 0.0, 0.0, 0.0, 0.0, 0.0, 0.0, 0.0, 0.0, 0.0, 0.0, 0.0, 0.0, 0.0, 0.0, 0.0, 0.0, 0.0, 0.0, 0.0, 0.0, 0.0, 0.0, 0.0, 0.0, 0.0, 0.0, 0.0, 0.0, 0.0, 0.0, 0.0, 0.0, 0.0, 0.0, 0.0, 0.0, 0.0, 0.0, 0.0, 0.0, 0.0, 0.0, 0.0, 0.0, 0.0, 0.0, 0.0, 0.0, 0.0, 0.0, 0.0, 0.0, 0.0, 0.0, 0.0, 0.0, 0.0, 0.0, 0.0, 0.0, 0.0, 0.0, 0.0, 0.0, 0.0, 0.0, 0.0], "tokens": ["st", "basil", "'s", "provides", "contemporary", "and", "expertly", "serviced", "facilities", "to", "ensure", "that", "our", "residents", "can", "live", "well", "at", "any", "age", ".", "come", "and", "visit", "st", "basil", "'s", "and", "experience", "an", "approach", "to", "aged", "care", "that", "combines", "care", ",", "with", "dignity", "and", "independence", "."], "end_index": 0, "url": "http://www.stbasils.com.au/",