{"query_id": 7145, "passages": [{"start_index": 0, "selected": true, "logits_start": [0.1609720140695572, 0.0168800987303257, 0.007604903541505337, 0.029952993616461754, 0.0006690429290756583, 0.011644181795418262, 0.015482401475310326, 0.014805837534368038, 0.04249046370387077, 0.4972296357154846, 0.04762664809823036, 0.0006653990130871534, 0.0457976758480072, 0.004586332477629185, 0.0002845899434760213, 0.008963552303612232, 0.00011609082866925746, 0.0008292021811939776, 0.003161423373967409, 3.306506550870836e-05, 0.005552101880311966, 0.00011569205526029691, 0.00042530198697932065, 0.0007987001445144415, 0.000516026106197387, 0.00013962367665953934, 0.0025242601986974478, 0.00043687509605661035, 6.0987178585492074e-05, 3.571399793145247e-05, 0.002147049643099308, 3.291279426775873e-05, 5.4294720030156896e-05, 0.00010132827446796, 3.163116707582958e-05, 0.0001474518794566393, 0.00010573062900220975, 0.004980532452464104, 8.396861812798306e-05, 0.0002765235840342939, 0.00010261769057251513, 0.0002420378295937553, 0.00022764361347071826, 0.007916847243905067, 0.001677918597124517, 0.0014560475246980786, 0.002126279752701521, 0.0254900511354208, 0.00310090696439147, 0.00010194590140599757, 0.011360536329448223, 0.0018867847975343466, 0.003093030070886016, 0.0008291681879200041, 4.2796225898200646e-05, 0.00019286377937532961, 0.0012215921888127923, 0.00018822441052179784, 1.1633891517703887e-05, 0.00010357917926739901, 0.0007259210105985403, 0.00013183424016460776, 0.0001940867368830368, 7.541695595136844e-06, 0.001037804875522852, 0.0001744028995744884, 1.131185308622662e-05, 5.0895985623355955e-05, 0.00019947090186178684, 9.0282674136688e-06, 0.0011281484039500356, 3.857235060422681e-05, 2.9446508051478304e-05, 0.00039929713238961995, 0.0026227585040032864, 3.8780861359555274e-05, 0.00010177609510719776, 4.29139327025041e-05, 0.00010210480104433373, 3.660586662590504e-05, 4.5636661525350064e-05, 8.988066838355735e-05, 5.240721293375827e-06, 0.00043877994176000357, 2.337278965569567e-05, 1.902684016386047e-05, 1.3199443856137805e-05, 4.723932943306863e-05, 2.4338716684724204e-05, 0.0019204941345378757, 5.803653039038181e-05, 5.1961676945211366e-05, 0.0001804774656193331, 1.964941475307569e-05, 0.0002319321210961789, 1.3372112334764097e-05, 0.0, 0.0, 0.0, 0.0, 0.0, 0.0, 0.0, 0.0, 0.0, 0.0, 0.0, 0.0, 0.0, 0.0, 0.0, 0.0, 0.0, 0.0, 0.0, 0.0, 0.0, 0.0, 0.0, 0.0, 0.0, 0.0, 0.0, 0.0, 0.0, 0.0, 0.0, 0.0, 0.0, 0.0, 0.0, 0.0, 0.0, 0.0, 0.0, 0.0, 0.0, 0.0, 0.0, 0.0, 0.0, 0.0, 0.0, 0.0, 0.0, 0.0, 0.0, 0.0, 0.0, 0.0, 0.0, 0.0, 0.0, 0.0, 0.0, 0.0, 0.0, 0.0, 0.0, 0.0, 0.0, 0.0, 0.0, 0.0, 0.0, 0.0, 0.0, 0.0, 0.0, 0.0, 0.0, 0.0, 0.0, 0.0, 0.0, 0.0, 0.0, 0.0, 0.0, 0.0, 0.0, 0.0, 0.0, 0.0, 0.0, 0.0, 0.0, 0.0, 0.0, 0.0, 0.0, 0.0, 0.0], "logits_end": [0.0012709813890978694, 0.0021799325477331877, 0.0005126976175233722, 0.0447683148086071, 0.0008117882534861565, 0.0001326899218838662, 0.0011896744836121798, 0.0019989663269370794, 0.0005604824982583523, 0.039372701197862625, 0.3511728048324585, 0.0012138677993789315, 0.017458317801356316, 0.06098898872733116, 0.0004944842658005655, 0.03710949793457985, 0.0008309417753480375, 0.00020824730745516717, 0.027301551774144173, 0.25168663263320923, 0.00013634379138238728, 8.531541243428364e-05, 4.427169551490806e-05, 9.176912135444582e-05, 0.0010276243556290865, 4.9094061978394166e-05, 0.0007300713332369924, 0.0035235497634857893, 0.0015670640859752893, 0.02065245248377323, 1.4328284123621415e-05, 2.2034821085981093e-05, 2.370260153838899e-05, 6.770664913346991e-05, 5.568409324041568e-05, 0.0015507071511819959, 0.006946715526282787, 0.001140106818638742, 0.0002661639591678977, 0.0007067721453495324, 8.55491598485969e-05, 0.0019227336160838604, 0.008255580440163612, 6.246221164474264e-05, 0.00016006194346118718, 3.534143615979701e-05, 4.756036651087925e-05, 0.0022760750725865364, 0.011241654865443707, 6.86737839714624e-05, 0.004093480762094259, 0.0020577276591211557, 0.005451156757771969, 0.018207721412181854, 0.000576515682041645, 5.1775143219856545e-05, 0.00041971818427555263, 0.004279641434550285, 9.878043783828616e-05, 4.585580245475285e-05, 0.0004958033678121865, 0.0004697185941040516, 0.003225415712222457, 0.02753058262169361, 1.2307284123380668e-05, 0.0006429789355024695, 4.996167263016105e-05, 2.73100558842998e-05, 0.0006137030432000756, 0.006829507648944855, 7.2143534453061875e-06, 6.705660780426115e-05, 2.022462649620138e-05, 1.7319674952887e-05, 0.004385358188301325, 0.0004327534988988191, 0.00010948115232167765, 1.8982254914590158e-05, 4.866752351517789e-05, 1.6231739209615625e-05, 2.9299553716555238e-05, 0.00020273997506592423, 0.004256518092006445, 5.203131877351552e-06, 2.0087056327611208e-05, 4.788043588632718e-05, 3.703386755660176e-05, 0.00010761473822640255, 0.003143701236695051, 0.001795424846932292, 0.0007714820094406605, 9.894968388834968e-05, 0.0002131818764610216, 2.940901140391361e-05, 0.000476331973914057, 0.004341463558375835, 0.0, 0.0, 0.0, 0.0, 0.0, 0.0, 0.0, 0.0, 0.0, 0.0, 0.0, 0.0, 0.0, 0.0, 0.0, 0.0, 0.0, 0.0, 0.0, 0.0, 0.0, 0.0, 0.0, 0.0, 0.0, 0.0, 0.0, 0.0, 0.0, 0.0, 0.0, 0.0, 0.0, 0.0, 0.0, 0.0, 0.0, 0.0, 0.0, 0.0, 0.0, 0.0, 0.0, 0.0, 0.0, 0.0, 0.0, 0.0, 0.0, 0.0, 0.0, 0.0, 0.0, 0.0, 0.0, 0.0, 0.0, 0.0, 0.0, 0.0, 0.0, 0.0, 0.0, 0.0, 0.0, 0.0, 0.0, 0.0, 0.0, 0.0, 0.0, 0.0, 0.0, 0.0, 0.0, 0.0, 0.0, 0.0, 0.0, 0.0, 0.0, 0.0, 0.0, 0.0, 0.0, 0.0, 0.0, 0.0, 0.0, 0.0, 0.0, 0.0, 0.0, 0.0, 0.0, 0.0, 0.0], "tokens": ["sala", "topazio-overlooking", "the", "pool", ",", "this", "restaurant", "specializes", "in", "local", "cuisine", "and", "serves", "breakfast", ",", "lunch", ",", "and", "dinner", ".", "guests", "can", "enjoy", "alfresco", "dining", "(", "weather", "permitting", ")", ".", "a", "children", "'s", "menu", "is", "available", ".", "24-hour", "room", "service", "is", "available", ".", "in", "addition", "to", "a", "full-service", "spa", ",", "fonte", "del", "benessere", "resort", "features", "an", "outdoor", "pool", "and", "a", "24-hour", "fitness", "center", ".", "the", "hotel", "offers", "a", "restaurant", ".", "a", "bar/lounge", "is", "on", "site", "where", "guests", "can", "unwind", "with", "a", "drink", ".", "a", "complimentary", "breakfast", "is", "offered", ".", "high-speed", "wireless", "internet", "access", "is", "complimentary", "."], "url": "https://www.expedia.com/Castelpetroso-Hotels-Fonte-Del-Benessere-Resort.h4338927.Hotel-Information", "end_index": 0, "relevance": 0.3333333333333333}, {"tokens": ["@", "tmattucci", "asks", ".", "we", "have", "a", "vacant", "two", "car", "garage", "in", "a", "newly", "built", "building", "that", "is", "empty", ",", "it", "came", "with", "the", "property", ".", "garage", "has", "keyed", "pull", "up", "door", ",", "with", "a", "key", "access", "electric", "door", "to", "access", "building", ".", "perfect", "for", "anyone", "looking", "to", "...", "see", "the", "answer", "."], "url": "http://www.italymagazine.com/macchiagodena",