{"query_id": 7145, "passages": [{"tokens": ["sala", "topazio-overlooking", "the", "pool", ",", "this", "restaurant", "specializes", "in", "local", "cuisine", "and", "serves", "breakfast", ",", "lunch", ",", "and", "dinner", ".", "guests", "can", "enjoy", "alfresco", "dining", "(", "weather", "permitting", ")", ".", "a", "children", "'s", "menu", "is", "available", ".", "24-hour", "room", "service", "is", "available", ".", "in", "addition", "to", "a", "full-service", "spa", ",", "fonte", "del", "benessere", "resort", "features", "an", "outdoor", "pool", "and", "a", "24-hour", "fitness", "center", ".", "the", "hotel", "offers", "a", "restaurant", ".", "a", "bar/lounge", "is", "on", "site", "where", "guests", "can", "unwind", "with", "a", "drink", ".", "a", "complimentary", "breakfast", "is", "offered", ".", "high-speed", "wireless", "internet", "access", "is", "complimentary", "."], "selected": true, "logits_end": [0.0017466990975663066, 0.004052810836583376, 0.00032511845347471535, 0.03129810094833374, 0.0008843815885484219, 0.00027659154147841036, 0.0033828094601631165, 0.0018104164628311992, 0.0014316635206341743, 0.006248790305107832, 0.09357006847858429, 0.000635484408121556, 0.0019792995881289244, 0.046277858316898346, 0.0008528142352588475, 0.027722250670194626, 0.00169277167879045, 0.0010094388853758574, 0.04000578820705414, 0.35780176520347595, 0.0013792493846267462, 0.000369755900464952, 0.0004469168488867581, 0.0014574876986443996, 0.001953144557774067, 0.00030457452521659434, 0.0013575501507148147, 0.002039734274148941, 0.0030009227339178324, 0.05878499522805214, 0.0002782731899060309, 0.00029380523483268917, 0.00019996413902845234, 0.0007507546106353402, 0.00023946317378431559, 0.0019083276856690645, 0.02295709401369095, 0.0007786848582327366, 0.000952030997723341, 0.0030590356327593327, 0.00026479791267775, 0.0030076096300035715, 0.024451276287436485, 0.0006739701493643224, 0.0014553744113072753, 0.000188967605936341, 0.00018530635861679912, 0.0017222778405994177, 0.016109008342027664, 0.00030289808637462556, 0.006327449809759855, 0.0022823165636509657, 0.009802966378629208, 0.018834294751286507, 0.001548935892060399, 0.00022078461188357323, 0.0005259023746475577, 0.0032039007637649775, 0.0002486475568730384, 0.00013989432773087174, 0.0007057483890093863, 0.0008346985559910536, 0.010330045595765114, 0.07840742915868759, 0.00017062750703189522, 0.001418367843143642, 0.00038767754449509084, 0.0001888533734017983, 0.004259141162037849, 0.032005783170461655, 8.264970529126003e-05, 0.0025578229688107967, 0.00012665509711951017, 0.0003473283431958407, 0.006650933530181646, 0.0019550686702132225, 0.0005726896924898028, 0.00010719028796302155, 0.00017697551811579615, 7.141958485590294e-05, 8.795162284513935e-05, 0.0010730879148468375, 0.014591747894883156, 5.4763007938163355e-05, 0.0001289041683776304, 0.0005544516607187688, 0.00010365428170189261, 0.0006919082952663302, 0.010069772601127625, 0.00037585425889119506, 0.0007821845356374979, 0.0002929666661657393, 0.00022367897327058017, 9.006276377476752e-05, 0.0006574381841346622, 0.01185116171836853, 0.0, 0.0, 0.0, 0.0, 0.0, 0.0, 0.0, 0.0, 0.0, 0.0, 0.0, 0.0, 0.0, 0.0, 0.0, 0.0, 0.0, 0.0, 0.0, 0.0, 0.0, 0.0, 0.0, 0.0, 0.0, 0.0, 0.0, 0.0, 0.0, 0.0, 0.0, 0.0, 0.0, 0.0, 0.0, 0.0, 0.0, 0.0, 0.0, 0.0, 0.0, 0.0, 0.0, 0.0, 0.0, 0.0, 0.0, 0.0, 0.0, 0.0, 0.0, 0.0, 0.0, 0.0, 0.0, 0.0, 0.0, 0.0, 0.0, 0.0, 0.0, 0.0, 0.0, 0.0, 0.0, 0.0, 0.0, 0.0, 0.0, 0.0, 0.0, 0.0, 0.0, 0.0, 0.0, 0.0, 0.0, 0.0, 0.0, 0.0, 0.0, 0.0, 0.0, 0.0, 0.0, 0.0, 0.0, 0.0, 0.0, 0.0, 0.0, 0.0, 0.0, 0.0, 0.0, 0.0, 0.0], "logits_start": [0.1398295909166336, 0.010868938639760017, 0.00515022175386548, 0.040291644632816315, 0.0033035152591764927, 0.008872369304299355, 0.022807197645306587, 0.02626829221844673, 0.05947156995534897, 0.17219413816928864, 0.13981617987155914, 0.0035068406723439693, 0.08431604504585266, 0.03552905470132828, 0.002242150716483593, 0.043340153992176056, 0.0010790600208565593, 0.0013365396298468113, 0.010314537212252617, 0.00027808762388303876, 0.011262273415923119, 0.0009603708749637008, 0.0020908683072775602, 0.0026492069009691477, 0.002079795114696026, 0.00047850338160060346, 0.0021935526747256517, 0.0010781430173665285, 0.00043492301483638585, 0.00017506181029602885, 0.003827224252745509, 0.0003463263565208763, 0.0004819935420528054, 0.000597959035076201, 0.00027066876646131277, 0.0008391959709115326, 0.0003824620507657528, 0.010216818191111088, 0.0014579520793631673, 0.001948028220795095, 0.0004280417342670262, 0.0015779329696670175, 0.000614310905802995, 0.011995689943432808, 0.004369589500129223, 0.0026439898647367954, 0.00480011198669672, 0.03675767034292221, 0.01518417801707983, 0.000899285776540637, 0.01450556330382824, 0.0017901378450915217, 0.011703419499099255, 0.0014825711259618402, 0.0003025887708645314, 0.0005150006618350744, 0.001308246050029993, 0.0018216713797301054, 0.0002479004324413836, 0.0008609587093815207, 0.0034639639779925346, 0.000893910473678261, 0.0018182225758209825, 0.00010568211291683838, 0.0032637983094900846, 0.0008683135383762419, 0.000245487317442894, 0.0004437105089891702, 0.0010060444474220276, 0.00011314509902149439, 0.0027629034593701363, 0.0010994609910994768, 0.00023752027482260019, 0.0011891466565430164, 0.0022892674896866083, 0.0004419604083523154, 0.00036384412669576705, 0.00013688363833352923, 0.00041901334770955145, 0.00017396720068063587, 0.0002857842482626438, 0.0003578181203920394, 5.689582758350298e-05, 0.0012006090255454183, 0.00026579212862998247, 0.00033503712620586157, 0.00010646492592059076, 0.00041783100459724665, 0.00011801986693171784, 0.005142583977431059, 0.0006215640460141003, 0.00037658854853361845, 0.0003593409201130271, 0.00012827366299461573, 0.00039735378231853247, 9.739113738760352e-05, 0.0, 0.0, 0.0, 0.0, 0.0, 0.0, 0.0, 0.0, 0.0, 0.0, 0.0, 0.0, 0.0, 0.0, 0.0, 0.0, 0.0, 0.0, 0.0, 0.0, 0.0, 0.0, 0.0, 0.0, 0.0, 0.0, 0.0, 0.0, 0.0, 0.0, 0.0, 0.0, 0.0, 0.0, 0.0, 0.0, 0.0, 0.0, 0.0, 0.0, 0.0, 0.0, 0.0, 0.0, 0.0, 0.0, 0.0, 0.0, 0.0, 0.0, 0.0, 0.0, 0.0, 0.0, 0.0, 0.0, 0.0, 0.0, 0.0, 0.0, 0.0, 0.0, 0.0, 0.0, 0.0, 0.0, 0.0, 0.0, 0.0, 0.0, 0.0, 0.0, 0.0, 0.0, 0.0, 0.0, 0.0, 0.0, 0.0, 0.0, 0.0, 0.0, 0.0, 0.0, 0.0, 0.0, 0.0, 0.0, 0.0, 0.0, 0.0, 0.0, 0.0, 0.0, 0.0, 0.0, 0.0], "start_index": 9, "end_index": 19, "relevance": 0.3333333333333333, "url": "https://www.expedia.com/Castelpetroso-Hotels-Fonte-Del-Benessere-Resort.h4338927.Hotel-Information"}, {"tokens": ["@", "tmattucci", "asks", ".", "we", "have", "a", "vacant", "two", "car", "garage", "in", "a", "newly", "built", "building", "that", "is", "empty", ",", "it", "came", "with", "the", "property", ".", "garage", "has", "keyed", "pull", "up", "door", ",", "with", "a", "key", "access", "electric", "door", "to", "access", "building", ".", "perfect", "for", "anyone", "looking", "to", "...", "see", "the", "answer", "."], "url": "http://www.italymagazine.com/macchiagodena", "relevance": 0.3333333333333333,