{"query_id": 7145, "passages": [{"start_index": 9, "relevance": 0.3333333333333333, "logits_end": [0.001508869114331901, 0.0035817117895931005, 0.0004107134591322392, 0.03385356813669205, 0.0015160760376602411, 0.0003729697491507977, 0.0023117242380976677, 0.00451232586055994, 0.0017615644028410316, 0.01935189962387085, 0.17036788165569305, 0.0019838279113173485, 0.007766803726553917, 0.04052155464887619, 0.0013834525598213077, 0.027576161548495293, 0.00201545562595129, 0.000978984753601253, 0.04784274846315384, 0.38064002990722656, 0.0005488635506480932, 0.0001724998583085835, 0.00017756760644260794, 0.0005213557160459459, 0.0007638420793227851, 0.0004296021652407944, 0.0014306619996204972, 0.0034179817885160446, 0.004886663984507322, 0.030261201784014702, 0.00011123924923595041, 0.0001211875569424592, 9.491804667050019e-05, 0.00013799533189740032, 9.708161815069616e-05, 0.00212337845005095, 0.011258555576205254, 0.0008042655535973608, 0.00016081116336863488, 0.002383761340752244, 8.679174788994715e-05, 0.001490077469497919, 0.007748413365334272, 0.00022096525935921818, 0.0015479320427402854, 0.00017342058708891273, 0.0002478701644577086, 0.0038185531739145517, 0.021641066297888756, 0.00041689147474244237, 0.0036179597955197096, 0.004167923238128424, 0.017418263480067253, 0.017922040075063705, 0.0018733568722382188, 0.00018825774895958602, 0.0003331365005578846, 0.0054026017896831036, 0.0005648575606755912, 0.00013924174709245563, 0.0006755986833013594, 0.00048229293315671384, 0.017319101840257645, 0.04343346878886223, 7.705244206590578e-05, 0.0009355508373118937, 0.00016680860426276922, 9.762456465978175e-05, 0.0031218104995787144, 0.016973989084362984, 5.1508301112335175e-05, 0.0004118281358387321, 5.837161370436661e-05, 6.842162838438526e-05, 0.0008878808002918959, 0.0007256983080878854, 0.0004026986425742507, 5.159079228178598e-05, 9.38848897931166e-05, 4.665406595449895e-05, 4.363875632407144e-05, 0.00046776048839092255, 0.004376794211566448, 2.011066499107983e-05, 4.0648919821251184e-05, 6.26124965492636e-05, 2.7501839213073254e-05, 0.00016912404680624604, 0.0029002586379647255, 0.0006640597130171955, 0.0006666673580184579, 0.00018198213365394622, 7.133788312785327e-05, 4.007531970273703e-05, 0.0005101585993543267, 0.004494048189371824, 0.0, 0.0, 0.0, 0.0, 0.0, 0.0, 0.0, 0.0, 0.0, 0.0, 0.0, 0.0, 0.0, 0.0, 0.0, 0.0, 0.0, 0.0, 0.0, 0.0, 0.0, 0.0, 0.0, 0.0, 0.0, 0.0, 0.0, 0.0, 0.0, 0.0, 0.0, 0.0, 0.0, 0.0, 0.0, 0.0, 0.0, 0.0, 0.0, 0.0, 0.0, 0.0, 0.0, 0.0, 0.0, 0.0, 0.0, 0.0, 0.0, 0.0, 0.0, 0.0, 0.0, 0.0, 0.0, 0.0, 0.0, 0.0, 0.0, 0.0, 0.0, 0.0, 0.0, 0.0, 0.0, 0.0, 0.0, 0.0, 0.0, 0.0, 0.0, 0.0, 0.0, 0.0, 0.0, 0.0, 0.0, 0.0, 0.0, 0.0, 0.0, 0.0, 0.0, 0.0, 0.0, 0.0, 0.0, 0.0, 0.0, 0.0, 0.0, 0.0, 0.0, 0.0, 0.0, 0.0, 0.0], "tokens": ["sala", "topazio-overlooking", "the", "pool", ",", "this", "restaurant", "specializes", "in", "local", "cuisine", "and", "serves", "breakfast", ",", "lunch", ",", "and", "dinner", ".", "guests", "can", "enjoy", "alfresco", "dining", "(", "weather", "permitting", ")", ".", "a", "children", "'s", "menu", "is", "available", ".", "24-hour", "room", "service", "is", "available", ".", "in", "addition", "to", "a", "full-service", "spa", ",", "fonte", "del", "benessere", "resort", "features", "an", "outdoor", "pool", "and", "a", "24-hour", "fitness", "center", ".", "the", "hotel", "offers", "a", "restaurant", ".", "a", "bar/lounge", "is", "on", "site", "where", "guests", "can", "unwind", "with", "a", "drink", ".", "a", "complimentary", "breakfast", "is", "offered", ".", "high-speed", "wireless", "internet", "access", "is", "complimentary", "."], "end_index": 19, "url": "https://www.expedia.com/Castelpetroso-Hotels-Fonte-Del-Benessere-Resort.h4338927.Hotel-Information", "logits_start": [0.05348389223217964, 0.016533764079213142, 0.008110087364912033, 0.04708157479763031, 0.0020174283999949694, 0.010685773566365242, 0.04241911321878433, 0.04453926160931587, 0.06533023715019226, 0.36240386962890625, 0.10933622717857361, 0.0019822889007627964, 0.029419727623462677, 0.008711211383342743, 0.0007083633099682629, 0.010391104966402054, 0.0003923936455976218, 0.0014474637573584914, 0.0035765741486102343, 0.00022846924548503011, 0.005654810927808285, 0.000762411393225193, 0.0010489242849871516, 0.0014453836483880877, 0.0012142036575824022, 0.00035802990896627307, 0.0024221460334956646, 0.0014982313150539994, 0.00022805498156230897, 0.0002304280933458358, 0.004970731679350138, 0.0005775546887889504, 0.0005107889301143587, 0.00040533323772251606, 0.0003680885711219162, 0.0011467357398942113, 0.0004118125361856073, 0.007314604241400957, 0.0010216928785666823, 0.0028052260167896748, 0.00035650350037030876, 0.0012638759799301624, 0.000649201509077102, 0.012221417389810085, 0.010601693764328957, 0.004653241951018572, 0.007925973273813725, 0.059239547699689865, 0.011808643117547035, 0.00032321223989129066, 0.011395519599318504, 0.0032311715185642242, 0.0028018823359161615, 0.0009068255894817412, 6.846805626992136e-05, 0.00045095369569025934, 0.0006184792146086693, 0.0013301181606948376, 5.841790698468685e-05, 0.0003851664368994534, 0.0009287328575737774, 0.00031390771619044244, 0.001272036461159587, 6.0562746512005106e-05, 0.0028035182040184736, 0.0008622512104921043, 0.00024120989837683737, 0.0003054336120840162, 0.0006953702541068196, 6.209599087014794e-05, 0.0020963395945727825, 0.00031925571965985, 0.00010620601824484766, 0.00025826640194281936, 0.0006418305565603077, 0.00031434392440132797, 0.00024728517746552825, 0.00010867258242797107, 0.00016032486746553332, 7.712465594522655e-05, 0.00013315744581632316, 0.00021719215146731585, 3.0936585972085595e-05, 0.0007612769259139895, 0.00010295627726009116, 0.00010469575499882922, 7.769146031932905e-05, 0.00022050976986065507, 7.050504063954577e-05, 0.0019833731930702925, 0.0003355955705046654, 7.179743988672271e-05, 0.00013792979007121176, 7.298048149095848e-05, 0.000263669848209247, 5.67033639526926e-05, 0.0, 0.0, 0.0, 0.0, 0.0, 0.0, 0.0, 0.0, 0.0, 0.0, 0.0, 0.0, 0.0, 0.0, 0.0, 0.0, 0.0, 0.0, 0.0, 0.0, 0.0, 0.0, 0.0, 0.0, 0.0, 0.0, 0.0, 0.0, 0.0, 0.0, 0.0, 0.0, 0.0, 0.0, 0.0, 0.0, 0.0, 0.0, 0.0, 0.0, 0.0, 0.0, 0.0, 0.0, 0.0, 0.0, 0.0, 0.0, 0.0, 0.0, 0.0, 0.0, 0.0, 0.0, 0.0, 0.0, 0.0, 0.0, 0.0, 0.0, 0.0, 0.0, 0.0, 0.0, 0.0, 0.0, 0.0, 0.0, 0.0, 0.0, 0.0, 0.0, 0.0, 0.0, 0.0, 0.0, 0.0, 0.0, 0.0, 0.0, 0.0, 0.0, 0.0, 0.0, 0.0, 0.0, 0.0, 0.0, 0.0, 0.0, 0.0, 0.0, 0.0, 0.0, 0.0, 0.0, 0.0],