{"passages": [{"relevance": 0.3528493672674748, "logits_end": [0.0026439239736646414, 0.0016696269158273935, 0.0005071325576864183, 0.036816347390413284, 0.001530654146336019, 0.00021579251915682107, 0.0009446906042285264, 0.009265248663723469, 0.00025054975412786007, 0.003706227755174041, 0.05050092190504074, 0.00030616819276474416, 0.003586757695302367, 0.04769797623157501, 0.0005828490247949958, 0.04524204507470131, 0.001744886627420783, 0.0002502050483599305, 0.06931789219379425, 0.32739755511283875, 0.0021464978344738483, 0.00025301985442638397, 0.00015852357319090515, 0.0007038760231807828, 0.010115528479218483, 0.0007365081692114472, 0.0011875161435455084, 0.02175879292190075, 0.010079197585582733, 0.08248048275709152, 0.0008069496252574027, 0.0004502954543568194, 0.0002487697929609567, 0.0013762344606220722, 0.00010792168177431449, 0.0007173512130975723, 0.010621005669236183, 0.0027052497025579214, 0.0003414017555769533, 0.0061552440747618675, 0.00016432629490736872, 0.0008403494139201939, 0.007359956856817007, 7.481963257305324e-05, 0.0031404097098857164, 8.61040607560426e-05, 2.7809406674350612e-05, 0.001377483014948666, 0.010198439471423626, 9.719117224449292e-05, 0.01037740707397461, 0.0016646775184199214, 0.004509388003498316, 0.022156350314617157, 0.0005971140926703811, 8.242664625868201e-05, 0.0006896225968375802, 0.011673346161842346, 0.0001549416483612731, 2.1129584638401866e-05, 0.0033894386142492294, 0.0011535778176039457, 0.008832715451717377, 0.03822438791394234, 0.00020274566486477852, 0.0032933815382421017, 0.00031469090026803315, 3.5013723390875384e-05, 0.01025413814932108, 0.020031999796628952, 0.00015419151168316603, 0.007583044469356537, 0.00014847880811430514, 0.0003024744219146669, 0.005103857256472111, 0.0003068395017180592, 0.002685852814465761, 0.00020690285600721836, 0.008659028448164463, 0.0002642697363626212, 7.682649447815493e-05, 0.008295362815260887, 0.020367268472909927, 5.134731327416375e-05, 0.002038542879745364, 0.004130128771066666, 0.00014972548524383456, 0.0025127131957560778, 0.006963403895497322, 0.002244965871796012, 0.0007919685449451208, 0.00025918238679878414, 0.00018672765872906893, 5.887206498300657e-05, 0.003654573345556855, 0.004450218286365271, 0.0, 0.0, 0.0, 0.0, 0.0, 0.0, 0.0, 0.0, 0.0, 0.0, 0.0, 0.0, 0.0, 0.0, 0.0, 0.0, 0.0, 0.0, 0.0, 0.0, 0.0, 0.0, 0.0, 0.0, 0.0, 0.0, 0.0, 0.0, 0.0, 0.0, 0.0, 0.0, 0.0, 0.0, 0.0, 0.0, 0.0, 0.0, 0.0, 0.0, 0.0, 0.0, 0.0, 0.0, 0.0, 0.0, 0.0, 0.0, 0.0, 0.0, 0.0, 0.0, 0.0, 0.0, 0.0, 0.0, 0.0, 0.0, 0.0, 0.0, 0.0, 0.0, 0.0, 0.0, 0.0, 0.0, 0.0, 0.0, 0.0, 0.0, 0.0, 0.0, 0.0, 0.0, 0.0, 0.0, 0.0, 0.0, 0.0, 0.0, 0.0, 0.0, 0.0, 0.0, 0.0, 0.0, 0.0, 0.0, 0.0, 0.0, 0.0, 0.0, 0.0, 0.0, 0.0, 0.0, 0.0], "tokens": ["sala", "topazio-overlooking", "the", "pool", ",", "this", "restaurant", "specializes", "in", "local", "cuisine", "and", "serves", "breakfast", ",", "lunch", ",", "and", "dinner", ".", "guests", "can", "enjoy", "alfresco", "dining", "(", "weather", "permitting", ")", ".", "a", "children", "'s", "menu", "is", "available", ".", "24-hour", "room", "service", "is", "available", ".", "in", "addition", "to", "a", "full-service", "spa", ",", "fonte", "del", "benessere", "resort", "features", "an", "outdoor", "pool", "and", "a", "24-hour", "fitness", "center", ".", "the", "hotel", "offers", "a", "restaurant", ".", "a", "bar/lounge", "is", "on", "site", "where", "guests", "can", "unwind", "with", "a", "drink", ".", "a", "complimentary", "breakfast", "is", "offered", ".", "high-speed", "wireless", "internet", "access", "is", "complimentary", "."], "url": "https://www.expedia.com/Castelpetroso-Hotels-Fonte-Del-Benessere-Resort.h4338927.Hotel-Information", "logits_start": [0.055839866399765015, 0.017386607825756073, 0.02131960727274418, 0.0849473625421524, 0.0016262717545032501, 0.009861292317509651, 0.04693811386823654, 0.03062061220407486, 0.04844540357589722, 0.23907063901424408, 0.020646238699555397, 0.002924636472016573, 0.059790607541799545, 0.024143584072589874, 0.002611380536109209, 0.0346575491130352, 0.001448069466277957, 0.0030932049266994, 0.020096302032470703, 0.00023261997557710856, 0.005665254313498735, 0.0006927669746801257, 0.0016193074407055974, 0.0057950709015131, 0.0017648525536060333, 0.00018363853450864553, 0.003228898625820875, 0.0006269653094932437, 8.644582703709602e-05, 7.695245585637167e-05, 0.0038453065790235996, 0.000220973786781542, 0.0003234512696508318, 0.000790203339420259, 5.886004146304913e-05, 0.0001804049825295806, 0.0001443118671886623, 0.01008403766900301, 0.0009329189779236913, 0.003911648876965046, 0.00010717048280639574, 0.00025215238565579057, 0.00020055545610375702, 0.014997496269643307, 0.010060697793960571, 0.0016113383462652564, 0.0035141592379659414, 0.054796986281871796, 0.003070770064368844, 0.0006592448917217553, 0.015872813761234283, 0.0012153205461800098, 0.017130129039287567, 0.001064692041836679, 0.0002969194611068815, 0.0014428022550418973, 0.008609727025032043, 0.0021633615251630545, 0.00013566248526331037, 0.0010769746731966734, 0.014761865139007568, 0.0005085565499030054, 0.0022142829839140177, 6.38501878711395e-05, 0.005869633052498102, 0.0019460954936221242, 0.0004647634632419795, 0.00038882653461769223, 0.009121622890233994, 0.00011961798736592755, 0.013485673815011978, 0.007150760851800442, 0.00031181712984107435, 0.0026281019672751427, 0.00735483830794692, 0.0029625731986016035, 0.006481844466179609, 0.0005065627628937364, 0.0048590064980089664, 0.00016592747124377638, 0.00021799442765768617, 0.003378543071448803, 3.8064743421273306e-05, 0.0011997581459581852, 0.0009326352155767381, 0.0003686844720505178, 2.929143374785781e-05, 0.00063077308004722, 3.452213786658831e-05, 0.002413069596514106, 0.00013109981955494732, 0.00014533445937559009, 0.00022757507394999266, 8.026314753806219e-05, 0.004511892795562744, 8.310948760481551e-05, 0.0, 0.0, 0.0, 0.0, 0.0, 0.0, 0.0, 0.0, 0.0, 0.0, 0.0, 0.0, 0.0, 0.0, 0.0, 0.0, 0.0, 0.0, 0.0, 0.0, 0.0, 0.0, 0.0, 0.0, 0.0, 0.0, 0.0, 0.0, 0.0, 0.0, 0.0, 0.0, 0.0, 0.0, 0.0, 0.0, 0.0, 0.0, 0.0, 0.0, 0.0, 0.0, 0.0, 0.0, 0.0, 0.0, 0.0, 0.0, 0.0, 0.0, 0.0, 0.0, 0.0, 0.0, 0.0, 0.0, 0.0, 0.0, 0.0, 0.0, 0.0, 0.0, 0.0, 0.0, 0.0, 0.0, 0.0, 0.0, 0.0, 0.0, 0.0, 0.0, 0.0, 0.0, 0.0, 0.0, 0.0, 0.0, 0.0, 0.0, 0.0, 0.0, 0.0, 0.0, 0.0, 0.0, 0.0, 0.0, 0.0, 0.0, 0.0, 0.0, 0.0, 0.0, 0.0, 0.0, 0.0]}, {"selected": true,