{"query_id": 7395, "passages": [{"logits_start": [0.024327877908945084, 0.023989783599972725, 0.07004871219396591, 0.004436755087226629, 0.0668577253818512, 0.007021842058748007, 0.01308385655283928, 0.008753118105232716, 0.033540260046720505, 0.009954540058970451, 0.011851238086819649, 0.00665759202092886, 0.0319477878510952, 0.010014439933001995, 0.026002582162618637, 0.011634554713964462, 0.016465919092297554, 0.01639275811612606, 0.0027711582370102406, 0.11146028339862823, 0.010454216040670872, 0.01111579593271017, 0.005594126880168915, 0.003251197747886181, 0.005053077358752489, 0.00526277394965291, 0.004214009735733271, 0.00159096485003829, 0.05522327125072479, 0.0033670568373054266, 0.005884227342903614, 0.0067429919727146626, 0.0047944835387170315, 0.0035745524801313877, 0.01282406970858574, 0.0035058162175118923, 0.010363472625613213, 0.0024744514375925064, 0.003013839013874531, 0.0061597698368132114, 0.0033020307309925556, 0.0009356949012726545, 0.017258429899811745, 0.0034418993163853884, 0.0041222828440368176, 0.0015341655816882849, 0.0038708269130438566, 0.002763219643384218, 0.002731839893385768, 0.008632815442979336, 0.0008538013207726181, 0.017880374565720558, 0.0020796044263988733, 0.0025091134011745453, 0.012822791934013367, 0.00346206477843225, 0.013454308733344078, 0.004939110949635506, 0.002910211682319641, 0.001795144286006689, 0.002254287013784051, 0.0013911444693803787, 0.0019402956822887063, 0.002180154202505946, 0.001919658505357802, 0.0007367629441432655, 0.035254932940006256, 0.0027499652933329344, 0.002943051513284445, 0.007484095171093941, 0.0031133461743593216, 0.0020082585979253054, 0.0013048971304669976, 0.0016870760591700673, 0.0013227099552750587, 0.0014296858571469784, 0.009959029033780098, 0.0006560074398294091, 0.032279808074235916, 0.0023670659866183996, 0.002383242826908827, 0.005858396179974079, 0.0024372905027121305, 0.001645922427996993, 0.0011653598630800843, 0.001865282654762268, 0.00048033794155344367, 0.02384844794869423, 0.0017607806948944926, 0.0018003459554165602, 0.004904472269117832, 0.0019019268220290542, 0.0012528266524896026, 0.000844053050968796, 0.0010763087775558233, 0.0007335449336096644, 0.0007635978981852531, 0.0012900384608656168, 0.0005635080160573125, 0.0012291737366467714, 0.0005091667408123612, 0.0006366202142089605, 0.0008820421062409878, 0.0006462870514951646, 0.0029750375542789698, 0.00029262530733831227, 0.013202235102653503, 0.0007183949928730726, 0.0036168897058814764, 0.0012588809477165341, 0.0009587972308509052, 0.0008217185968533158, 0.0005284170620143414, 0.00022848766820970923, 0.0053795031271874905, 0.00044475181493908167, 0.0006050721858628094, 0.00052621093345806, 0.0005625024205073714, 0.00048586417688056827, 0.0004403148195706308, 0.0005679000751115382, 0.00043284310959279537, 0.0004606110160239041, 0.00041460152715444565, 0.0006190035492181778, 0.0003312400949653238, 0.0004420666373334825, 0.0003311543259769678, 0.00031466560903936625, 0.00039268305408768356, 0.00027439810219220817, 0.0003289436281193048, 0.0003840336576104164, 0.0003014909743797034, 0.0006771932239644229, 0.0002446543367113918, 0.0005789612187072635, 0.00025840228772722185, 0.00032074915361590683, 0.00022362149320542812, 0.00024028614279814065, 0.0002855409402400255, 9.141193004325032e-05, 0.0, 0.0, 0.0, 0.0, 0.0, 0.0, 0.0, 0.0, 0.0, 0.0, 0.0, 0.0, 0.0, 0.0, 0.0, 0.0, 0.0, 0.0, 0.0, 0.0, 0.0, 0.0, 0.0, 0.0, 0.0, 0.0, 0.0, 0.0, 0.0, 0.0, 0.0, 0.0, 0.0, 0.0, 0.0, 0.0, 0.0, 0.0, 0.0, 0.0, 0.0, 0.0, 0.0, 0.0, 0.0, 0.0, 0.0, 0.0, 0.0, 0.0, 0.0, 0.0, 0.0, 0.0, 0.0, 0.0, 0.0, 0.0, 0.0, 0.0, 0.0, 0.0, 0.0, 0.0, 0.0, 0.0, 0.0, 0.0, 0.0, 0.0, 0.0, 0.0, 0.0, 0.0, 0.0, 0.0, 0.0, 0.0, 0.0, 0.0, 0.0, 0.0, 0.0, 0.0, 0.0, 0.0, 0.0, 0.0, 0.0, 0.0, 0.0, 0.0, 0.0, 0.0, 0.0, 0.0], "logits_end": [0.0028870960231870413, 0.003796408884227276, 0.01225933525711298, 0.015794795006513596, 0.003034099703654647, 0.0016695200465619564, 0.0022161747328937054, 0.0021549377124756575, 0.002377206226810813, 0.0023651013616472483, 0.002712777815759182, 0.002937218639999628, 0.009994857013225555, 0.006417945958673954, 0.011667946353554726, 0.00684194965288043, 0.01788938418030739, 0.028431525453925133, 0.06274140626192093, 0.012912305071949959, 0.003712759353220463, 0.0026108003221452236, 0.0018493388779461384, 0.0011908246669918299, 0.0016347875352948904, 0.00527968630194664, 0.012344988994300365, 0.12816058099269867, 0.0026179272681474686, 0.0010537762427702546, 0.0008807885460555553, 0.0011352567235007882, 0.0012655414175242186, 0.0017390999710187316, 0.0038975602947175503, 0.0019802674651145935, 0.0030313513707369566, 0.001702038454823196, 0.0013406643411144614, 0.005874802358448505, 0.008546262979507446, 0.13131949305534363, 0.0005554459639824927, 0.0006466616760008037, 0.0013629943132400513, 0.001163182663731277, 0.0008441027021035552, 0.0017882721731439233, 0.0030608628876507282, 0.01036685612052679, 0.06994164735078812, 0.0004891688004136086, 0.0004347269132267684, 0.0008823320968076587, 0.00335813220590353, 0.001329519902355969, 0.002042642794549465, 0.0016141131054610014, 0.0010165327694267035, 0.0007076480542309582, 0.0018780265236273408, 0.0005789635470137, 0.0007701431750319898, 0.0022601319942623377, 0.00604456290602684, 0.10162100940942764, 0.0026157605461776257, 0.0009553185664117336, 0.0005818689824081957, 0.001173818134702742, 0.000905681517906487, 0.0005899950629100204, 0.00038678705459460616, 0.00047794292913749814, 0.0007529739523306489, 0.0019968803972005844, 0.011936262249946594, 0.07166595011949539, 0.002227575983852148, 0.0007014083093963563, 0.0004242883005645126, 0.0009169732802547514, 0.0007878519245423377, 0.0005749962292611599, 0.0005581125733442605, 0.0032322255428880453, 0.0357925184071064, 0.0016145079862326384, 0.00039480015402659774, 0.00024401811242569238, 0.0005039089010097086, 0.0003911320527549833, 0.00026221113512292504, 0.00017444627883378416, 0.00020724130445159972, 0.00022160469961818308, 0.00031157946796156466, 0.00031400032457895577, 0.000334446900524199, 0.0004012758145108819, 0.0003864616737700999, 0.0002909178438130766, 0.0005956099485047162, 0.0012982317712157965, 0.006427660584449768, 0.05702352151274681, 0.0009181773639284074, 0.0002606282941997051, 0.0005096521927043796, 0.00037037004949525, 0.00038111183675937355, 0.00042982713785022497, 0.0008068818715400994, 0.011809955351054668, 0.00012257949856575578, 6.012791709508747e-05, 4.994758273824118e-05, 5.9398447774583474e-05, 4.619631727109663e-05, 3.9900791307445616e-05, 5.325712118064985e-05, 9.539160237181932e-05, 4.396317672217265e-05, 9.289305307902396e-05, 6.449408829212189e-05, 4.788526348420419e-05, 3.975777872256003e-05, 4.716157491202466e-05, 4.6805878810118884e-05, 4.209463077131659e-05, 5.424375558504835e-05, 5.321955177350901e-05, 5.436984065454453e-05, 5.9807854995597154e-05, 5.199907172936946e-05, 0.000209822814213112, 0.0001415255683241412, 0.00021599435422103852, 6.57772907288745e-05, 5.935148146818392e-05, 7.068798004183918e-05, 0.00010475425369804725, 0.0003256643540225923, 0.022413471713662148, 0.0, 0.0, 0.0, 0.0, 0.0, 0.0, 0.0, 0.0, 0.0, 0.0, 0.0, 0.0, 0.0, 0.0, 0.0, 0.0, 0.0, 0.0, 0.0, 0.0, 0.0, 0.0, 0.0, 0.0, 0.0, 0.0, 0.0, 0.0, 0.0, 0.0, 0.0, 0.0, 0.0, 0.0, 0.0, 0.0, 0.0, 0.0, 0.0, 0.0, 0.0, 0.0, 0.0, 0.0, 0.0, 0.0, 0.0, 0.0, 0.0, 0.0, 0.0, 0.0, 0.0, 0.0, 0.0, 0.0, 0.0, 0.0, 0.0, 0.0, 0.0, 0.0, 0.0, 0.0, 0.0, 0.0, 0.0, 0.0, 0.0, 0.0, 0.0, 0.0, 0.0, 0.0, 0.0, 0.0, 0.0, 0.0, 0.0, 0.0, 0.0, 0.0, 0.0, 0.0, 0.0, 0.0, 0.0, 0.0, 0.0, 0.0, 0.0, 0.0, 0.0, 0.0, 0.0, 0.0], "relevance": 0.6776601769682135,