{"query_id": 7897, "passages": [{"start_index": 19, "relevance": 0.4575939947559229, "logits_end": [0.00033268402330577374, 0.0004336630809120834, 0.0249058585613966, 0.046936701983213425, 0.0001614727807464078, 0.0005758245242759585, 0.0006408813060261309, 0.0005554606905207038, 0.0003513230476528406, 0.0016572464955970645, 0.00040948548121377826, 0.03560817614197731, 0.04976198449730873, 0.00016160127415787429, 0.002608997980132699, 0.0002655327843967825, 0.00020653827232308686, 0.00045380412484519184, 0.0016600247472524643, 0.2835475504398346, 0.011159054934978485, 0.01981012523174286, 0.0018670427380129695, 0.008671729825437069, 0.0018491437658667564, 0.012700128369033337, 0.003591531654819846, 0.029162142425775528, 0.00501907616853714, 0.002254008548334241, 0.0063088019378483295, 0.0012744821142405272, 0.004832383245229721, 0.001091241487301886, 0.0015155915170907974, 0.0007311698864214122, 0.0005851105088368058, 0.0006311186589300632, 0.0005817715427838266, 0.00716002844274044, 0.09994394332170486, 0.0009057737770490348, 0.0003882060700561851, 0.027898088097572327, 0.0014882516115903854, 0.00041478898492641747, 0.020174136385321617, 0.0006952220574021339, 0.0004466060199774802, 0.02018761821091175, 0.0019227300072088838, 0.0003689373261295259, 0.0014915751526132226, 0.0006677072960883379, 0.00033671106211841106, 0.003126214724034071, 0.0009460083092562854, 0.0007374761044047773, 0.00033043252187781036, 0.02579278126358986, 0.0006021096487529576, 0.00036999682197347283, 0.005545936990529299, 0.0012041527079418302, 0.0002757300389930606, 0.000667524232994765, 0.00029737851582467556, 0.011869395151734352, 0.07403340935707092, 0.0010241649579256773, 0.0002748720580711961, 0.00018221410573460162, 0.0007086849072948098, 0.00015502702444791794, 0.00010994698095601052, 0.0005591078661382198, 0.00014008916332386434, 0.0005991277284920216, 0.0001183625718113035, 0.0012722299434244633, 0.0004539220535662025, 0.000124507729196921, 0.000103003803815227, 0.00020514772040769458, 0.012846161611378193, 0.019104663282632828, 5.502654312294908e-05, 7.935512985568494e-05, 0.0010404683416709304, 0.0006916203419677913, 4.1972598410211504e-05, 6.85152190271765e-05, 0.000660753226839006, 7.337079296121374e-05, 0.0009197042672894895, 0.007116835098713636, 0.0005453569465316832, 0.00030063866870477796, 0.0010533094173297286, 0.00022813439136371017, 0.02367914281785488, 0.05030524730682373, 0.0, 0.0, 0.0, 0.0, 0.0, 0.0, 0.0, 0.0, 0.0, 0.0, 0.0, 0.0, 0.0, 0.0, 0.0, 0.0, 0.0, 0.0, 0.0, 0.0, 0.0, 0.0, 0.0, 0.0, 0.0, 0.0, 0.0, 0.0, 0.0, 0.0, 0.0, 0.0, 0.0, 0.0, 0.0, 0.0, 0.0, 0.0, 0.0, 0.0, 0.0, 0.0, 0.0, 0.0, 0.0, 0.0, 0.0, 0.0, 0.0, 0.0, 0.0, 0.0, 0.0, 0.0, 0.0, 0.0, 0.0, 0.0, 0.0, 0.0, 0.0, 0.0, 0.0, 0.0, 0.0, 0.0, 0.0, 0.0, 0.0, 0.0, 0.0, 0.0, 0.0, 0.0, 0.0, 0.0, 0.0, 0.0, 0.0, 0.0, 0.0, 0.0, 0.0, 0.0, 0.0, 0.0, 0.0, 0.0, 0.0, 0.0, 0.0], "tokens": ["the", "food", "chain", ".", "a", "cheetah", "chases", "down", "and", "devours", "a", "zebra", ".", "the", "scene", "is", "not", "uncommon", "in", "etosha", ",", "where", "the", "cycle", "of", "life", ",", "death", ",", "and", "birth", "has", "played", "out", "longer", "than", "any", "human", "can", "remember", ".", "in", "this", "situation", ",", "the", "cheetah", "is", "the", "predator", ",", "the", "animal", "that", "is", "eating", ",", "while", "the", "zebra", "is", "the", "prey", ",", "the", "animal", "being", "eaten", ".", "predators", "and", "prey", "comprise", "only", "a", "portion", "of", "what", "is", "commonly", "known", "as", "a", "food", "chain", ".", "a", "food", "chain", "explains", "how", "food", "energy", "is", "transferred", "between", "living", "things", "in", "an", "environment", "."], "end_index": 19, "url": "http://www.pbs.org/edens/etosha/fm_foodchain.htm", "logits_start": [0.016433801501989365, 0.00433883024379611, 0.010120278224349022, 0.0009815603261813521, 0.047050997614860535, 0.004681036341935396, 0.0036377718206495047, 0.004170139320194721, 0.001624286058358848, 0.0066137840040028095, 0.0025748463813215494, 0.013261544518172741, 0.0011911607580259442, 0.06808260828256607, 0.009306130930781364, 0.00378696178086102, 0.0042307693511247635, 0.00819252710789442, 0.036910999566316605, 0.48700061440467834, 0.0019107389962300658, 0.015971191227436066, 0.004776558373123407, 0.007936347275972366, 0.0035655759274959564, 0.01078375056385994, 0.0009345605503767729, 0.008391647599637508, 0.00040487220394425094, 0.001016594236716628, 0.0017742464551702142, 0.0007688687765039504, 0.002597582759335637, 0.0010312049416825175, 0.0008702928898856044, 0.000731124309822917, 0.0007960467482917011, 0.0011390751460567117, 0.0006303274421952665, 0.0027640778571367264, 0.00042757726623676717, 0.015548931434750557, 0.003503290703520179, 0.01917986571788788, 0.0004520558286458254, 0.0036951694637537003, 0.010877491906285286, 0.000667081621941179, 0.002626667497679591, 0.008298197761178017, 0.00018508420907892287, 0.0014039373490959406, 0.0012722191167995334, 0.0006052216631360352, 0.001403986127115786, 0.002987445332109928, 0.00037146854447200894, 0.0018962655449286103, 0.002567657735198736, 0.009666682220995426, 0.00044473211164586246, 0.0017933596391230822, 0.002703058300539851, 0.0001647507888264954, 0.0012054690159857273, 0.00119324482511729, 0.0009613839793018997, 0.0037013080436736345, 0.00014638852735515684, 0.006466798484325409, 0.00024969063815660775, 0.0008336676401086152, 0.000696048024110496, 0.00032058951910585165, 0.0007464995724149048, 0.0007453432190231979, 0.000531582219991833, 0.0005805181572213769, 0.0007453190628439188, 0.0012652130099013448, 0.0007184803835116327, 0.0007632183260284364, 0.001272446708753705, 0.0018539672018960118, 0.00511994119733572, 0.00013422059419099241, 0.006898964289575815, 0.0007653331267647445, 0.001720528001897037, 0.000475568842375651, 0.00193664466496557, 0.0016985455295071006, 0.003021006006747484, 0.0010712695075199008, 0.009625931270420551, 0.015639416873455048, 0.002910180017352104, 0.0032024378888309, 0.009647482074797153, 0.0030364664271473885, 0.012282710522413254, 8.847444405546412e-05, 0.0, 0.0, 0.0, 0.0, 0.0, 0.0, 0.0, 0.0, 0.0, 0.0, 0.0, 0.0, 0.0, 0.0, 0.0, 0.0, 0.0, 0.0, 0.0, 0.0, 0.0, 0.0, 0.0, 0.0, 0.0, 0.0, 0.0, 0.0, 0.0, 0.0, 0.0, 0.0, 0.0, 0.0, 0.0, 0.0, 0.0, 0.0, 0.0, 0.0, 0.0, 0.0, 0.0, 0.0, 0.0, 0.0, 0.0, 0.0, 0.0, 0.0, 0.0, 0.0, 0.0, 0.0, 0.0, 0.0, 0.0, 0.0, 0.0, 0.0, 0.0, 0.0, 0.0, 0.0, 0.0, 0.0, 0.0, 0.0, 0.0, 0.0, 0.0, 0.0, 0.0, 0.0, 0.0, 0.0, 0.0, 0.0, 0.0, 0.0, 0.0, 0.0, 0.0, 0.0, 0.0, 0.0, 0.0, 0.0, 0.0, 0.0, 0.0],