{"passages": [{"tokens": ["the", "food", "chain", ".", "a", "cheetah", "chases", "down", "and", "devours", "a", "zebra", ".", "the", "scene", "is", "not", "uncommon", "in", "etosha", ",", "where", "the", "cycle", "of", "life", ",", "death", ",", "and", "birth", "has", "played", "out", "longer", "than", "any", "human", "can", "remember", ".", "in", "this", "situation", ",", "the", "cheetah", "is", "the", "predator", ",", "the", "animal", "that", "is", "eating", ",", "while", "the", "zebra", "is", "the", "prey", ",", "the", "animal", "being", "eaten", ".", "predators", "and", "prey", "comprise", "only", "a", "portion", "of", "what", "is", "commonly", "known", "as", "a", "food", "chain", ".", "a", "food", "chain", "explains", "how", "food", "energy", "is", "transferred", "between", "living", "things", "in", "an", "environment", "."], "end_index": 19, "selected": true, "logits_start": [0.025757530704140663, 0.005605384241789579, 0.015277327038347721, 0.0012636458268389106, 0.0691174566745758, 0.006231802515685558, 0.005926493555307388, 0.0051445504650473595, 0.005175964906811714, 0.01471314299851656, 0.007072502747178078, 0.03987055644392967, 0.0006829967605881393, 0.04171836003661156, 0.0065387035720050335, 0.0056158932857215405, 0.006022899877279997, 0.007973466999828815, 0.0524100586771965, 0.49786004424095154, 0.0016787423519417644, 0.004148461390286684, 0.0021268539130687714, 0.0022097143810242414, 0.0015833768993616104, 0.0026773728895932436, 0.0013861284824088216, 0.0039508449845016, 0.0008744909428060055, 0.0010258438996970654, 0.002156366128474474, 0.0010985443368554115, 0.00202381843701005, 0.0008690677350386977, 0.0008276340086013079, 0.0006722821854054928, 0.0006947574438527226, 0.0007754682446829975, 0.0008024786948226392, 0.0026950864121317863, 0.0002760567294899374, 0.014876536093652248, 0.0016500046476721764, 0.003281631274148822, 0.0009454816463403404, 0.0018463876331225038, 0.007279537618160248, 0.0012829378247261047, 0.0014458129880949855, 0.006805608049035072, 0.00056503526866436, 0.0008565264288336039, 0.0010209467727690935, 0.0009097239817492664, 0.0010865870863199234, 0.002769354498013854, 0.0006787210004404187, 0.0011033294722437859, 0.0017929815221577883, 0.007499889470636845, 0.000892827520146966, 0.0009481272427365184, 0.001974521204829216, 0.0004559168592095375, 0.0006402102299034595, 0.0007908466504886746, 0.0008352567674592137, 0.003639352275058627, 0.0001384629576932639, 0.008375603705644608, 0.0004941879888065159, 0.0007400353206321597, 0.0008193674730136991, 0.0006797036621719599, 0.0008748212130740285, 0.0012174234725534916, 0.0008286208030767739, 0.0010562653187662363, 0.0010434708092361689, 0.0016549057327210903, 0.0013588350266218185, 0.0010948424460366368, 0.0013665491715073586, 0.002064596861600876, 0.010392498224973679, 0.00010352600656915456, 0.005213057156652212, 0.0005620685406029224, 0.000990888336673379, 0.0007140712696127594, 0.0006922369357198477, 0.0006999266915954649, 0.0011766680981963873, 0.0012031059013679624, 0.00716051971539855, 0.0037669844459742308, 0.001225573243573308, 0.0010085002286359668, 0.004634680692106485, 0.0016358611173927784, 0.012555686756968498, 5.0198057579109445e-05, 0.0, 0.0, 0.0, 0.0, 0.0, 0.0, 0.0, 0.0, 0.0, 0.0, 0.0, 0.0, 0.0, 0.0, 0.0, 0.0, 0.0, 0.0, 0.0, 0.0, 0.0, 0.0, 0.0, 0.0, 0.0, 0.0, 0.0, 0.0, 0.0, 0.0, 0.0, 0.0, 0.0, 0.0, 0.0, 0.0, 0.0, 0.0, 0.0, 0.0, 0.0, 0.0, 0.0, 0.0, 0.0, 0.0, 0.0, 0.0, 0.0, 0.0, 0.0, 0.0, 0.0, 0.0, 0.0, 0.0, 0.0, 0.0, 0.0, 0.0, 0.0, 0.0, 0.0, 0.0, 0.0, 0.0, 0.0, 0.0, 0.0, 0.0, 0.0, 0.0, 0.0, 0.0, 0.0, 0.0, 0.0, 0.0, 0.0, 0.0, 0.0, 0.0, 0.0, 0.0, 0.0, 0.0, 0.0, 0.0, 0.0, 0.0, 0.0], "logits_end": [0.00014090639888308942, 0.0002738306357059628, 0.007403679192066193, 0.02596701867878437, 0.00011037394870072603, 0.001317187794484198, 0.001107060699723661, 0.0006956622237339616, 0.00034320596023462713, 0.002024101559072733, 0.0004689919878728688, 0.03476787358522415, 0.11052115261554718, 0.00025229851598851383, 0.001656106673181057, 0.0005699276807717979, 0.00043718170491047204, 0.00038112999754957855, 0.0007478281622752547, 0.39172056317329407, 0.005061994306743145, 0.006508133374154568, 0.001959179062396288, 0.003824814222753048, 0.0014092890778556466, 0.004585622809827328, 0.0021966039203107357, 0.013801317662000656, 0.003072969848290086, 0.00234899646602571, 0.005233059171587229, 0.0012152347480878234, 0.0019592060707509518, 0.0007796899881213903, 0.0008926118025556207, 0.0005093822255730629, 0.0004573450714815408, 0.00047940577496774495, 0.00043083360651507974, 0.006785748526453972, 0.09639652073383331, 0.0009129028185270727, 0.0004710112698376179, 0.0024455685634166002, 0.0005975283565931022, 0.0003930345119442791, 0.010029252618551254, 0.000448082631919533, 0.00026158359833061695, 0.011314205825328827, 0.000773109495639801, 0.0004471372812986374, 0.0009316750802099705, 0.0004473505832720548, 0.00028578247292898595, 0.0018504124600440264, 0.00043316069059073925, 0.0003675661573652178, 0.00023843035160098225, 0.00974347721785307, 0.0003865003527607769, 0.00028521943022497, 0.0022021057084202766, 0.00038840220076963305, 0.00028339537675492465, 0.0005131044890731573, 0.00023803548538126051, 0.005837361793965101, 0.08439242094755173, 0.0012698282953351736, 0.00017596904945094138, 0.00024334591580554843, 0.00035652038059197366, 0.0001379452005494386, 0.00013686726742889732, 0.0004919432103633881, 0.0001544375263620168, 0.0003467478964012116, 0.00019135090406052768, 0.0004454983863979578, 0.0002602210734039545, 0.00014294263382907957, 9.68777239904739e-05, 0.000116863870061934, 0.008349685929715633, 0.049410365521907806, 7.091173756634817e-05, 7.154912600526586e-05, 0.00048606033669784665, 0.00025040231412276626, 8.424045518040657e-05, 7.324216130655259e-05, 0.0003136486338917166, 9.744081035023555e-05, 0.001222020830027759, 0.0010721203871071339, 0.00021569381351582706, 0.00014770454436074942, 0.0002350628055864945, 8.50970100145787e-05, 0.008311983197927475, 0.04720357805490494, 0.0, 0.0, 0.0, 0.0, 0.0, 0.0, 0.0, 0.0, 0.0, 0.0, 0.0, 0.0, 0.0, 0.0, 0.0, 0.0, 0.0, 0.0, 0.0, 0.0, 0.0, 0.0, 0.0, 0.0, 0.0, 0.0, 0.0, 0.0, 0.0, 0.0, 0.0, 0.0, 0.0, 0.0, 0.0, 0.0, 0.0, 0.0, 0.0, 0.0, 0.0, 0.0, 0.0, 0.0, 0.0, 0.0, 0.0, 0.0, 0.0, 0.0, 0.0, 0.0, 0.0, 0.0, 0.0, 0.0, 0.0, 0.0, 0.0, 0.0, 0.0, 0.0, 0.0, 0.0, 0.0, 0.0, 0.0, 0.0, 0.0, 0.0, 0.0, 0.0, 0.0, 0.0, 0.0, 0.0, 0.0, 0.0, 0.0, 0.0, 0.0, 0.0, 0.0, 0.0, 0.0, 0.0, 0.0, 0.0, 0.0, 0.0, 0.0], "start_index": 19, "relevance": 0.4575939947559229, "url": "http://www.pbs.org/edens/etosha/fm_foodchain.htm"}, {"tokens": ["food", "chain", ".", "in", "this", "food", "chain", "the", "carnivore", "(", "secondary", "consumer", ";", "cheetah", ")", "is", "chasing", "the", "herbivores", "(", "primary", "consumer", ";", "zebra", ")", "and", "will", "probably", "kill", "one", "of", "the", "herbivores", ".", "also", "in", "this", "picture", "there", "is", "a", "herbivore", "(", "elephant", ")", "eating", "the", "producers", "(", "tree", ")", "."],