{"passages": [{"logits_start": [0.029744593426585197, 0.00576084153726697, 0.006808527745306492, 0.0807502344250679, 0.00522548658773303, 0.008201033808290958, 0.002951701870188117, 0.011928185820579529, 0.005823894869536161, 0.009308070875704288, 0.007227030582726002, 0.004325097892433405, 0.013751361519098282, 0.003602938959375024, 0.006637102924287319, 0.00910204742103815, 0.005456955637782812, 0.01057656854391098, 0.011480556800961494, 0.014197045937180519, 0.009904835373163223, 0.02134733833372593, 0.3937782049179077, 0.050066038966178894, 0.031575921922922134, 0.0020740898326039314, 0.03516629338264465, 0.021073970943689346, 0.002771360334008932, 0.002296190243214369, 0.004572385456413031, 0.004682508297264576, 0.004039235413074493, 0.0017336404416710138, 0.010415658354759216, 0.00324022164568305, 0.003450921969488263, 0.0015061821322888136, 0.002878698753193021, 0.006818546913564205, 0.0020089333411306143, 0.002821953734382987, 0.0037109609693288803, 0.017787035554647446, 0.030470026656985283, 0.0004428731044754386, 0.01087850984185934, 0.0016657548258081079, 0.00126257527153939, 0.005027046427130699, 0.0009673652821220458, 0.0014039080124348402, 0.001011981861665845, 0.002668958157300949, 0.0012706915149465203, 0.0012813674984499812, 0.0009519231971353292, 0.0006269091973081231, 0.0013044470688328147, 0.0006560241454280913, 0.0006211419240571558, 0.0008505701553076506, 0.0005246486398391426, 0.0007369714439846575, 0.0009225471876561642, 0.0011192022357136011, 0.0007424424402415752, 0.0015797377564013004, 0.023634938523173332, 0.010148691944777966, 0.004508923273533583, 0.00013943509839009494, 0.0, 0.0, 0.0, 0.0, 0.0, 0.0, 0.0, 0.0, 0.0, 0.0, 0.0, 0.0, 0.0, 0.0, 0.0, 0.0, 0.0, 0.0, 0.0, 0.0, 0.0, 0.0, 0.0, 0.0, 0.0, 0.0, 0.0, 0.0, 0.0, 0.0, 0.0, 0.0, 0.0, 0.0, 0.0, 0.0, 0.0, 0.0, 0.0, 0.0, 0.0, 0.0, 0.0, 0.0, 0.0, 0.0, 0.0, 0.0, 0.0, 0.0, 0.0, 0.0, 0.0, 0.0, 0.0, 0.0, 0.0, 0.0, 0.0, 0.0, 0.0, 0.0, 0.0, 0.0, 0.0, 0.0, 0.0, 0.0, 0.0, 0.0, 0.0, 0.0, 0.0, 0.0, 0.0, 0.0, 0.0, 0.0, 0.0, 0.0, 0.0, 0.0, 0.0, 0.0, 0.0, 0.0, 0.0, 0.0, 0.0, 0.0, 0.0, 0.0, 0.0, 0.0, 0.0, 0.0, 0.0, 0.0, 0.0, 0.0, 0.0, 0.0, 0.0, 0.0, 0.0, 0.0, 0.0, 0.0, 0.0, 0.0, 0.0, 0.0, 0.0, 0.0, 0.0, 0.0, 0.0, 0.0, 0.0, 0.0, 0.0, 0.0, 0.0, 0.0, 0.0, 0.0, 0.0, 0.0, 0.0, 0.0, 0.0, 0.0, 0.0, 0.0, 0.0, 0.0, 0.0, 0.0, 0.0, 0.0, 0.0, 0.0, 0.0, 0.0, 0.0, 0.0, 0.0, 0.0, 0.0, 0.0, 0.0, 0.0, 0.0, 0.0, 0.0, 0.0, 0.0, 0.0, 0.0, 0.0, 0.0, 0.0, 0.0, 0.0, 0.0, 0.0, 0.0, 0.0], "end_index": 24, "start_index": 22, "url": "http://www.sheknows.com/baby-names/name/henry", "logits_end": [0.005285919643938541, 0.013739208690822124, 0.0015884984750300646, 0.006696964614093304, 0.0027590636163949966, 0.021623071283102036, 0.002451608655974269, 0.01025144848972559, 0.004473651293665171, 0.007708934601396322, 0.019990459084510803, 0.02309129573404789, 0.0008721374906599522, 0.0010013022692874074, 0.002225132193416357, 0.014412198215723038, 0.002888559130951762, 0.004122214857488871, 0.004531494341790676, 0.013187898322939873, 0.006779205985367298, 0.0034576915204524994, 0.030283968895673752, 0.02493775449693203, 0.19779056310653687, 0.15851852297782898, 0.000977143063209951, 0.016319122165441513, 0.0020783250220119953, 0.0011610392248257995, 0.0024895877577364445, 0.002594240941107273, 0.010183502919971943, 0.03389390558004379, 0.0002787084085866809, 0.0008389376453123987, 0.0038201576098799706, 0.000714428664650768, 0.0008987997425720096, 0.012942991219460964, 0.0009600500343367457, 0.00450435234233737, 0.001761619932949543, 0.005039913114160299, 0.06845992058515549, 0.1308067888021469, 0.0020691347308456898, 0.002231096848845482, 0.000602888350840658, 0.0007113601313903928, 0.00045031215995550156, 0.0024776668287813663, 0.0004537247878033668, 0.001331632025539875, 0.0015492012025788426, 0.0011496443767100573, 0.003383193863555789, 0.014800578355789185, 0.00010616857616696507, 0.00025601990637369454, 0.0001512478629592806, 0.0007499951170757413, 0.0002710575645323843, 0.00033674147562123835, 0.00038677878910675645, 0.0013056660536676645, 0.0006827634060755372, 0.0003009728097822517, 0.0012164540821686387, 0.0016772528178989887, 0.014300062321126461, 0.06165613234043121, 0.0, 0.0, 0.0, 0.0, 0.0, 0.0, 0.0, 0.0, 0.0, 0.0, 0.0, 0.0, 0.0, 0.0, 0.0, 0.0, 0.0, 0.0, 0.0, 0.0, 0.0, 0.0, 0.0, 0.0, 0.0, 0.0, 0.0, 0.0, 0.0, 0.0, 0.0, 0.0, 0.0, 0.0, 0.0, 0.0, 0.0, 0.0, 0.0, 0.0, 0.0, 0.0, 0.0, 0.0, 0.0, 0.0, 0.0, 0.0, 0.0, 0.0, 0.0, 0.0, 0.0, 0.0, 0.0, 0.0, 0.0, 0.0, 0.0, 0.0, 0.0, 0.0, 0.0, 0.0, 0.0, 0.0, 0.0, 0.0, 0.0, 0.0, 0.0, 0.0, 0.0, 0.0, 0.0, 0.0, 0.0, 0.0, 0.0, 0.0, 0.0, 0.0, 0.0, 0.0, 0.0, 0.0, 0.0, 0.0, 0.0, 0.0, 0.0, 0.0, 0.0, 0.0, 0.0, 0.0, 0.0, 0.0, 0.0, 0.0, 0.0, 0.0, 0.0, 0.0, 0.0, 0.0, 0.0, 0.0, 0.0, 0.0, 0.0, 0.0, 0.0, 0.0, 0.0, 0.0, 0.0, 0.0, 0.0, 0.0, 0.0, 0.0, 0.0, 0.0, 0.0, 0.0, 0.0, 0.0, 0.0, 0.0, 0.0, 0.0, 0.0, 0.0, 0.0, 0.0, 0.0, 0.0, 0.0, 0.0, 0.0, 0.0, 0.0, 0.0, 0.0, 0.0, 0.0, 0.0, 0.0, 0.0, 0.0, 0.0, 0.0, 0.0, 0.0, 0.0, 0.0, 0.0, 0.0, 0.0, 0.0, 0.0, 0.0, 0.0, 0.0, 0.0, 0.0, 0.0], "tokens": ["english", "meaning", ":", "the", "name", "henry", "is", "an", "english", "baby", "name", ".", "in", "english", "the", "meaning", "of", "the", "name", "henry", "is", ":", "rules", "his", "household", ".", "'", "oft-used", "english", "and", "french", "royal", "name", ".", "the", "second", "son", "of", "charles", "prince", "of", "wales", "is", "named", "henry", ".", "german", "meaning", ":", "the", "name", "henry", "is", "a", "german", "baby", "name", ".", "in", "german", "the", "meaning", "of", "the", "name", "henry", "is", ":", "rules", "his", "household", "."], "selected": true, "relevance": 0.5232521412008544}, {"tokens": ["notes", ":", "henry", "is", "a", "name", "with", "german", "and", "english", "origins", ".", "the", "meaning", "of", "the", "name", "henry", "is", "ruler", "of", "the", "home", ".", "the", "french", "spelling", "of", "henry", "is", "henri", "whereas", "the", "german", "spelling", "is", "henrik", ".", "the", "most", "common", "nickname", "of", "the", "name", "henry", "is", "hank", ".", "other", "nicknames", "include", "harry", ",", "henny", "and", "hen", "."],