{"query_id": 854, "passages": [{"logits_end": [0.00016135933401528746, 0.0005320640048012137, 1.615733708604239e-05, 3.590481719584204e-05, 3.7923404306638986e-05, 2.4641343770781532e-05, 7.963917596498504e-05, 4.609649840858765e-05, 4.430947592481971e-05, 1.3090438187646214e-05, 4.064833410666324e-05, 0.000307235837681219, 0.003010515356436372, 6.197504262672737e-05, 0.00011389891733415425, 6.425428000511602e-05, 1.1794745660154149e-05, 2.5927007300197147e-05, 0.00017468573059886694, 7.221340638352558e-05, 3.316054790047929e-05, 1.816115945985075e-05, 0.0024421224370598793, 3.8223282899707556e-05, 8.257969602709636e-05, 2.0574481823132373e-05, 0.0013814660487696528, 0.00581929087638855, 2.0897008653264493e-05, 8.905667345970869e-05, 2.8185024348204024e-05, 3.320351606816985e-05, 0.0002949569607153535, 3.9711030694888905e-05, 8.76934573170729e-05, 4.184420686215162e-05, 4.436093513504602e-05, 0.006425036117434502, 0.47014373540878296, 0.00213511916808784, 0.005646531004458666, 0.0012873131781816483, 0.0007300216821022332, 0.001617408124729991, 0.0004986642161384225, 0.0005013784975744784, 0.00010128698340849951, 0.0029747227672487497, 0.00015727737627457827, 0.051092881709337234, 0.044624414294958115, 0.0006037153070792556, 0.008353691548109055, 0.06518838554620743, 0.28843265771865845, 0.00045111437793821096, 0.0007720336434431374, 0.000206484692171216, 5.823704123031348e-05, 0.00011155018000863492, 7.306630868697539e-05, 3.3082746085710824e-05, 0.0003721571119967848, 6.591712008230388e-05, 6.18228004896082e-05, 4.127510328544304e-05, 0.000956043426413089, 0.014390204101800919, 7.807371730450541e-05, 4.4197975512361154e-05, 0.00025590491713956, 7.191528129624203e-05, 2.3767692255205475e-05, 8.506409358233213e-05, 6.357950042001903e-05, 3.052134707104415e-05, 9.203939407598227e-05, 2.107502950821072e-05, 5.314440204529092e-05, 0.0002643256157170981, 7.331452070502564e-05, 7.969904982019216e-05, 2.2460348191088997e-05, 0.00017994111112784594, 0.00019690753833856434, 0.00011570934293558821, 6.147275416878983e-05, 1.9363655155757442e-05, 0.0010096088517457247, 0.013661010190844536, 0.0, 0.0, 0.0, 0.0, 0.0, 0.0, 0.0, 0.0, 0.0, 0.0, 0.0, 0.0, 0.0, 0.0, 0.0, 0.0, 0.0, 0.0, 0.0, 0.0, 0.0, 0.0, 0.0, 0.0, 0.0, 0.0, 0.0, 0.0, 0.0, 0.0, 0.0, 0.0, 0.0, 0.0, 0.0, 0.0, 0.0, 0.0, 0.0, 0.0, 0.0, 0.0, 0.0, 0.0, 0.0, 0.0, 0.0, 0.0, 0.0, 0.0, 0.0, 0.0, 0.0, 0.0, 0.0, 0.0, 0.0, 0.0, 0.0, 0.0, 0.0, 0.0, 0.0, 0.0, 0.0, 0.0, 0.0, 0.0, 0.0, 0.0, 0.0, 0.0, 0.0, 0.0, 0.0, 0.0, 0.0, 0.0, 0.0, 0.0, 0.0, 0.0, 0.0, 0.0, 0.0, 0.0, 0.0, 0.0, 0.0, 0.0, 0.0, 0.0, 0.0, 0.0, 0.0, 0.0, 0.0, 0.0, 0.0, 0.0, 0.0, 0.0, 0.0, 0.0, 0.0, 0.0, 0.0, 0.0, 0.0, 0.0, 0.0, 0.0, 0.0, 0.0, 0.0, 0.0, 0.0, 0.0, 0.0, 0.0, 0.0, 0.0, 0.0, 0.0, 0.0, 0.0, 0.0, 0.0, 0.0, 0.0, 0.0, 0.0, 0.0, 0.0, 0.0, 0.0, 0.0, 0.0, 0.0, 0.0, 0.0, 0.0, 0.0, 0.0, 0.0, 0.0, 0.0, 0.0, 0.0, 0.0, 0.0, 0.0, 0.0, 0.0, 0.0, 0.0, 0.0, 0.0, 0.0, 0.0, 0.0, 0.0, 0.0], "tokens": ["eggs", ".", "each", "female", "horseshoe", "crab", "lays", "thousands", "of", "small", "greenish", "eggs", ".", "horseshoe", "crabs", "arrive", "on", "the", "beach", ",", "usually", "at", "night", "on", "a", "new", "moon", ".", "the", "female", "crab", "digs", "holes", "in", "the", "beach", "about", "6", "inches", "in", "diameter", "and", "can", "lay", "as", "many", "as", "100", ",", "000", "eggs", "at", "one", "time", ".", "the", "male", "which", "is", "latched", "onto", "the", "female", "then", "fertilize", "the", "eggs", ".", "horseshoe", "crab", "eggs", "are", "a", "main", "source", "of", "food", "for", "migratory", "birds", ",", "most", "are", "eaten", "before", "they", "can", "even", "hatch", "."], "logits_start": [0.0060440171509981155, 9.129231330007315e-05, 0.014690457843244076, 0.0016751863295212388, 0.001552528003230691, 0.0011659112060442567, 0.0009517213911749423, 0.0008250424871221185, 0.0007072371081449091, 0.0006986496737226844, 0.0006530769751407206, 0.0005825846455991268, 0.00017610147187951952, 0.012972983531653881, 0.0008455584174953401, 0.0007741924491710961, 0.0007544807740487158, 0.0008147331536747515, 0.0004691487119998783, 0.000465460674604401, 0.001873120665550232, 0.002616453217342496, 0.003231689566746354, 0.0006762763950973749, 0.001428624032996595, 0.000506470212712884, 0.0010684339795261621, 0.0002802539966069162, 0.10587064921855927, 0.005460113752633333, 0.005104727111756802, 0.005748829338699579, 0.005422670394182205, 0.0041836765594780445, 0.005192896816879511, 0.004047038499265909, 0.06737475097179413, 0.6263148188591003, 0.0004811085818801075, 0.0006707017309963703, 0.0005958607071079314, 0.00017298315651714802, 0.0002643371990416199, 0.0003280274977441877, 0.00037555204471573234, 0.0005694905412383378, 0.0010690286289900541, 0.06187506392598152, 0.00010166460560867563, 0.004619014449417591, 0.000652165210340172, 0.0016854871064424515, 0.017182882875204086, 0.00028782986919395626, 2.9568682293756865e-05, 0.004214893560856581, 0.00023361615603789687, 0.00019127194536849856, 0.00020203943131491542, 0.00023949502792675048, 0.00019597353821154684, 0.0002630190283525735, 0.00021508678037207574, 0.00012274827167857438, 0.00021902885055169463, 0.00016359391156584024, 0.00011948896280955523, 4.752892709802836e-05, 0.003930363338440657, 0.00032513594487681985, 0.0002601871674414724, 0.0002457110967952758, 0.0004919677739962935, 0.00027930489159189165, 0.00018881077994592488, 0.000249508855631575, 0.0002190979867009446, 0.00026439642533659935, 0.00021068107162136585, 0.00012075273116352037, 6.709335866617039e-05, 0.0003790784103330225, 0.0001861022610682994, 0.0002348238049307838, 0.000527241441886872, 0.0001224911247845739, 0.00012839396367780864, 0.00022213999181985855, 0.0006046204944141209, 4.157166040386073e-05, 0.0, 0.0, 0.0, 0.0, 0.0, 0.0, 0.0, 0.0, 0.0, 0.0, 0.0, 0.0, 0.0, 0.0, 0.0, 0.0, 0.0, 0.0, 0.0, 0.0, 0.0, 0.0, 0.0, 0.0, 0.0, 0.0, 0.0, 0.0, 0.0, 0.0, 0.0, 0.0, 0.0, 0.0, 0.0, 0.0, 0.0, 0.0, 0.0, 0.0, 0.0, 0.0, 0.0, 0.0, 0.0, 0.0, 0.0, 0.0, 0.0, 0.0, 0.0, 0.0, 0.0, 0.0, 0.0, 0.0, 0.0, 0.0, 0.0, 0.0, 0.0, 0.0, 0.0, 0.0, 0.0, 0.0, 0.0, 0.0, 0.0, 0.0, 0.0, 0.0, 0.0, 0.0, 0.0, 0.0, 0.0, 0.0, 0.0, 0.0, 0.0, 0.0, 0.0, 0.0, 0.0, 0.0, 0.0, 0.0, 0.0, 0.0, 0.0, 0.0, 0.0, 0.0, 0.0, 0.0, 0.0, 0.0, 0.0, 0.0, 0.0, 0.0, 0.0, 0.0, 0.0, 0.0, 0.0, 0.0, 0.0, 0.0, 0.0, 0.0, 0.0, 0.0, 0.0, 0.0, 0.0, 0.0, 0.0, 0.0, 0.0, 0.0, 0.0, 0.0, 0.0, 0.0, 0.0, 0.0, 0.0, 0.0, 0.0, 0.0, 0.0, 0.0, 0.0, 0.0, 0.0, 0.0, 0.0, 0.0, 0.0, 0.0, 0.0, 0.0, 0.0, 0.0, 0.0, 0.0, 0.0, 0.0, 0.0, 0.0, 0.0, 0.0, 0.0, 0.0, 0.0, 0.0, 0.0, 0.0, 0.0, 0.0, 0.0], "relevance": 0.2731150819398589,