{"query_id": 8557, "passages": [{"logits_end": [3.629227649071254e-05, 9.915702321450226e-06, 0.00024539671721868217, 0.002503185998648405, 1.4993641343608033e-05, 0.00025182467652484775, 0.001783533487468958, 4.685088697442552e-06, 7.659244147362188e-06, 6.407091859728098e-06, 6.993182068981696e-06, 5.908983439439908e-06, 1.4851770174573176e-05, 1.5815145161468536e-05, 1.8465125322109088e-05, 3.3429471386625664e-06, 0.0008453314076177776, 3.743528577615507e-05, 0.09026883542537689, 0.007228937931358814, 0.4890176057815552, 0.38831329345703125, 0.00011525690206326544, 3.7636753404513e-05, 2.293367469974328e-05, 3.9608155930181965e-05, 0.00019230188627261668, 3.82891739718616e-05, 2.5141613150481135e-05, 1.0947865121124778e-05, 1.6649650206090882e-05, 3.2148822356248274e-05, 5.1848695875378326e-05, 6.577695603482425e-05, 4.200132752885111e-05, 5.16662621521391e-05, 6.632143777096644e-05, 0.00017785753880161792, 6.526738434331492e-05, 3.065173586946912e-05, 5.6955948821268976e-05, 3.6731184081872925e-05, 6.750511147401994e-06, 0.00019082248036284, 0.0058644236996769905, 2.2735355742042884e-05, 7.545238986494951e-06, 9.380660230817739e-06, 1.3090213542454876e-05, 6.352958735078573e-06, 5.58086594537599e-06, 0.0001731915690470487, 0.0031517825555056334, 1.1133171938126907e-05, 9.677401067165192e-06, 8.183502359315753e-06, 1.4395212929230183e-05, 1.4988580005592667e-05, 1.0474977898411453e-05, 1.268505093321437e-05, 1.66345253092004e-05, 1.6816522474982776e-05, 7.767331226204988e-06, 2.3491664251196198e-05, 7.301159257622203e-06, 0.0004185711732134223, 0.002510161604732275, 1.6658623280818574e-05, 4.324690598878078e-05, 9.814857548917644e-06, 9.262366802431643e-06, 0.00016354210674762726, 0.005406923126429319, 0.0, 0.0, 0.0, 0.0, 0.0, 0.0, 0.0, 0.0, 0.0, 0.0, 0.0, 0.0, 0.0, 0.0, 0.0, 0.0, 0.0, 0.0, 0.0, 0.0, 0.0, 0.0, 0.0, 0.0, 0.0, 0.0, 0.0, 0.0, 0.0, 0.0, 0.0, 0.0, 0.0, 0.0, 0.0, 0.0, 0.0, 0.0, 0.0, 0.0, 0.0, 0.0, 0.0, 0.0, 0.0, 0.0, 0.0, 0.0, 0.0, 0.0, 0.0, 0.0, 0.0, 0.0, 0.0, 0.0, 0.0, 0.0, 0.0, 0.0, 0.0, 0.0, 0.0, 0.0, 0.0, 0.0, 0.0, 0.0, 0.0, 0.0, 0.0, 0.0, 0.0, 0.0, 0.0, 0.0, 0.0, 0.0, 0.0, 0.0, 0.0, 0.0, 0.0, 0.0, 0.0, 0.0, 0.0, 0.0, 0.0, 0.0, 0.0, 0.0, 0.0, 0.0, 0.0, 0.0, 0.0, 0.0, 0.0, 0.0, 0.0, 0.0, 0.0, 0.0, 0.0, 0.0, 0.0, 0.0, 0.0, 0.0, 0.0, 0.0, 0.0, 0.0, 0.0, 0.0, 0.0, 0.0, 0.0, 0.0, 0.0, 0.0, 0.0, 0.0, 0.0, 0.0, 0.0, 0.0, 0.0, 0.0, 0.0, 0.0, 0.0, 0.0, 0.0, 0.0, 0.0, 0.0, 0.0, 0.0, 0.0, 0.0, 0.0, 0.0, 0.0, 0.0, 0.0, 0.0, 0.0, 0.0, 0.0, 0.0, 0.0, 0.0, 0.0, 0.0, 0.0, 0.0, 0.0, 0.0, 0.0, 0.0, 0.0, 0.0, 0.0, 0.0, 0.0, 0.0, 0.0, 0.0, 0.0, 0.0, 0.0, 0.0, 0.0, 0.0, 0.0, 0.0, 0.0, 0.0], "tokens": ["mechanical", "engineer", "salary", ".", "(", "oman", ").", "a", "mechanical", "engineer", "earns", "an", "average", "salary", "of", "omr", "10", ",", "026", "per", "year", ".", "the", "highest", "paying", "skills", "associated", "with", "this", "job", "are", "microsoft", "word", ",", "microsoft", "office", ",", "autocad", ",", "project", ",", "and", "project", "management", ".", "experience", "strongly", "influences", "income", "for", "this", "job", ".", "most", "people", "move", "on", "to", "other", "jobs", "if", "they", "have", "more", "than", "20", "years", "'", "experience", "in", "this", "career", "."], "selected": true, "relevance": 0.4123794465757331, "url": "http://www.payscale.com/research/OM/Job=Mechanical_Engineer/Salary", "end_index": 20, "start_index": 16, "logits_start": [0.006313283462077379, 0.0004353347758296877, 0.0006060376763343811, 0.0005535737727768719, 0.0040188441053032875, 0.0006331320619210601, 0.0003757977392524481, 0.21858561038970947, 0.007968707010149956, 0.00825374573469162, 0.011678172275424004, 0.011923260055482388, 0.03917679935693741, 0.009918519295752048, 0.005990093573927879, 0.13894054293632507, 0.5079445242881775, 0.0006611713324673474, 0.007212248630821705, 0.0001842979690991342, 0.00016884479555301368, 6.043955363566056e-05, 0.0026059714145958424, 0.00013416404544841498, 9.534027776680887e-05, 6.013059100951068e-05, 6.407464388757944e-05, 8.002047252375633e-05, 0.00012461237201932818, 6.915690755704418e-05, 5.9367623180150986e-05, 5.967545439489186e-05, 6.891008524689823e-05, 5.5212407460203394e-05, 7.372850086539984e-05, 7.513299351558089e-05, 4.463202640181407e-05, 8.364690438611433e-05, 5.4521882702829316e-05, 6.34337411611341e-05, 4.442517092684284e-05, 4.992499088984914e-05, 4.85457458125893e-05, 2.587659764685668e-05, 1.3572048374044243e-05, 0.0004469662089832127, 3.499501326587051e-05, 3.695406121551059e-05, 3.5328423109604046e-05, 3.8919908547541127e-05, 5.211154348216951e-05, 3.037222813873086e-05, 2.8167271011625417e-05, 0.0007449557306244969, 4.8970749048748985e-05, 5.7411602028878406e-05, 7.532620657002553e-05, 7.6857308158651e-05, 9.364802826894447e-05, 8.475819049635902e-05, 9.91542765405029e-05, 0.00015886644541751593, 0.00022594102483708411, 0.0013548267306759953, 0.0007049051346257329, 0.009749244898557663, 1.7589902199688368e-05, 1.421972228854429e-05, 1.0128223948413506e-05, 3.07719201373402e-05, 3.086237848037854e-05, 5.071757914265618e-05, 9.964630407921504e-06, 0.0, 0.0, 0.0, 0.0, 0.0, 0.0, 0.0, 0.0, 0.0, 0.0, 0.0, 0.0, 0.0, 0.0, 0.0, 0.0, 0.0, 0.0, 0.0, 0.0, 0.0, 0.0, 0.0, 0.0, 0.0, 0.0, 0.0, 0.0, 0.0, 0.0, 0.0, 0.0, 0.0, 0.0, 0.0, 0.0, 0.0, 0.0, 0.0, 0.0, 0.0, 0.0, 0.0, 0.0, 0.0, 0.0, 0.0, 0.0, 0.0, 0.0, 0.0, 0.0, 0.0, 0.0, 0.0, 0.0, 0.0, 0.0, 0.0, 0.0, 0.0, 0.0, 0.0, 0.0, 0.0, 0.0, 0.0, 0.0, 0.0, 0.0, 0.0, 0.0, 0.0, 0.0, 0.0, 0.0, 0.0, 0.0, 0.0, 0.0, 0.0, 0.0, 0.0, 0.0, 0.0, 0.0, 0.0, 0.0, 0.0, 0.0, 0.0, 0.0, 0.0, 0.0, 0.0, 0.0, 0.0, 0.0, 0.0, 0.0, 0.0, 0.0, 0.0, 0.0, 0.0, 0.0, 0.0, 0.0, 0.0, 0.0, 0.0, 0.0, 0.0, 0.0, 0.0, 0.0, 0.0, 0.0, 0.0, 0.0, 0.0, 0.0, 0.0, 0.0, 0.0, 0.0, 0.0, 0.0, 0.0, 0.0, 0.0, 0.0, 0.0, 0.0, 0.0, 0.0, 0.0, 0.0, 0.0, 0.0, 0.0, 0.0, 0.0, 0.0, 0.0, 0.0, 0.0, 0.0, 0.0, 0.0, 0.0, 0.0, 0.0, 0.0, 0.0, 0.0, 0.0, 0.0, 0.0, 0.0, 0.0, 0.0, 0.0, 0.0, 0.0, 0.0, 0.0, 0.0, 0.0, 0.0, 0.0, 0.0, 0.0, 0.0, 0.0, 0.0, 0.0, 0.0, 0.0, 0.0]}, {"logits_end": [1.5283885659300722e-05, 0.00016976978804450482, 0.0010731009533628821, 6.034643774910364e-06, 1.2851066458097193e-05, 1.1684424862323795e-05, 8.088039976428263e-06, 5.7239165471401066e-05, 6.624300294788554e-05, 9.887451597023755e-06, 1.8481601728126407e-05, 1.9269687982159667e-05, 1.9896093363058753e-05, 3.2592579373158514e-06, 0.000865279056597501, 3.723249028553255e-05, 0.08862345665693283, 0.006826038938015699, 0.4713042676448822, 0.408557653427124, 0.00027123134350404143, 0.00015360857651103288, 0.00010689850751077756, 0.0001250693021574989, 9.23741827136837e-05, 6.352672062348574e-05, 7.756506238365546e-05, 6.463755562435836e-05, 5.8740686654346064e-05, 2.8693548301816918e-05, 5.889083695365116e-05, 1.2825526027882006e-05, 0.0007814863929525018, 0.003943928051739931, 4.2055729863932356e-05, 0.0001299912401009351, 2.3601385692018084e-05, 1.7492873666924424e-05, 0.0008731414563953876, 0.012165237218141556, 2.145009784726426e-05, 2.0710358512587845e-05, 1.0624341484799515e-05, 1.6004365534172393e-05, 1.1910380635526963e-05, 1.4707526133861393e-05, 1.9640270693344064e-05, 3.620612005761359e-06, 3.3422368233004818e-06, 7.28813802197692e-06, 5.423413313110359e-06, 2.987225798278814e-06, 7.856220327084884e-05, 0.002941346960142255, 1.3145937373337802e-05, 6.410149126168108e-06, 1.228834025823744e-05, 1.4429934708459768e-05, 0.0, 0.0, 0.0, 0.0, 0.0, 0.0, 0.0, 0.0, 0.0, 0.0, 0.0, 0.0, 0.0, 0.0, 0.0, 0.0, 0.0, 0.0, 0.0, 0.0, 0.0, 0.0, 0.0, 0.0, 0.0, 0.0, 0.0, 0.0, 0.0, 0.0, 0.0, 0.0, 0.0, 0.0, 0.0, 0.0, 0.0, 0.0, 0.0, 0.0, 0.0, 0.0, 0.0, 0.0, 0.0, 0.0, 0.0, 0.0, 0.0, 0.0, 0.0, 0.0, 0.0, 0.0, 0.0, 0.0, 0.0, 0.0, 0.0, 0.0, 0.0, 0.0, 0.0, 0.0, 0.0, 0.0, 0.0, 0.0, 0.0, 0.0, 0.0, 0.0, 0.0, 0.0, 0.0, 0.0, 0.0, 0.0, 0.0, 0.0, 0.0, 0.0, 0.0, 0.0, 0.0, 0.0, 0.0, 0.0, 0.0, 0.0, 0.0, 0.0, 0.0, 0.0, 0.0, 0.0, 0.0, 0.0, 0.0, 0.0, 0.0, 0.0, 0.0, 0.0, 0.0, 0.0, 0.0, 0.0, 0.0, 0.0, 0.0, 0.0, 0.0, 0.0, 0.0, 0.0, 0.0, 0.0, 0.0, 0.0, 0.0, 0.0, 0.0, 0.0, 