{"passages": [{"end_index": 19, "start_index": 16, "tokens": ["mechanical", "engineer", "salary", ".", "(", "oman", ")", ".", "a", "mechanical", "engineer", "earns", "an", "average", "salary", "of", "omr", "10,026", "per", "year", ".", "the", "highest", "paying", "skills", "associated", "with", "this", "job", "are", "microsoft", "word", ",", "microsoft", "office", ",", "autocad", ",", "project", ",", "and", "project", "management", ".", "experience", "strongly", "influences", "income", "for", "this", "job", ".", "most", "people", "move", "on", "to", "other", "jobs", "if", "they", "have", "more", "than", "20", "years", "'", "experience", "in", "this", "career", "."], "relevance": 0.4123794465757331, "logits_end": [1.6614691048744135e-05, 4.218296817271039e-05, 0.00028796232072636485, 0.0019817387219518423, 5.092035735287936e-06, 3.525631836964749e-05, 0.0005076351226307452, 0.00120951933786273, 1.6698268154868856e-06, 1.2114668606955092e-05, 3.5136286896886304e-05, 4.7978548536775634e-05, 1.662469185248483e-05, 0.000206572818569839, 0.0007344387704506516, 9.657491318648681e-05, 0.001974500482901931, 0.06176934763789177, 0.00791988242417574, 0.47200900316238403, 0.4018789529800415, 0.00012956098362337798, 0.00015694278408773243, 7.689504127483815e-05, 7.888930122135207e-05, 0.0002129777567461133, 2.044380562438164e-05, 2.1333378754206933e-05, 2.0413706806721166e-05, 1.585359132150188e-05, 2.5987057597376406e-05, 3.532231494318694e-05, 1.9268949472461827e-05, 1.95766278920928e-05, 2.0200908693368547e-05, 1.5811374396434985e-05, 0.0001931219157995656, 2.3007498384686187e-05, 2.6201245418633334e-05, 1.759018050506711e-05, 1.4953386198612861e-05, 3.141781780868769e-05, 0.00010773422400234267, 0.0061581069603562355, 5.346494162949966e-06, 7.834069037926383e-06, 8.656114005134441e-06, 1.0445080988574773e-05, 6.600823326152749e-06, 8.254249223682564e-06, 9.327452426077798e-05, 0.0027841387782245874, 2.0164961824775673e-06, 2.9087045732012484e-06, 2.44554712480749e-06, 1.80891731815791e-06, 1.7807229824029491e-06, 1.813122821658908e-06, 3.686138825287344e-06, 2.881379941754858e-06, 1.8874884517572355e-06, 1.7026669638653402e-06, 2.646991561050527e-06, 5.009368578612339e-06, 0.0005281520425342023, 0.014864176511764526, 0.0001634686632314697, 0.000131072461954318, 3.456932245171629e-05, 3.1523610232397914e-05, 0.0011367667466402054, 0.021924670785665512, 0.0, 0.0, 0.0, 0.0, 0.0, 0.0, 0.0, 0.0, 0.0, 0.0, 0.0, 0.0, 0.0, 0.0, 0.0, 0.0, 0.0, 0.0, 0.0, 0.0, 0.0, 0.0, 0.0, 0.0, 0.0, 0.0, 0.0, 0.0, 0.0, 0.0, 0.0, 0.0, 0.0, 0.0, 0.0, 0.0, 0.0, 0.0, 0.0, 0.0, 0.0, 0.0, 0.0, 0.0, 0.0, 0.0, 0.0, 0.0, 0.0, 0.0, 0.0, 0.0, 0.0, 0.0, 0.0, 0.0, 0.0, 0.0, 0.0, 0.0, 0.0, 0.0, 0.0, 0.0, 0.0, 0.0, 0.0, 0.0, 0.0, 0.0, 0.0, 0.0, 0.0, 0.0, 0.0, 0.0, 0.0, 0.0, 0.0, 0.0, 0.0, 0.0, 0.0, 0.0, 0.0, 0.0, 0.0, 0.0, 0.0, 0.0, 0.0, 0.0, 0.0, 0.0, 0.0, 0.0, 0.0, 0.0, 0.0, 0.0, 0.0, 0.0, 0.0, 0.0, 0.0, 0.0, 0.0, 0.0, 0.0, 0.0, 0.0, 0.0, 0.0, 0.0, 0.0, 0.0, 0.0, 0.0, 0.0, 0.0, 0.0, 0.0, 0.0, 0.0, 0.0, 0.0, 0.0, 0.0, 0.0, 0.0, 0.0, 0.0, 0.0, 0.0, 0.0, 0.0, 0.0, 0.0, 0.0, 0.0, 0.0, 0.0, 0.0, 0.0, 0.0, 0.0, 0.0, 0.0, 0.0, 0.0, 0.0, 0.0, 0.0, 0.0, 0.0, 0.0, 0.0, 0.0], "logits_start": [0.0022841698955744505, 0.0001645920128794387, 0.00023398887424264103, 0.00012225107639096677, 0.00402587465941906, 0.0003014087851624936, 0.0003516643191687763, 0.0019029249669983983, 0.0928880050778389, 0.0038059100043028593, 0.005154333543032408, 0.012642432935535908, 0.009086566977202892, 0.04280639439821243, 0.007601156830787659, 0.006770534906536341, 0.6939142942428589, 0.0805758386850357, 0.007968127727508545, 0.0005901008262299001, 2.9439224817906506e-05, 0.001003512879833579, 0.0001118458021664992, 3.5202570870751515e-05, 2.1465730242198333e-05, 2.3561646230518818e-05, 3.148392715957016e-05, 2.9060724045848474e-05, 2.0811510694329627e-05, 1.9674293071147986e-05, 3.0560615414287895e-05, 1.978138243430294e-05, 1.514627001597546e-05, 1.7995014786720276e-05, 1.4445314263866749e-05, 1.69601717061596e-05, 0.00020106513693463057, 1.058550515153911e-05, 1.600140421942342e-05, 1.0158043551200535e-05, 1.1123834156023804e-05, 1.1691502550092991e-05, 6.634367764490889e-06, 6.775808742531808e-06, 0.00018604389333631843, 1.571794018673245e-05, 1.3809313713863958e-05, 2.1519266738323495e-05, 1.282041375816334e-05, 1.681883259152528e-05, 1.2843640433857217e-05, 1.7347390894428827e-05, 0.0012160666519775987, 0.00016679252439644188, 0.0001459133782191202, 0.00017977750394493341, 0.00019675354997161776, 0.0002213833067798987, 0.000238104272284545, 0.00018926674965769053, 0.0002678851888049394, 0.0003840269346255809, 0.0017485858406871557, 0.003167752642184496, 0.016387837007641792, 2.4110804588417523e-05, 1.8103559341398068e-05, 1.475909084547311e-05, 2.2504884327645414e-05, 5.901261101826094e-05, 0.0001349052181467414, 1.3893141840526368e-05, 0.0, 0.0, 0.0, 0.0, 0.0, 0.0, 0.0, 0.0, 0.0, 0.0, 0.0, 0.0, 0.0, 0.0, 0.0, 0.0, 0.0, 0.0, 0.0, 0.0, 0.0, 0.0, 0.0, 0.0, 0.0, 0.0, 0.0, 0.0, 0.0, 0.0, 0.0, 0.0, 0.0, 0.0, 0.0, 0.0, 0.0, 0.0, 0.0, 0.0, 0.0, 0.0, 0.0, 0.0, 0.0, 0.0, 0.0, 0.0, 0.0, 0.0, 0.0, 0.0, 0.0, 0.0, 0.0, 0.0, 0.0, 0.0, 0.0, 0.0, 0.0, 0.0, 0.0, 0.0, 0.0, 0.0, 0.0, 0.0, 0.0, 0.0, 0.0, 0.0, 0.0, 0.0, 0.0, 0.0, 0.0, 0.0, 0.0, 0.0, 0.0, 0.0, 0.0, 0.0, 0.0, 0.0, 0.0, 0.0, 0.0, 0.0, 0.0, 0.0, 0.0, 0.0, 0.0, 0.0, 0.0, 0.0, 0.0, 0.0, 0.0, 0.0, 0.0, 0.0, 0.0, 0.0, 0.0, 0.0, 0.0, 0.0, 0.0, 0.0, 0.0, 0.0, 0.0, 0.0, 0.0, 0.0, 0.0, 0.0, 0.0, 0.0, 0.0, 0.0, 0.0, 0.0, 0.0, 0.0, 0.0, 0.0, 0.0, 0.0, 0.0, 0.0, 0.0, 0.0, 0.0, 0.0, 0.0, 0.0, 0.0, 0.0, 0.0, 0.0, 0.0, 0.0, 0.0, 0.0, 0.0, 0.0, 0.0, 0.0, 0.0, 0.0, 0.0, 0.0, 0.0, 0.0], "url": "http://www.payscale.com/research/OM/Job=Mechanical_Engineer/Salary", "selected": true}, {"url": "http://www.payscale.com/research/OM/Job=Mechanical_Engineer/Salary/eba2b033/Muscat",