{"query_id": 8825, "passages": [{"logits_end": [1.4287168141891016e-06, 3.218553320039064e-05, 3.594504050852265e-06, 2.6269303816661704e-06, 3.099362857028609e-06, 3.0508081181324087e-06, 5.5891334341140464e-05, 7.742561138002202e-06, 2.367653723922558e-05, 5.091271759738447e-06, 4.021854692837223e-06, 5.23425387655152e-06, 6.28661200607894e-06, 2.9513182653317926e-06, 3.978708264185116e-06, 6.0630050029431e-06, 8.696328586665913e-05, 2.9005361284362152e-05, 2.4684529762453167e-06, 7.26143707652227e-06, 9.441274414712097e-06, 5.013840564060956e-06, 1.1751772035495378e-05, 5.075492026662687e-06, 9.77176932792645e-06, 9.343003330286592e-05, 0.001629889477044344, 1.5579537375742802e-06, 2.4067408048722427e-06, 5.718007287214277e-06, 9.833234798861668e-06, 1.2716229775833199e-06, 2.5305478175141616e-06, 1.937353999892366e-06, 3.363713858561823e-06, 3.0551289000868564e-06, 3.7418515148601728e-06, 9.63433412835002e-05, 0.0008817969937808812, 9.170239536615554e-07, 1.97642793864361e-06, 4.380065547593404e-06, 1.074740976036992e-05, 2.316275640623644e-06, 2.46703621087363e-06, 1.8449339904691442e-06, 1.9988026451756014e-06, 1.672101097938139e-05, 4.315112619224237e-06, 6.498011498479173e-05, 1.1982742762484122e-05, 2.2094175164966146e-06, 2.2122153495729435e-06, 2.4817327357595786e-06, 3.5212071907153586e-06, 1.0051890967588406e-05, 0.00023421716468874365, 0.6887549161911011, 0.2711423635482788, 0.00019091489957645535, 7.08234729245305e-05, 6.359919643728063e-05, 2.7731750378734432e-05, 2.4844051949912682e-05, 2.007032344408799e-05, 1.1943280696868896e-05, 1.4249741070671007e-05, 0.00025002218899317086, 1.6260328266071156e-05, 1.062209685187554e-05, 1.4705989087815396e-05, 1.5011777577456087e-05, 1.157515089289518e-05, 1.1247978363826405e-05, 4.6297998778754845e-05, 4.109175279154442e-05, 1.0028928954852745e-05, 1.6215804862440564e-05, 1.409635842719581e-05, 2.6144278308493085e-05, 1.2733104085782543e-05, 1.6324591342709027e-05, 0.00026526502915658057, 0.006568629294633865, 1.6170990420505404e-05, 0.00389296468347311, 0.001389698009006679, 0.0017867216374725103, 0.009010306559503078, 7.101812661858276e-05, 0.00016384461196139455, 0.00022792324307374656, 8.876377250999212e-05, 0.0067305173724889755, 0.004905588459223509, 0.00020033196778967977, 0.0002388209686614573, 4.792711024492746e-06, 1.932855593622662e-05, 3.0872779461788014e-05, 0.0001047830592142418, 0.0, 0.0, 0.0, 0.0, 0.0, 0.0, 0.0, 0.0, 0.0, 0.0, 0.0, 0.0, 0.0, 0.0, 0.0, 0.0, 0.0, 0.0, 0.0, 0.0, 0.0, 0.0, 0.0, 0.0, 0.0, 0.0, 0.0, 0.0, 0.0, 0.0, 0.0, 0.0, 0.0, 0.0, 0.0, 0.0, 0.0, 0.0, 0.0, 0.0, 0.0, 0.0, 0.0, 0.0, 0.0, 0.0, 0.0, 0.0, 0.0, 0.0, 0.0, 0.0, 0.0, 0.0, 0.0, 0.0, 0.0, 0.0, 0.0, 0.0, 0.0, 0.0, 0.0, 0.0, 0.0, 0.0, 0.0, 0.0, 0.0, 0.0, 0.0, 0.0, 0.0, 0.0, 0.0, 0.0, 0.0, 0.0, 0.0, 0.0, 0.0, 0.0, 0.0, 0.0, 0.0, 0.0, 0.0, 0.0, 0.0, 0.0, 0.0, 0.0, 0.0, 0.0, 0.0, 0.0, 0.0, 0.0, 0.0, 0.0, 0.0, 0.0, 0.0, 0.0, 0.0, 0.0, 0.0, 0.0, 0.0, 0.0, 0.0, 0.0, 0.0, 0.0, 0.0, 0.0, 0.0, 0.0, 0.0, 0.0, 0.0, 0.0, 0.0, 0.0, 0.0, 0.0, 0.0, 0.0, 0.0, 0.0, 0.0, 0.0, 0.0, 0.0, 0.0, 0.0, 0.0, 0.0, 0.0, 0.0, 0.0, 0.0, 0.0, 0.0, 0.0, 0.0, 0.0, 0.0, 0.0, 0.0, 0.0, 0.0], "tokens": ["the", "bottle", "is", "an", "unmistakable", "california", "cab", ",", "dark", "and", "red", "in", "color", "with", "juicy", "berry", "notes", ",", "it", "falls", "short", "in", "flavor", "and", "mouth", "feel", ".", "dare", "i", "say", ",", "it", "doesn", "'", "t", "taste", "big", "enough", ".", "the", "sledgehammer", "cabernet", "sauvignon", "is", "still", "a", "fine", "bottle", "of", "wine", ",", "especially", "considering", "its", "price", "around", "$", "12", ".", "it", "'", "s", "just", "that", "where", "the", "sledgehammer", "zinfandel", "is", "an", "unbelievable", "value", "for", "the", "taste", ",", "the", "cab", "is", "just", "a", "good", "value", ".", "sledgehammer", "2010", "cabernet", "sauvignon", ".", "score", ":", "85", "/", "100", ".", "description", ":", "a", "almost", "big", "enough"], "selected": true, "relevance": 0.4984594901843956, "url": "http://www.drinkbigapple.com/2013/09/02/sledgehammer-cabernet-sauvignon/", "end_index": 57, "start_index": 56,