{"query_id": 8825, "passages": [{"relevance": 0.5168302087539216, "logits_start": [0.0030790241435170174, 0.00014182832092046738, 8.350763528142124e-05, 6.918438884895295e-05, 5.642982796416618e-05, 4.51367195637431e-05, 4.564186747302301e-05, 4.761085438076407e-05, 5.506924935616553e-05, 5.777673504780978e-05, 6.429865607060492e-05, 6.940524326637387e-05, 6.908825889695436e-05, 6.917824794072658e-05, 6.236218905542046e-05, 6.443333404604346e-05, 5.717554086004384e-05, 5.7639143051346764e-05, 9.675947512732819e-05, 0.00010483997903065756, 7.499931962229311e-05, 6.07326473982539e-05, 4.362659819889814e-05, 4.7384419303853065e-05, 5.4246822401182726e-05, 4.4720927689922974e-05, 4.7562883992213756e-05, 0.001609018654562533, 0.00013961562945041806, 0.00017643009778112173, 0.00017820227367337793, 0.000326762004988268, 0.0009330736356787384, 0.0003191029536537826, 0.00024209647381212562, 0.00013981176016386598, 0.0002441540127620101, 0.023072529584169388, 0.0019765200559049845, 0.0026527410373091698, 0.0030110622756183147, 0.0025162543170154095, 0.002283067675307393, 0.0025428941007703543, 0.002099032513797283, 0.0016148141585290432, 0.002265429124236107, 0.001642826828174293, 0.0023093409836292267, 0.00501076877117157, 0.004498813301324844, 0.005983779672533274, 0.00810990110039711, 0.2092636525630951, 0.6799030303955078, 0.0014892120379954576, 8.978146979643498e-06, 0.0010727262124419212, 7.812004332663491e-05, 5.0694641686277464e-05, 2.6031733796116896e-05, 3.4745491575449705e-05, 2.4198405299102888e-05, 1.8675733372219838e-05, 2.0285506252548657e-05, 2.2262511265580542e-05, 2.3094176867743954e-05, 1.7633010429563e-05, 1.5948475265759043e-05, 1.858379073382821e-05, 1.3518923879018985e-05, 1.439853531337576e-05, 3.260791709180921e-05, 2.2159736545290798e-05, 2.3545808289782144e-05, 3.3908352634171024e-05, 2.868954834411852e-05, 2.5045577785931528e-05, 2.5379333237651736e-05, 2.4441960704280064e-05, 0.0016098766354843974, 0.0009107347577810287, 0.0033317948691546917, 0.00023023138055577874, 3.364011718076654e-05, 0.0028482635971158743, 0.0005742793437093496, 0.016533326357603073, 1.0183261110796593e-05, 0.00027300254441797733, 1.969956065295264e-05, 0.0005202237516641617, 5.123818846186623e-05, 2.4144466806319542e-05, 2.9993274438311346e-05, 0.0, 0.0, 0.0, 0.0, 0.0, 0.0, 0.0, 0.0, 0.0, 0.0, 0.0, 0.0, 0.0, 0.0, 0.0, 0.0, 0.0, 0.0, 0.0, 0.0, 0.0, 0.0, 0.0, 0.0, 0.0, 0.0, 0.0, 0.0, 0.0, 0.0, 0.0, 0.0, 0.0, 0.0, 0.0, 0.0, 0.0, 0.0, 0.0, 0.0, 0.0, 0.0, 0.0, 0.0, 0.0, 0.0, 0.0, 0.0, 0.0, 0.0, 0.0, 0.0, 0.0, 0.0, 0.0, 0.0, 0.0, 0.0, 0.0, 0.0, 0.0, 0.0, 0.0, 0.0, 0.0, 0.0, 0.0, 0.0, 0.0, 0.0, 0.0, 0.0, 0.0, 0.0, 0.0, 0.0, 0.0, 0.0, 0.0, 0.0, 0.0, 0.0, 0.0, 0.0, 0.0, 0.0, 0.0, 0.0, 0.0, 0.0, 0.0, 0.0, 0.0, 0.0, 0.0, 0.0, 0.0, 0.0, 0.0, 0.0, 0.0, 0.0, 0.0, 0.0, 0.0, 0.0, 0.0, 0.0, 0.0, 0.0, 0.0, 0.0, 0.0, 0.0, 0.0, 0.0, 0.0, 0.0, 0.0, 0.0, 0.0, 0.0, 0.0, 0.0, 0.0, 0.0, 0.0, 0.0, 0.0, 0.0, 0.0, 0.0, 0.0, 0.0, 0.0], "start_index": 54, "logits_end": [5.581525783782126e-06, 4.020987034891732e-05, 1.2516131391748786e-05, 1.2995084034628235e-05, 1.3428259080683347e-05, 3.516290234983899e-05, 0.00012051089288434014, 2.3857253836467862e-05, 2.8655913411057554e-05, 1.6900074115255848e-05, 1.7958047465072013e-05, 2.406678322586231e-05, 3.132178244413808e-05, 1.4272090083977673e-05, 2.63896999967983e-05, 2.7186741135665216e-05, 9.125356154982e-05, 2.455307185300626e-05, 1.4181742699292954e-05, 3.0223380235838704e-05, 0.00019005133071914315, 2.9651982913492247e-05, 8.078475366346538e-05, 3.8457765185739845e-05, 3.589662810554728e-05, 0.00011703866039169952, 0.007875794544816017, 1.1422856005083304e-05, 2.0138988475082442e-05, 2.1616595404339023e-05, 2.3664013497182168e-05, 1.7052321709343232e-05, 0.0006485696067102253, 6.480641604866832e-05, 5.5733908084221184e-05, 0.00040145980892702937, 0.007127601653337479, 7.089542577887187e-06, 3.615326568251476e-05, 0.00015203264774754643, 0.0007821915205568075, 2.0821591533604078e-05, 2.452054468449205e-05, 2.426349965389818e-05, 2.8760196073562838e-05, 0.00017672462854534388, 2.071224844257813e-05, 0.0002930547925643623, 2.7569898520596325e-05, 1.012812299450161e-05, 1.5753110346850008e-05, 1.8541266399552114e-05, 2.3518696252722293e-05, 2.5773319066502154e-05, 0.0011753535363823175, 0.7124221324920654, 0.21470212936401367, 0.004465197212994099, 0.0007318496354855597, 0.00011388141865609214, 0.0001970242738025263, 5.931163104833104e-05, 8.693528070580214e-05, 0.00020543765276670456, 3.26509507431183e-05, 2.163100907637272e-05, 2.141479308193084e-05, 1.8513102986617014e-05, 1.7800923160393722e-05, 1.3486833267961629e-05, 4.23322017013561e-05, 3.294895577710122e-05, 8.050691576499958e-06, 2.23114802793134e-05, 1.5464765965589322e-05, 3.401620779186487e-05, 2.0701269022538327e-05, 2.2798973077442497e-05, 0.00010493929585209116, 0.003670117584988475, 1.4335098057927098e-05, 0.00023407788830809295, 7.343661854974926e-05, 0.006919653154909611, 0.006549734156578779, 1.4730598195455968e-05, 1.4699585335620213e-05, 0.015614408068358898, 0.012732282280921936, 4.2342737287981436e-05, 0.0003906830679625273, 6.0834399846498854e-06, 2.9546157747972757e-05, 2.086442691506818e-05, 2.60975521086948e-05, 0.0, 0.0, 0.0, 0.0, 0.0, 0.0, 0.0, 0.0, 0.0, 0.0, 0.0, 0.0, 0.0, 0.0, 0.0, 0.0, 0.0, 0.0, 0.0, 0.0, 0.0, 0.0, 0.0, 0.0, 0.0, 0.0, 0.0, 0.0, 0.0, 0.0, 0.0, 0.0, 0.0, 0.0, 0.0, 0.0, 0.0, 0.0, 0.0, 0.0, 0.0, 0.0, 0.0, 0.0, 0.0, 0.0, 0.0, 0.0, 0.0, 0.0, 0.0, 0.0, 0.0, 0.0, 0.0, 0.0, 0.0, 0.0, 0.0, 0.0, 0.0, 0.0, 0.0, 0.0, 0.0, 0.0, 0.0, 0.0, 0.0, 0.0, 0.0, 0.0, 0.0, 0.0, 0.0, 0.0, 0.0, 0.0, 0.0, 0.0, 0.0, 0.0, 0.0, 0.0, 0.0, 0.0, 0.0, 0.0, 0.0, 0.0, 0.0, 0.0, 0.0, 0.0, 0.0, 0.0, 0.0, 0.0, 0.0, 0.0, 0.0, 0.0, 0.0, 0.0, 0.0, 0.0, 0.0, 0.0, 0.0, 0.0, 0.0, 0.0, 0.0, 0.0, 0.0, 0.0, 0.0, 0.0, 0.0, 0.0, 0.0, 0.0, 0.0, 0.0, 0.0, 0.0, 0.0, 0.0, 0.0, 0.0, 0.0, 0.0, 0.0, 0.0, 0.0], "tokens": ["the", "bottle", "is", "an", "unmistakable", "california", "cab", ",", "dark", "and", "red", "in", "color", "with", "juicy", "berry", "notes", ",", "it", "falls", "short", "in", "flavor", "and", "mouth", "feel", ".", "dare", "i", "say", ",", "it", "doesn't", "taste", "big", "enough", ".", "the", "sledgehammer", "cabernet", "sauvignon", "is", "still", "a", "fine", "bottle", "of", "wine", ",", "especially", "considering", "its", "price", "around", "$", "12", ".", "it's", "just", "that", "where", "the", "sledgehammer", "zinfandel", "is", "an", "unbelievable", "value", "for", "the", "taste", ",", "the", "cab", "is", "just", "a", "good", "value", ".", "sledgehammer", "2010", "cabernet", "sauvignon", ".", "score", ":", "85/100", ".", "description", ":", "a", "almost", "big", "enough"], "end_index": 55, "selected": true, "url": "http://www.drinkbigapple.com/2013/09/02/sledgehammer-cabernet-sauvignon/"}, {"tokens": ["sledgehammer", "forged", "red", "is", "for", "the", "man", "who", "prefers", "drinking", "good", "wine", "more", "than", "talking", "about", "it", ".", "it's", "wine", "that", "does", "not", "beg", "to", "be", "analyzed", "or", "over-thought", ".", "simply", "put", ",", "it's", "a", "blend", "of", "red", "wines", "that", "tastes", "good", ".", "it", "enhances", "good", "meat", "and", "good", "times", ".", "[", "qa_link", "]", "."], "relevance": 0.3679895415483222,