{"query_id": 8888, "passages": [{"tokens": ["shoe", "carnival-closed", "christmas", "day", ".", "most", "shoe", "carnival", "stores", "will", "be", "closed", "on", "christmas", "day", ",", "december", "25.", "shoe", "carnival", "will", "resume", "normal", "hours", "on", "december", "26", "to", "kick", "off", "their", "after", "christmas", "and", "new", "years", "sales", ".", "shoe", "carnival", "will", "also", "close", "early", "on", "christmas", "eve", ",", "december", "24", "at", "most", "locations", ".", "stores", "may", "be", "open", "limited", "hours", "on", "new", "years", "eve", "and/or", "new", "years", "day", ".", "again", ",", "most", "shoe", "carnival", "stores", "will", "be", "closed", "this"], "relevance": 0.48704760631638516, "logits_start": [0.019657980650663376, 0.011076604016125202, 0.005363124422729015, 0.002918158657848835, 0.00044067041017115116, 0.027748215943574905, 0.001750905066728592, 0.0014863339019939303, 0.0012350252363830805, 0.0015412947395816445, 0.0019396137213334441, 0.01652861014008522, 0.003200726117938757, 0.0027169454842805862, 0.0055254544131457806, 0.002420495031401515, 0.15197476744651794, 0.10891776531934738, 0.005251455586403608, 0.002311000833287835, 0.0023052722681313753, 0.0034072657581418753, 0.0123898321762681, 0.01761619560420513, 0.00414641760289669, 0.21181894838809967, 0.07925847172737122, 0.0004965667030774057, 0.0007051771972328424, 0.0005603016470558941, 0.0006449512438848615, 0.0013500708155333996, 0.0005501628620550036, 0.00046311176265589893, 0.0006778037641197443, 0.004868092015385628, 0.0002348438574699685, 0.00010971852316288278, 0.006984637584537268, 0.0005554492818191648, 0.0004487554542720318, 0.0005534207448363304, 0.00867568887770176, 0.001445744768716395, 0.0007144758710637689, 0.0014604402240365744, 0.0013358284486457705, 0.0008282206836156547, 0.12839668989181519, 0.02838926576077938, 0.00028457463486120105, 0.0002055512450169772, 0.00018445070600137115, 0.00013943100930191576, 0.008991330862045288, 0.0009336129878647625, 0.0008835966000333428, 0.003363229101523757, 0.011865486390888691, 0.008587290532886982, 0.0008872910402715206, 0.0009251707815565169, 0.008341913111507893, 0.0014142144937068224, 0.0008657959988340735, 0.0015396596863865852, 0.05245701223611832, 0.00015038134006317705, 2.4956345441751182e-05, 0.0006917858263477683, 5.997093103360385e-05, 7.631807238794863e-05, 7.247250323416665e-05, 7.113541505532339e-05, 7.101242226781324e-05, 7.686491153435782e-05, 9.082506585400552e-05, 0.0012183404760435224, 0.00012949781375937164, 0.0, 0.0, 0.0, 0.0, 0.0, 0.0, 0.0, 0.0, 0.0, 0.0, 0.0, 0.0, 0.0, 0.0, 0.0, 0.0, 0.0, 0.0, 0.0, 0.0, 0.0, 0.0, 0.0, 0.0, 0.0, 0.0, 0.0, 0.0, 0.0, 0.0, 0.0, 0.0, 0.0, 0.0, 0.0, 0.0, 0.0, 0.0, 0.0, 0.0, 0.0, 0.0, 0.0, 0.0, 0.0, 0.0, 0.0, 0.0, 0.0, 0.0, 0.0, 0.0, 0.0, 0.0, 0.0, 0.0, 0.0, 0.0, 0.0, 0.0, 0.0, 0.0, 0.0, 0.0, 0.0, 0.0, 0.0, 0.0, 0.0, 0.0, 0.0, 0.0, 0.0, 0.0, 0.0, 0.0, 0.0, 0.0, 0.0, 0.0, 0.0, 0.0, 0.0, 0.0, 0.0, 0.0, 0.0, 0.0, 0.0, 0.0, 0.0, 0.0, 0.0, 0.0, 0.0, 0.0, 0.0, 0.0, 0.0, 0.0, 0.0, 0.0, 0.0, 0.0, 0.0, 0.0, 0.0, 0.0, 0.0, 0.0, 0.0, 0.0, 0.0, 0.0, 0.0, 0.0, 0.0, 0.0, 0.0, 0.0, 0.0, 0.0, 0.0, 0.0, 0.0, 0.0, 0.0, 0.0, 0.0, 0.0, 0.0, 0.0, 0.0, 0.0, 0.0, 0.0, 0.0, 0.0, 0.0, 0.0, 0.0, 0.0, 0.0, 0.0, 0.0, 0.0, 0.0, 0.0, 0.0, 0.0, 0.0], "url": "http://www.openforchristmasday.com/2011/11/shoe-carnival-closed-christmas-day.html", "logits_end": [0.00013060848868917674, 0.0028204137925058603, 0.00038700911682099104, 0.00781834963709116, 0.01699843630194664, 1.1760802408389281e-05, 3.248807115596719e-05, 4.900123894913122e-05, 5.548838817048818e-05, 2.9269829610711895e-05, 3.7268047890393063e-05, 0.006388180889189243, 8.628871000837535e-05, 0.0005059490795247257, 0.007477056235074997, 0.00017047437722794712, 0.00187216536141932, 0.13056765496730804, 0.006245137192308903, 0.007487117312848568, 0.00033379936940036714, 0.00026738940505310893, 0.00022509004338644445, 0.021157709881663322, 0.0001857746538007632, 0.009350082837045193, 0.12631243467330933, 0.003539157100021839, 0.00886768288910389, 0.0013469901168718934, 0.0007170072640292346, 0.006342667154967785, 0.006591026205569506, 0.0005242196493782103, 0.00040039425948634744, 0.017449509352445602, 0.01723100244998932, 0.12896959483623505, 6.725207640556619e-05, 0.00016152107855305076, 8.466937288176268e-05, 8.012426405912265e-05, 0.0002124994935002178, 0.0068931845016777515, 0.00012644409434869885, 0.0010641783010214567, 0.0031705782748758793, 6.638016202487051e-05, 0.004216270055621862, 0.11891977488994598, 0.0025662221014499664, 0.0014405715046450496, 0.009464612230658531, 0.10416772216558456, 6.092274998081848e-05, 0.00015367244486697018, 6.785408186260611e-05, 0.000376997486455366, 2.172255153709557e-05, 0.037267982959747314, 0.000303298031212762, 0.0001542731624795124, 0.011256738565862179, 0.0016959169879555702, 0.00019031397823709995, 7.473603909602389e-05, 0.0053974054753780365, 0.05934423580765724, 0.08893591165542603, 0.00010936773469438776, 0.00020350613340269774, 9.301271347794682e-05, 7.250493945321068e-05, 8.083582360995933e-05, 6.942216714378446e-05, 5.4487998568220064e-05, 5.8675450418377295e-05, 0.0020235078409314156, 0.0002489637117832899, 0.0, 0.0, 0.0, 0.0, 0.0, 0.0, 0.0, 0.0, 0.0, 0.0, 0.0, 0.0, 0.0, 0.0, 0.0, 0.0, 0.0, 0.0, 0.0, 0.0, 0.0, 0.0, 0.0, 0.0, 0.0, 0.0, 0.0, 0.0, 0.0, 0.0, 0.0, 0.0, 0.0, 0.0, 0.0, 0.0, 0.0, 0.0, 0.0, 0.0, 0.0, 0.0, 0.0, 0.0, 0.0, 0.0, 0.0, 0.0, 0.0, 0.0, 0.0, 0.0, 0.0, 0.0, 0.0, 0.0, 0.0, 0.0, 0.0, 0.0, 0.0, 0.0, 0.0, 0.0, 0.0, 0.0, 0.0, 0.0, 0.0, 0.0, 0.0, 0.0, 0.0, 0.0, 0.0, 0.0, 0.0, 0.0, 0.0, 0.0, 0.0, 0.0, 0.0, 0.0, 0.0, 0.0, 0.0, 0.0, 0.0, 0.0, 0.0, 0.0, 0.0, 0.0, 0.0, 0.0, 0.0, 0.0, 0.0, 0.0, 0.0, 0.0, 0.0, 0.0, 0.0, 0.0, 0.0, 0.0, 0.0, 0.0, 0.0, 0.0, 0.0, 0.0, 0.0, 0.0, 0.0, 0.0, 0.0, 0.0, 0.0, 0.0, 0.0, 0.0, 0.0, 0.0, 0.0, 0.0, 0.0, 0.0, 0.0, 0.0, 0.0, 0.0, 0.0, 0.0, 0.0, 0.0, 0.0, 0.0, 0.0, 0.0, 0.0, 0.0, 0.0, 0.0, 0.0, 0.0, 0.0, 0.0, 0.0]}, {"relevance": 0.285177453368125,