{"query_id": 8888, "passages": [{"logits_end": [2.125319224433042e-05, 4.7503915993729606e-05, 8.565039934183005e-06, 0.00014305213699117303, 8.782218355918303e-05, 0.0051775649189949036, 0.011419449932873249, 2.5495683075860143e-05, 1.2647606126847677e-05, 1.0010461664933246e-05, 9.113617124967277e-05, 4.4377866288414225e-05, 1.6115925973281264e-05, 0.00010876368469325826, 3.6285189707996324e-05, 8.619762229500338e-05, 0.035897139459848404, 0.0003410786739550531, 0.00047468888806179166, 0.13648106157779694, 0.06688293069601059, 7.362302858382463e-05, 0.0002733019064180553, 9.962163312593475e-05, 9.145990043180063e-05, 3.489735536277294e-05, 0.008491809479892254, 9.266622510040179e-05, 0.004136837087571621, 0.2019113004207611, 0.0038564379792660475, 0.00194875942543149, 0.001130328862927854, 0.000582840817514807, 0.0004892534343525767, 0.0049908701330423355, 0.0005264873034320772, 0.00011690700193867087, 0.008041650988161564, 0.008182755671441555, 0.08420777320861816, 3.964606366935186e-05, 0.00012697052443400025, 0.00010731151269283146, 9.647458500694484e-05, 0.0001489514106651768, 0.00021821603877469897, 3.911484236596152e-05, 0.0006962226470932364, 0.007196352351456881, 0.0001953706523636356, 0.00038281091838143766, 0.09420180320739746, 0.0012856422690674663, 0.00010453703725943342, 0.0018271999433636665, 0.06153646484017372, 0.00016210254398174584, 7.347001519519836e-05, 2.8837213903898373e-05, 9.14326446945779e-05, 2.317742837476544e-05, 0.005755942314863205, 0.00013712116924580187, 0.0001293830864597112, 0.0048704007640480995, 0.03567060828208923, 0.00034967483952641487, 0.00039644291973672807, 5.4283776989905164e-05, 3.925194323528558e-05, 0.004161244723945856, 0.05772612616419792, 0.1342727690935135, 0.00046356493839994073, 0.00019349415379110724, 3.2322182960342616e-05, 1.383618018735433e-05, 1.3248220966488589e-05, 0.00015252543380483985, 3.9483216824010015e-05, 1.5640676792827435e-05, 0.00015962911129463464, 7.810474198777229e-05, 0.0, 0.0, 0.0, 0.0, 0.0, 0.0, 0.0, 0.0, 0.0, 0.0, 0.0, 0.0, 0.0, 0.0, 0.0, 0.0, 0.0, 0.0, 0.0, 0.0, 0.0, 0.0, 0.0, 0.0, 0.0, 0.0, 0.0, 0.0, 0.0, 0.0, 0.0, 0.0, 0.0, 0.0, 0.0, 0.0, 0.0, 0.0, 0.0, 0.0, 0.0, 0.0, 0.0, 0.0, 0.0, 0.0, 0.0, 0.0, 0.0, 0.0, 0.0, 0.0, 0.0, 0.0, 0.0, 0.0, 0.0, 0.0, 0.0, 0.0, 0.0, 0.0, 0.0, 0.0, 0.0, 0.0, 0.0, 0.0, 0.0, 0.0, 0.0, 0.0, 0.0, 0.0, 0.0, 0.0, 0.0, 0.0, 0.0, 0.0, 0.0, 0.0, 0.0, 0.0, 0.0, 0.0, 0.0, 0.0, 0.0, 0.0, 0.0, 0.0, 0.0, 0.0, 0.0, 0.0, 0.0, 0.0, 0.0, 0.0, 0.0, 0.0, 0.0, 0.0, 0.0, 0.0, 0.0, 0.0, 0.0, 0.0, 0.0, 0.0, 0.0, 0.0, 0.0, 0.0, 0.0, 0.0, 0.0, 0.0, 0.0, 0.0, 0.0, 0.0, 0.0, 0.0, 0.0, 0.0, 0.0, 0.0, 0.0, 0.0, 0.0, 0.0, 0.0, 0.0, 0.0, 0.0, 0.0, 0.0, 0.0, 0.0, 0.0, 0.0, 0.0, 0.0, 0.0, 0.0, 0.0, 0.0, 0.0, 0.0, 0.0, 0.0, 0.0, 0.0, 0.0, 0.0, 0.0, 0.0, 0.0, 0.0, 0.0, 0.0, 0.0, 0.0, 0.0, 0.0, 0.0], "tokens": ["shoe", "carnival", "-", "closed", "christmas", "day", ".", "most", "shoe", "carnival", "stores", "will", "be", "closed", "on", "christmas", "day", ",", "december", "25", ".", "shoe", "carnival", "will", "resume", "normal", "hours", "on", "december", "26", "to", "kick", "off", "their", "after", "christmas", "and", "new", "years", "sales", ".", "shoe", "carnival", "will", "also", "close", "early", "on", "christmas", "eve", ",", "december", "24", "at", "most", "locations", ".", "stores", "may", "be", "open", "limited", "hours", "on", "new", "years", "eve", "and", "/", "or", "new", "years", "day", ".", "again", ",", "most", "shoe", "carnival", "stores", "will", "be", "closed", "this"], "logits_start": [0.02029431238770485, 0.001024364260956645, 0.0012381677515804768, 0.0028545581735670567, 0.004397313576191664, 0.005642465781420469, 0.00023807155957911164, 0.05087492614984512, 0.003469776129350066, 0.003196427598595619, 0.002076244680210948, 0.0020730295218527317, 0.003435944439843297, 0.02206309325993061, 0.009340177290141582, 0.029340561479330063, 0.04633844271302223, 0.0015167960664257407, 0.13324607908725739, 0.024943199008703232, 0.0003949098754674196, 0.03318843990564346, 0.0024753124453127384, 0.002243196591734886, 0.004224620293825865, 0.00625392934307456, 0.05034956336021423, 0.004529346711933613, 0.0828351154923439, 0.12001683562994003, 0.00016510460409335792, 0.0013418571325019002, 0.0008704264764674008, 0.0007963933167047799, 0.0019304626621305943, 0.0016212797490879893, 0.000385129387723282, 0.0028019854798913, 0.005937790498137474, 0.0005000102682970464, 0.00017481364193372428, 0.016709595918655396, 0.0011561994906514883, 0.0008780149510130286, 0.0011562843574211001, 0.006548959296196699, 0.004903873894363642, 0.004791500046849251, 0.006809914484620094, 0.007776669226586819, 0.0007042810320854187, 0.04336000606417656, 0.06746197491884232, 0.00014410846051760018, 0.000152919179527089, 0.0002140026044799015, 0.00014812900917604566, 0.0065127271227538586, 0.000861557899042964, 0.0016259613912552595, 0.006296257488429546, 0.008431917987763882, 0.028477102518081665, 0.0027998106088489294, 0.02104973793029785, 0.02290962263941765, 0.004073211923241615, 0.0004733839596156031, 0.0007929455023258924, 0.0015246013645082712, 0.010972448624670506, 0.0229572094976902, 0.0021469302009791136, 2.710588159970939e-05, 0.0008193444809876382, 2.8979729904676788e-05, 0.0010749321663752198, 0.0001989388110814616, 0.00014132923388388008, 9.718530782265589e-05, 0.0001331823441432789, 0.00021227860997896641, 0.0013778558932244778, 0.00042654562275856733, 0.0, 0.0, 0.0, 0.0, 0.0, 0.0, 0.0, 0.0, 0.0, 0.0, 0.0, 0.0, 0.0, 0.0, 0.0, 0.0, 0.0, 0.0, 0.0, 0.0, 0.0, 0.0, 0.0, 0.0, 0.0, 0.0, 0.0, 0.0, 0.0, 0.0, 0.0, 0.0, 0.0, 0.0, 0.0, 0.0, 0.0, 0.0, 0.0, 0.0, 0.0, 0.0, 0.0, 0.0, 0.0, 0.0, 0.0, 0.0, 0.0, 0.0, 0.0, 0.0, 0.0, 0.0, 0.0, 0.0, 0.0, 0.0, 0.0, 0.0, 0.0, 0.0, 0.0, 0.0, 0.0, 0.0, 0.0, 0.0, 0.0, 0.0, 0.0, 0.0, 0.0, 0.0, 0.0, 0.0, 0.0, 0.0, 0.0, 0.0, 0.0, 0.0, 0.0, 0.0, 0.0, 0.0, 0.0, 0.0, 0.0, 0.0, 0.0, 0.0, 0.0, 0.0, 0.0, 0.0, 0.0, 0.0, 0.0, 0.0, 0.0, 0.0, 0.0, 0.0, 0.0, 0.0, 0.0, 0.0, 0.0, 0.0, 0.0, 0.0, 0.0, 0.0, 0.0, 0.0, 0.0, 0.0, 0.0, 0.0, 0.0, 0.0, 0.0, 0.0, 0.0, 0.0, 0.0, 0.0, 0.0, 0.0, 0.0, 0.0, 0.0, 0.0, 0.0, 0.0, 0.0, 0.0, 0.0, 0.0, 0.0, 0.0, 0.0, 0.0, 0.0, 0.0, 0.0, 0.0, 0.0, 0.0, 0.0, 0.0, 0.0, 0.0, 0.0, 0.0, 0.0, 0.0, 0.0, 0.0, 0.0, 0.0, 0.0, 0.0, 0.0, 0.0, 0.0, 0.0, 0.0], "relevance": 0.3824496428594418,