{"query_id": 9361, "passages": [{"logits_end": [1.176002206193516e-05, 2.0473649783525616e-05, 1.222832543135155e-05, 2.495506123523228e-05, 2.1544008177443175e-06, 0.01084238849580288, 0.5826796889305115, 0.004199114162474871, 0.00017343569197691977, 0.001553752226755023, 0.0006350739276967943, 0.00017186951299663633, 0.00010562219540588558, 5.7118890254059806e-05, 5.27222546224948e-05, 5.495700315805152e-05, 0.0001783773477654904, 5.699102257494815e-05, 0.001342432340607047, 0.02097654901444912, 4.21121294493787e-05, 1.532008172944188e-05, 3.640370778157376e-05, 4.703591548604891e-05, 3.184941306244582e-05, 1.984205846383702e-05, 0.00010283264418831095, 7.756842387607321e-05, 0.00012265121040400118, 2.109508750436362e-05, 3.471165837254375e-05, 2.4023847799981013e-05, 4.709889617515728e-05, 0.00020030721498187631, 0.00011380863725207746, 5.6710072385612875e-05, 1.6746063920436427e-05, 0.00010042092617368326, 1.4578511581930798e-05, 1.6186355423997156e-05, 1.9141592929372564e-05, 0.001193447271361947, 0.00018309552979189903, 0.004883024841547012, 0.0018128118244931102, 0.015045610256493092, 2.155976471840404e-05, 1.0735587238741573e-05, 1.1047002772102132e-05, 1.7480771930422634e-05, 8.616806553618517e-06, 2.312639117008075e-05, 3.342784839333035e-05, 0.00010868554818443954, 0.00016236981900874525, 0.0001276676484849304, 0.0002460179093759507, 5.651573246723274e-06, 5.8393849030835554e-05, 3.839853161480278e-05, 0.0024131701793521643, 0.002868465380743146, 0.00402046088129282, 0.0019060515332967043, 0.009219313971698284, 0.013789988122880459, 0.009423005394637585, 0.008353623561561108, 0.011230549775063992, 0.006986779626458883, 0.007629839237779379, 0.011002098210155964, 0.00657237321138382, 0.021629808470606804, 0.1080319881439209, 0.12661924958229065, 0.0, 0.0, 0.0, 0.0, 0.0, 0.0, 0.0, 0.0, 0.0, 0.0, 0.0, 0.0, 0.0, 0.0, 0.0, 0.0, 0.0, 0.0, 0.0, 0.0, 0.0, 0.0, 0.0, 0.0, 0.0, 0.0, 0.0, 0.0, 0.0, 0.0, 0.0, 0.0, 0.0, 0.0, 0.0, 0.0, 0.0, 0.0, 0.0, 0.0, 0.0, 0.0, 0.0, 0.0, 0.0, 0.0, 0.0, 0.0, 0.0, 0.0, 0.0, 0.0, 0.0, 0.0, 0.0, 0.0, 0.0, 0.0, 0.0, 0.0, 0.0, 0.0, 0.0, 0.0, 0.0, 0.0, 0.0, 0.0, 0.0, 0.0, 0.0, 0.0, 0.0, 0.0, 0.0, 0.0, 0.0, 0.0, 0.0, 0.0, 0.0, 0.0, 0.0, 0.0, 0.0, 0.0, 0.0, 0.0, 0.0, 0.0, 0.0, 0.0, 0.0, 0.0, 0.0, 0.0, 0.0, 0.0, 0.0, 0.0, 0.0, 0.0, 0.0, 0.0, 0.0, 0.0, 0.0, 0.0, 0.0, 0.0, 0.0, 0.0, 0.0, 0.0, 0.0, 0.0, 0.0, 0.0, 0.0, 0.0, 0.0, 0.0, 0.0, 0.0, 0.0, 0.0, 0.0, 0.0, 0.0, 0.0, 0.0, 0.0, 0.0, 0.0, 0.0, 0.0, 0.0, 0.0, 0.0, 0.0, 0.0, 0.0, 0.0, 0.0, 0.0, 0.0, 0.0, 0.0, 0.0, 0.0, 0.0, 0.0, 0.0, 0.0, 0.0, 0.0, 0.0, 0.0, 0.0, 0.0, 0.0, 0.0, 0.0, 0.0, 0.0, 0.0, 0.0, 0.0, 0.0, 0.0, 0.0, 0.0, 0.0, 0.0, 0.0, 0.0, 0.0], "tokens": ["and", "keeping", "your", "lunch", "to", "400", "calories", ",", "or", "less", ",", "will", "help", "you", "keep", "your", "diet", "on", "track", ".", "these", "light", "lunch", "menus", "deliver", "some", "protein", "and", "fiber", "to", "keep", "you", "feeling", "satisfied", ",", "yet", "leave", "room", "for", "a", "healthy", "mid", "-", "afternoon", "snack", ".", "download", "a", "free", "low", "-", "calorie", "lunch", "cookbook", "!", "next", ":", "garden", "pasta", "salad", "1", "».", "1", ".", "2", "2", ".", "3", "3", ".", "4", "4", ".", "5", "5", "."], "selected": true, "relevance": 0.36186884195256086, "url": "http://www.eatingwell.com/nutrition_health/weight_loss_diet_plans/diet_meal_plans/Lunches_for_400_calories_or_less", "end_index": 6, "start_index": 5, "logits_start": [0.012257390655577183, 0.0011677771108224988, 0.001930729136802256, 0.00781054375693202, 0.011934291571378708, 0.4397306442260742, 0.0002156009868485853, 4.664998050429858e-05, 0.0002846362185664475, 0.0002315636957064271, 3.789829133893363e-05, 5.502743078977801e-05, 5.3803803893970326e-05, 5.070790575700812e-05, 5.337781476555392e-05, 5.357748159440234e-05, 8.091701602097601e-05, 0.00030020312988199294, 0.0004053071024827659, 2.2529431589646265e-05, 0.0009859296260401607, 0.00013711546489503235, 0.00012078191502951086, 8.051958138821647e-05, 9.431458602193743e-05, 9.696504275780171e-05, 7.568790897494182e-05, 6.688830035272986e-05, 8.390224684262648e-05, 9.819874685490504e-05, 9.755440260050818e-05, 9.292137110605836e-05, 7.679027476115152e-05, 6.0149748605908826e-05, 5.710956975235604e-05, 0.00027220946503803134, 0.0002122495207004249, 0.00033671711571514606, 0.0004120110534131527, 0.0008437607320956886, 0.0010345552582293749, 0.010264365002512932, 0.002534514293074608, 0.00322556309401989, 0.00021916588593740016, 3.1446514185518026e-05, 0.00319157843478024, 0.00022772264492232352, 0.00014378225023392588, 0.00023043157125357538, 0.0001393724960507825, 0.00012706879351753742, 0.0001710373762762174, 0.00011469368473626673, 8.863373659551144e-05, 0.0007435088627971709, 0.00017200295405928046, 0.00927888136357069, 0.0018570696702226996, 0.0034552428405731916, 0.4100976884365082, 0.010559303686022758, 0.012316183187067509, 0.00047423786600120366, 0.0065791006200015545, 0.003929958213120699, 0.0013391420943662524, 0.007615833077579737, 0.0037293145433068275, 0.001658703084103763, 0.008742531761527061, 0.0038800060283392668, 0.0009670997387729585, 0.007520217448472977, 0.002086171181872487, 0.00022888105013407767, 0.0, 0.0, 0.0, 0.0, 0.0, 0.0, 0.0, 0.0, 0.0, 0.0, 0.0, 0.0, 0.0, 0.0, 0.0, 0.0, 0.0, 0.0, 0.0, 0.0, 0.0, 0.0, 0.0, 0.0, 0.0, 0.0, 0.0, 0.0, 0.0, 0.0, 0.0, 0.0, 0.0, 0.0, 0.0, 0.0, 0.0, 0.0, 0.0, 0.0, 0.0, 0.0, 0.0, 0.0, 0.0, 0.0, 0.0, 0.0, 0.0, 0.0, 0.0, 0.0, 0.0, 0.0, 0.0, 0.0, 0.0, 0.0, 0.0, 0.0, 0.0, 0.0, 0.0, 0.0, 0.0, 0.0, 0.0, 0.0, 0.0, 0.0, 0.0, 0.0, 0.0, 0.0, 0.0, 0.0, 0.0, 0.0, 0.0, 0.0, 0.0, 0.0, 0.0, 0.0, 0.0, 0.0, 0.0, 0.0, 0.0, 0.0, 0.0, 0.0, 0.0, 0.0, 0.0, 0.0, 0.0, 0.0, 0.0, 0.0, 0.0, 0.0, 0.0, 0.0, 0.0, 0.0, 0.0, 0.0, 0.0, 0.0, 0.0, 0.0, 0.0, 0.0, 0.0, 0.0, 0.0, 0.0, 0.0, 0.0, 0.0, 0.0, 0.0, 0.0, 0.0, 0.0, 0.0, 0.0, 0.0, 0.0, 0.0, 0.0, 0.0, 0.0, 0.0, 0.0, 0.0, 0.0, 0.0, 0.0, 0.0, 0.0, 0.0, 0.0, 0.0, 0.0, 0.0, 0.0, 0.0, 0.0, 0.0, 0.0, 0.0, 0.0, 0.0, 0.0, 0.0, 0.0, 0.0, 0.0, 0.0, 0.0, 0.0, 0.0, 0.0, 0.0, 0.0, 0.0, 0.0, 0.0, 0.0, 0.0, 0.0, 0.0, 0.0, 0.0, 0.0]}, {"logits_end": [7.474531230400316e-06, 0.008899043314158916, 0.004999240860342979, 0.0009172681020572782, 0.0033218730241060257, 0.03285640478134155, 4.0619823266752064e-05, 6.628472328884527e-05, 7.162092515500262e-05, 2.2308488041744567e-05, 1.1093484317825641e-05, 1.884103585325647e-05, 1.6939095075940713e-05, 2.256260995636694e-05, 1.358143435936654e-05, 1.556505958433263e-05, 1.1357207768014632e-05, 1.4133573131402954e-05, 1.601846088306047e-05, 1.0541180927248206e-05, 1.3273541298985947e-05, 1.44839686981868e-05, 1.0412065421405714e-05, 1.2048973076161928e-05, 6.301964731392218e-06, 0.01899006776511669, 0.013968533836305141, 0.005509874317795038, 0.010332590900361538, 0.05078999325633049, 0.001168351387605071, 0.011969274841248989, 0.0012076819548383355, 0.0008869761368259788, 0.0002320844359928742, 8.123728184727952e-05, 0.00017648341599851847, 1.2659687854466029e-05, 0.004046229179948568, 0.1675584763288498, 0.04079792648553848, 0.0008727802196517587, 0.00922869797796011, 0.0007425366784445941, 0.00039148455834947526, 8.698573219589889e-05, 6.462695455411449e-05, 4.683484075940214e-05, 0.00011750042176572606, 9.425230928172823e-06, 0.003114675171673298, 0.14121194183826447, 0.03586205467581749, 0.0007494821329601109, 0.011180806905031204, 0.0009705612319521606, 0.0013172394828870893, 0.0001819636527216062, 0.0003673116152640432, 0.0002500936680007726, 0.0008485495927743614, 0.0006431226502172649, 0.004127775318920612, 0.054049938917160034, 0.0013205448631197214, 0.0013833583798259497, 0.08798038959503174, 0.2637416422367096, 0.0, 0.0, 0.0, 0.0, 0.0, 0.0, 0.0, 0.0, 0.0, 0.0, 0.0, 0.0, 0.0, 0.0, 0.0, 0.0, 0.0, 0.0, 0.0, 0.0, 0.0, 0.0, 0.0, 0.0, 0.0, 0.0, 0.0, 0.0, 0.0, 0.0, 0.0, 0.0, 0.0, 0.0, 0.0, 0.0, 0.0, 0.0, 0.0, 0.0, 0.0, 0.0, 0.0, 0.0, 0.0, 0.0, 0.0, 0.0, 0.0, 0.0, 0.0, 0.0, 0.0, 0.0, 0.0, 0.0, 0.0, 0.0, 0.0, 0.0, 0.0, 0.0, 0.0, 0.0, 0.0, 0.0, 0.0, 