{"passages": [{"end_index": 6, "start_index": 5, "tokens": ["and", "keeping", "your", "lunch", "to", "400", "calories", ",", "or", "less", ",", "will", "help", "you", "keep", "your", "diet", "on", "track", ".", "these", "light", "lunch", "menus", "deliver", "some", "protein", "and", "fiber", "to", "keep", "you", "feeling", "satisfied", ",", "yet", "leave", "room", "for", "a", "healthy", "mid-afternoon", "snack", ".", "download", "a", "free", "low-calorie", "lunch", "cookbook", "!", "next", ":", "garden", "pasta", "salad", "1", "»", ".", "1", ".", "2", "2", ".", "3", "3", ".", "4", "4", ".", "5", "5", "."], "relevance": 0.36186884195256086, "logits_end": [1.509717640146846e-05, 1.5580719264107756e-05, 1.7395395843777806e-05, 0.00015761623217258602, 2.4940649382187985e-05, 0.028438379988074303, 0.6578071713447571, 0.003312400309368968, 0.00042106397449970245, 0.005121248308569193, 0.0012645057868212461, 0.0002624382032081485, 0.0002853474870789796, 0.00020793045405298471, 0.0001752107491483912, 0.00015167608216870576, 0.00026534515200182796, 0.00015278131468221545, 0.0031655016355216503, 0.07854955643415451, 4.535647531156428e-05, 4.124739280086942e-05, 5.230185342952609e-05, 3.621303039835766e-05, 3.246867345296778e-05, 2.8723079594783485e-05, 0.00018320840899832547, 5.3218082030070946e-05, 0.00013550333096645772, 3.741661203093827e-05, 4.066278779646382e-05, 3.5998342355014756e-05, 3.8659272831864655e-05, 6.352148920996115e-05, 6.656214100075886e-05, 2.5423005354241468e-05, 2.751011743384879e-05, 4.560209345072508e-05, 2.56575603998499e-05, 3.5123815905535594e-05, 5.2951440011383966e-05, 0.0006345301517285407, 0.001583745121024549, 0.016507932916283607, 1.5880690625635907e-05, 1.5555762729491107e-05, 1.52919274114538e-05, 4.932181764161214e-05, 0.00016779488942120224, 0.00020819911151193082, 0.0004584368143696338, 0.00020510189642664045, 0.0006453054957091808, 9.216475518769585e-06, 7.32203116058372e-05, 0.00010323011520085856, 0.0005626903148368001, 0.004971838090568781, 0.011646479368209839, 0.001525683794170618, 0.0033498797565698624, 0.0002846842398867011, 0.01399813499301672, 0.01740182377398014, 0.0005167354247532785, 0.01744825392961502, 0.0190736074000597, 0.0009702530805952847, 0.02074800617992878, 0.023335881531238556, 0.0007635115180164576, 0.022295378148555756, 0.03949976712465286, 0.0, 0.0, 0.0, 0.0, 0.0, 0.0, 0.0, 0.0, 0.0, 0.0, 0.0, 0.0, 0.0, 0.0, 0.0, 0.0, 0.0, 0.0, 0.0, 0.0, 0.0, 0.0, 0.0, 0.0, 0.0, 0.0, 0.0, 0.0, 0.0, 0.0, 0.0, 0.0, 0.0, 0.0, 0.0, 0.0, 0.0, 0.0, 0.0, 0.0, 0.0, 0.0, 0.0, 0.0, 0.0, 0.0, 0.0, 0.0, 0.0, 0.0, 0.0, 0.0, 0.0, 0.0, 0.0, 0.0, 0.0, 0.0, 0.0, 0.0, 0.0, 0.0, 0.0, 0.0, 0.0, 0.0, 0.0, 0.0, 0.0, 0.0, 0.0, 0.0, 0.0, 0.0, 0.0, 0.0, 0.0, 0.0, 0.0, 0.0, 0.0, 0.0, 0.0, 0.0, 0.0, 0.0, 0.0, 0.0, 0.0, 0.0, 0.0, 0.0, 0.0, 0.0, 0.0, 0.0, 0.0, 0.0, 0.0, 0.0, 0.0, 0.0, 0.0, 0.0, 0.0, 0.0, 0.0, 0.0, 0.0, 0.0, 0.0, 0.0, 0.0, 0.0, 0.0, 0.0, 0.0, 0.0, 0.0, 0.0, 0.0, 0.0, 0.0, 0.0, 0.0, 0.0, 0.0, 0.0, 0.0, 0.0, 0.0, 0.0, 0.0, 0.0, 0.0, 0.0, 0.0, 0.0, 0.0, 0.0, 0.0, 0.0, 0.0, 0.0, 0.0, 0.0, 0.0, 0.0, 0.0, 0.0, 0.0, 0.0, 0.0, 0.0, 0.0, 0.0, 0.0], "logits_start": [0.023608028888702393, 0.00477210246026516, 0.00499787088483572, 0.06932288408279419, 0.02781078964471817, 0.6856630444526672, 0.00039068475598469377, 0.00012953145778737962, 0.000293280987534672, 0.00023918687656987458, 4.77853900520131e-05, 7.944413664517924e-05, 5.714816870749928e-05, 5.9367259382270277e-05, 5.6729833886493e-05, 6.0265821957727894e-05, 5.9866044466616586e-05, 8.096252713585272e-05, 0.0001115242121159099, 6.378952093655244e-05, 0.002000431763008237, 0.00032544229179620743, 0.0003343868302181363, 0.00021846857271157205, 0.00022028182866051793, 0.0002710611151997, 0.00031357843545265496, 0.00012185703963041306, 0.00033983623143285513, 0.0001699613785604015, 0.000144563295179978, 0.00015364735736511648, 0.00013948825653642416, 0.0001418453612131998, 6.378879334079102e-05, 0.00021360548271331936, 0.00019651290494948626, 0.00017859799845609814, 0.00024096651759464294, 0.0003960615140385926, 0.0003669098950922489, 0.0016987291164696217, 0.00018422515131533146, 0.0001086017582565546, 0.00411848071962595, 0.0004087020643055439, 0.00029444514075294137, 0.0005441137473098934, 0.0003378278051968664, 0.0002068525500362739, 0.00023535646323580295, 0.00034155906178057194, 8.700677426531911e-05, 0.0015105402562767267, 0.0004961001686751842, 0.0005390344304032624, 0.03420136496424675, 0.00043173201265744865, 0.00016191741451621056, 0.004327469039708376, 0.0003292988985776901, 0.02349136769771576, 0.015136941336095333, 0.00014483017730526626, 0.016030041500926018, 0.01430375874042511, 0.00015048327622935176, 0.016424668952822685, 0.01295512355864048, 0.00012964935740455985, 0.015708530321717262, 0.010451438836753368, 5.43744426977355e-05, 0.0, 0.0, 0.0, 0.0, 0.0, 0.0, 0.0, 0.0, 0.0, 0.0, 0.0, 0.0, 0.0, 0.0, 0.0, 0.0, 0.0, 0.0, 0.0, 0.0, 0.0, 0.0, 0.0, 0.0, 0.0, 0.0, 0.0, 0.0, 0.0, 0.0, 0.0, 0.0, 0.0, 0.0, 0.0, 0.0, 0.0, 0.0, 0.0, 0.0, 0.0, 0.0, 0.0, 0.0, 0.0, 0.0, 0.0, 0.0, 0.0, 0.0, 0.0, 0.0, 0.0, 0.0, 0.0, 0.0, 0.0, 0.0, 0.0, 0.0, 0.0, 0.0, 0.0, 0.0, 0.0, 0.0, 0.0, 0.0, 0.0, 0.0, 0.0, 0.0, 0.0, 0.0, 0.0, 0.0, 0.0, 0.0, 0.0, 0.0, 0.0, 0.0, 0.0, 0.0, 0.0, 0.0, 0.0, 0.0, 0.0, 0.0, 0.0, 0.0, 0.0, 0.0, 0.0, 0.0, 0.0, 0.0, 0.0, 0.0, 0.0, 0.0, 0.0, 0.0, 0.0, 0.0, 0.0, 0.0, 0.0, 0.0, 0.0, 0.0, 0.0, 0.0, 0.0, 0.0, 0.0, 0.0, 0.0, 0.0, 0.0, 0.0, 0.0, 0.0, 0.0, 0.0, 0.0, 0.0, 0.0, 0.0, 0.0, 0.0, 0.0, 0.0, 0.0, 0.0, 0.0, 0.0, 0.0, 0.0, 0.0, 0.0, 0.0, 0.0, 0.0, 0.0, 0.0, 0.0, 0.0, 0.0, 0.0, 0.0, 0.0, 0.0, 0.0, 0.0, 0.0], "url": "http://www.eatingwell.com/nutrition_health/weight_loss_diet_plans/diet_meal_plans/Lunches_for_400_calories_or_less", "selected": true}, {"url": "http://www.tasteofhome.com/healthy/special-diets/low-calorie/low-calorie-lunch-foods",