{"query_id": 992, "passages": [{"logits_start": [0.10964762419462204, 0.03992629796266556, 0.02094447799026966, 0.024839790537953377, 0.0098881796002388, 0.019003696739673615, 0.00867541041225195, 0.013746273703873158, 0.00996966939419508, 0.019323106855154037, 0.0034882896579802036, 0.0627020001411438, 0.007498499937355518, 0.007980155758559704, 0.013074704445898533, 0.009481953456997871, 0.015454692766070366, 0.006777719594538212, 0.008262592367827892, 0.006618023384362459, 0.0066822185181081295, 0.00721766659989953, 0.009343401528894901, 0.002755684545263648, 0.05631404370069504, 0.007103587035089731, 0.00442394008859992, 0.008024361915886402, 0.004945625085383654, 0.0059046512469649315, 0.005827154964208603, 0.0024545742198824883, 0.05404955521225929, 0.005849081557244062, 0.008647643029689789, 0.006054415833204985, 0.0051557342521846294, 0.0056634750217199326, 0.005579274147748947, 0.004916150122880936, 0.006251924205571413, 0.007318414282053709, 0.006573518738150597, 0.008289680816233158, 0.009147648699581623, 0.009853016585111618, 0.016940249130129814, 0.0020535564981400967, 0.05354360118508339, 0.009902529418468475, 0.004575435537844896, 0.00808486808091402, 0.008027947507798672, 0.00666203023865819, 0.004245738964527845, 0.009413912892341614, 0.005920459050685167, 0.006934997159987688, 0.004996879026293755, 0.004126608371734619, 0.007341495715081692, 0.005300914403051138, 0.008543211966753006, 0.004332676995545626, 0.010075719095766544, 0.009133252315223217, 0.005112199112772942, 0.0019033304415643215, 0.05927702784538269, 0.010617486201226711, 0.004323391709476709, 0.004269018303602934, 0.006101955194026232, 0.0038179303519427776, 0.0048411195166409016, 0.0042012883350253105, 0.005349918268620968, 0.00718784099444747, 0.009665695950388908, 0.0015261926455423236, 0.0, 0.0, 0.0, 0.0, 0.0, 0.0, 0.0, 0.0, 0.0, 0.0, 0.0, 0.0, 0.0, 0.0, 0.0, 0.0, 0.0, 0.0, 0.0, 0.0, 0.0, 0.0, 0.0, 0.0, 0.0, 0.0, 0.0, 0.0, 0.0, 0.0, 0.0, 0.0, 0.0, 0.0, 0.0, 0.0, 0.0, 0.0, 0.0, 0.0, 0.0, 0.0, 0.0, 0.0, 0.0, 0.0, 0.0, 0.0, 0.0, 0.0, 0.0, 0.0, 0.0, 0.0, 0.0, 0.0, 0.0, 0.0, 0.0, 0.0, 0.0, 0.0, 0.0, 0.0, 0.0, 0.0, 0.0, 0.0, 0.0, 0.0, 0.0, 0.0, 0.0, 0.0, 0.0, 0.0, 0.0, 0.0, 0.0, 0.0, 0.0, 0.0, 0.0, 0.0, 0.0, 0.0, 0.0, 0.0, 0.0, 0.0, 0.0, 0.0, 0.0, 0.0, 0.0, 0.0, 0.0, 0.0, 0.0, 0.0, 0.0, 0.0, 0.0, 0.0, 0.0, 0.0, 0.0, 0.0, 0.0, 0.0, 0.0, 0.0, 0.0, 0.0, 0.0, 0.0, 0.0, 0.0, 0.0, 0.0, 0.0, 0.0, 0.0, 0.0, 0.0, 0.0, 0.0, 0.0, 0.0, 0.0, 0.0, 0.0, 0.0, 0.0, 0.0, 0.0, 0.0, 0.0, 0.0, 0.0, 0.0, 0.0, 0.0, 0.0, 0.0, 0.0, 0.0, 0.0, 0.0, 0.0, 0.0, 0.0, 0.0, 0.0, 0.0, 0.0, 0.0, 0.0, 0.0, 0.0], "selected": true, "end_index": 79, "url": "https://support.office.com/en-us/article/Create-a-desktop-shortcut-for-an-Office-program-or-file-9A8DF64B-CD87-4700-95CC-4BC3E2A962DA", "logits_end": [0.0037678941152989864, 0.006212020758539438, 0.0053629567846655846, 0.006636700592935085, 0.0031331724021583796, 0.004157244693487883, 0.0034395812544971704, 0.0054325019009411335, 0.005966964643448591, 0.011710166931152344, 0.12861624360084534, 0.0033207195810973644, 0.0015034552197903395, 0.001228119945153594, 0.0022193852346390486, 0.002609401475638151, 0.0038386143278330564, 0.0017623095773160458, 0.002254936844110489, 0.0019232924096286297, 0.002717149443924427, 0.0035092411562800407, 0.0051450883038342, 0.12028910219669342, 0.003174970392137766, 0.0018471971852704883, 0.0016399984015151858, 0.0015193165745586157, 0.0015509448712691665, 0.0015297177014872432, 0.0029736480209976435, 0.0777292400598526, 0.0018421536078676581, 0.0008174775866791606, 0.0010960670188069344, 0.0013551281299442053, 0.001308521837927401, 0.0011739591136574745, 0.0010090299183502793, 0.0013451704289764166, 0.0014784224331378937, 0.0012610192643478513, 0.0011614665854722261, 0.0017480298411101103, 0.0025372877717018127, 0.004175856243818998, 0.009478134103119373, 0.1020125150680542, 0.001656976412050426, 0.0011930731125175953, 0.001022135023958981, 0.0010013571009039879, 0.0012563628843054175, 0.0017137681134045124, 0.0017339529003947973, 0.0016321315197274089, 0.001077525899745524, 0.0013611768372356892, 0.0013252340722829103, 0.001939879497513175, 0.001792605617083609, 0.0021372127812355757, 0.0032047308050096035, 0.002780322218313813, 0.0038850093260407448, 0.005668117199093103, 0.00849109422415495, 0.09215741604566574, 0.002531901001930237, 0.003034982830286026, 0.001485668122768402, 0.0016376727726310492, 0.0025756261311471462, 0.0024371312465518713, 0.0023998296819627285, 0.002727270359173417, 0.0028308972250670195, 0.006005450617522001, 0.01478109136223793, 0.2580009698867798, 0.0, 0.0, 0.0, 0.0, 0.0, 0.0, 0.0, 0.0, 0.0, 0.0, 0.0, 0.0, 0.0, 0.0, 0.0, 0.0, 0.0, 0.0, 0.0, 0.0, 0.0, 0.0, 0.0, 0.0, 0.0, 0.0, 0.0, 0.0, 0.0, 0.0, 0.0, 0.0, 0.0, 0.0, 0.0, 0.0, 0.0, 0.0, 0.0, 0.0, 0.0, 0.0, 0.0, 0.0, 0.0, 0.0, 0.0, 0.0, 0.0, 0.0, 0.0, 0.0, 0.0, 0.0, 0.0, 0.0, 0.0, 0.0, 0.0, 0.0, 0.0, 0.0, 0.0, 0.0, 0.0, 0.0, 0.0, 0.0, 0.0, 0.0, 0.0, 0.0, 0.0, 0.0, 0.0, 0.0, 0.0, 0.0, 0.0, 0.0, 0.0, 0.0, 0.0, 0.0, 0.0, 0.0, 0.0, 0.0, 0.0, 0.0, 0.0, 0.0, 0.0, 0.0, 0.0, 0.0, 0.0, 0.0, 0.0, 0.0, 0.0, 0.0, 0.0, 0.0, 0.0, 0.0, 0.0, 0.0, 0.0, 0.0, 0.0, 0.0, 0.0, 0.0, 0.0, 0.0, 0.0, 0.0, 0.0, 0.0, 0.0, 0.0, 0.0, 0.0, 0.0, 0.0, 0.0, 0.0, 0.0, 0.0, 0.0, 0.0, 0.0, 0.0, 0.0, 0.0, 0.0, 0.0, 0.0, 0.0, 0.0, 0.0, 0.0, 0.0, 0.0, 0.0, 0.0, 0.0, 0.0, 0.0, 0.0, 0.0, 0.0, 0.0, 0.0, 0.0, 0.0, 0.0, 0.0, 0.0], "relevance": 0.44732304957018015, "tokens": ["create", "a", "desktop", "shortcut", "for", "an", "office", "document", "or", "file", ".", "you", "can", "also", "create", "desktop", "shortucts", "for", "specific", "office", "files", "or", "documents", ".", "click", "start", ",", "then", "point", "to", "documents", ".", "browse", "to", "the", "document", "or", "file", "for", "which", "you", "want", "to", "create", "a", "desktop", "shortcut", ".", "right-click", "the", "name", "of", "the", "document", ",", "point", "to", "send", "to", ",", "then", "click", "desktop", "(", "create", "shortcut", ")", ".", "a", "shortcut", "for", "that", "document", "or", "file", "appears", "on", "your", "desktop", "."],