{"query_id": 2603, "passages": [{"tokens": ["smylie", "kaufman", "(", "born", "november", "30", ",", "1991", ")", "is", "an", "american", "professional", "golfer", ".", "kaufman", "was", "born", "in", "birmingham", ",", "alabama", ".", "he", "played", "college", "golf", "at", "louisiana", "state", "university", ".", "he", "turned", "professional", "after", "graduating", "in", "2014", ";", "in", "december", "2014", "he", "tied", "for", "64th", "place", "at", "the", "web.com", "tour", "qualifying", "school", "final", "stage", ".", "kaufman", "played", "on", "the", "web.com", "tour", "in", "2015.", "after", "missing", "the", "cut", "in", "his", "first", "three", "tournaments", ",", "he", "finished", "t-4", "in", "the", "next", "two", "and", "won", "the", "third", ",", "the", "united", "leasing", "championship"], "logits_end": [0.008922087028622627, 0.04715252295136452, 0.00020300585310906172, 0.00033739625359885395, 0.0015952868852764368, 0.021300295367836952, 0.00011198898573638871, 0.0010567436693236232, 0.009044170379638672, 0.0003977828018832952, 0.0006105275242589414, 0.0074890232644975185, 0.010038391686975956, 0.04264572262763977, 0.03290831670165062, 0.029105495661497116, 0.0009307559812441468, 0.0004937968333251774, 0.00032858437043614686, 0.08007335662841797, 0.0002830200828611851, 0.08756161481142044, 0.25496867299079895, 0.0010818118462339044, 0.0005676459986716509, 0.0006481354357674718, 0.008974558673799038, 7.382471085293218e-05, 0.012355215847492218, 0.0009042014135047793, 0.01293601281940937, 0.13222715258598328, 0.00030606993823312223, 6.792404019506648e-05, 0.0020630815997719765, 0.00015485727635677904, 0.0010906205279752612, 4.263996015652083e-05, 0.010505994781851768, 0.00017182659939862788, 0.0002329767739865929, 0.012926734983921051, 0.017242154106497765, 8.512550266459584e-05, 0.0003256472700741142, 3.127908712485805e-05, 0.0020031328313052654, 0.0008251421386376023, 3.7298930692486465e-05, 8.352473378181458e-05, 0.002324181143194437, 0.0003603720397222787, 0.0005596878472715616, 0.00037022773176431656, 0.0016297961119562387, 0.015172327868640423, 0.08820384740829468, 0.0011706632794812322, 0.0005427177529782057, 3.580605334718712e-05, 5.4973683290882036e-05, 0.001455676625482738, 0.0015866497997194529, 3.203086816938594e-05, 0.0014849301660433412, 4.49100807600189e-05, 0.00023515653447248042, 3.8597529055550694e-05, 0.0005903400015085936, 3.117432424915023e-05, 4.662758146878332e-05, 0.00015449011698365211, 0.00017589397612027824, 0.004190430045127869, 4.4771524699172005e-05, 5.309250991558656e-05, 0.0002295061422046274, 0.005205068271607161, 3.922457108274102e-05, 4.321320739109069e-05, 0.00011743947106879205, 0.00021495088003575802, 4.143746627960354e-05, 4.5152075472287834e-05, 2.4570679670432582e-05, 0.0023241552989929914, 3.479395672911778e-05, 3.295957139926031e-05, 8.588237687945366e-05, 0.0011639654403552413, 0.014285099692642689, 0.0, 0.0, 0.0, 0.0, 0.0, 0.0, 0.0, 0.0, 0.0, 0.0, 0.0, 0.0, 0.0, 0.0, 0.0, 0.0, 0.0, 0.0, 0.0, 0.0, 0.0, 0.0, 0.0, 0.0, 0.0, 0.0, 0.0, 0.0, 0.0, 0.0, 0.0, 0.0, 0.0, 0.0, 0.0, 0.0, 0.0, 0.0, 0.0, 0.0, 0.0, 0.0, 0.0, 0.0, 0.0, 0.0, 0.0, 0.0, 0.0, 0.0, 0.0, 0.0, 0.0, 0.0, 0.0, 0.0, 0.0, 0.0, 0.0, 0.0, 0.0, 0.0, 0.0, 0.0, 0.0, 0.0, 0.0, 0.0, 0.0, 0.0, 0.0, 0.0, 0.0, 0.0, 0.0, 0.0, 0.0, 0.0, 0.0, 0.0, 0.0, 0.0, 0.0, 0.0, 0.0, 0.0, 0.0, 0.0, 0.0, 0.0, 0.0, 0.0, 0.0, 0.0, 0.0, 0.0, 0.0, 0.0, 0.0, 0.0, 0.0, 0.0, 0.0, 0.0, 0.0, 0.0, 0.0, 0.0, 0.0, 0.0, 0.0, 0.0, 0.0, 0.0, 0.0, 0.0, 0.0, 0.0, 0.0, 0.0, 0.0, 0.0, 0.0, 0.0, 0.0, 0.0, 0.0, 0.0, 0.0, 0.0, 0.0, 0.0, 0.0, 0.0, 0.0, 0.0, 0.0, 0.0, 0.0, 0.0, 0.0, 0.0, 0.0, 0.0], "logits_start": [0.12670853734016418, 0.004477673675864935, 0.0007590919267386198, 0.0064247166737914085, 0.016194453462958336, 0.009189271368086338, 0.0008928339811973274, 0.0191651601344347, 0.011368054896593094, 0.02931865304708481, 0.04476672410964966, 0.05825116112828255, 0.004204432014375925, 0.002535868901759386, 0.0009989277459681034, 0.20786172151565552, 0.00868003536015749, 0.013417070731520653, 0.02147543430328369, 0.26042354106903076, 0.0006811539642512798, 0.008610379882156849, 0.0005176478298380971, 0.024494701996445656, 0.0059035844169557095, 0.006518173962831497, 0.0044748540967702866, 0.0005120853893458843, 0.004543638788163662, 0.0004837727465201169, 0.0006012808298692107, 0.0004653595096897334, 0.004281958565115929, 0.0007413997664116323, 0.0011728142853826284, 0.0004893686855211854, 0.0007164727430790663, 0.0005168080679140985, 0.0012931833043694496, 0.00046663766261190176, 0.0053712897934019566, 0.0062578883953392506, 0.0005085851298645139, 0.0016781502636149526, 0.001948047778569162, 0.0006001697038300335, 0.002316802740097046, 0.0004954470787197351, 0.0005168432835489511, 0.0014527245657518506, 0.002013467252254486, 0.0006462368764914572, 0.004987426567822695, 0.0031856433488428593, 0.004787664394825697, 0.0007995542255230248, 0.000427256862167269, 0.016176091507077217, 0.0015405388548970222, 0.0005624633049592376, 0.0012784756254404783, 0.001621347852051258, 0.00046089928946457803, 0.0005282732890918851, 0.0032307251822203398, 0.0005501679261215031, 0.0012609409168362617, 0.0006728643202222884, 0.001075990148819983, 0.00042870661127381027, 0.000756029796320945, 0.0013352242531254888, 0.0009956236463040113, 0.0005731856217607856, 0.00039200266473926604, 0.0017035200726240873, 0.0034056352451443672, 0.001442073960788548, 0.00038399212644435465, 0.0006077353027649224, 0.0008618631982244551, 0.0005939680268056691, 0.0003999025502707809, 0.0005591226508840919, 0.0004920368082821369, 0.0008160762372426689, 0.0003692305472213775, 0.0005826105480082333, 0.000672492547892034, 0.0005023956182412803, 0.0005760557251051068, 0.0, 0.0, 0.0, 0.0, 0.0, 0.0, 0.0, 0.0, 0.0, 0.0, 0.0, 0.0, 0.0, 0.0, 0.0, 0.0, 0.0, 0.0, 0.0, 0.0, 0.0, 0.0, 0.0, 0.0, 0.0, 0.0, 0.0, 0.0, 0.0, 0.0, 0.0, 0.0, 0.0, 0.0, 0.0, 0.0, 0.0, 0.0, 0.0, 0.0, 0.0, 0.0, 0.0, 0.0, 0.0, 0.0, 0.0, 0.0, 0.0, 0.0, 0.0, 0.0, 0.0, 0.0, 0.0, 0.0, 0.0, 0.0, 0.0, 0.0, 0.0, 0.0, 0.0, 0.0, 0.0, 0.0, 0.0, 0.0, 0.0, 0.0, 0.0, 0.0, 0.0, 0.0, 0.0, 0.0, 0.0, 0.0, 0.0, 0.0, 0.0, 0.0, 0.0, 0.0, 0.0, 0.0, 0.0, 0.0, 0.0, 0.0, 0.0, 0.0, 0.0, 0.0, 0.0, 0.0, 0.0, 0.0, 0.0, 0.0, 0.0, 0.0, 0.0, 0.0, 0.0, 0.0, 0.0, 0.0, 0.0, 0.0, 0.0, 0.0, 0.0, 0.0, 0.0, 0.0, 0.0, 0.0, 0.0, 0.0, 0.0, 0.0, 0.0, 0.0, 0.0, 0.0, 0.0, 0.0, 0.0, 0.0, 0.0, 0.0, 0.0, 0.0, 0.0, 0.0, 0.0, 0.0, 0.0, 0.0, 0.0, 0.0, 0.0, 0.0], "url": "https://en.wikipedia.org/wiki/Smylie_Kaufman", "relevance": 0.7078702902737571, "selected": true, "start_index": 19, "end_index": 22}, {"tokens": ["kaufmann", "is", "a", "surname", "with", "many", "variants", "such", "as", "kauffmann", ",", "kaufman", ",", "and", "kauffman", ".", "in", "german", ",", "the", "name", "means", "merchant", ".", "it", "is", "the", "cognate", "of", "the", "english", "chapman", "(", "which", "had", "a", "similar", "meaning", "in", "the", "middle", "ages", ",", "though", "it", "disappeared", "from", "modern", "english", ")", ".", "this", "page", "or", "section", "lists", "people", "with", "the", "surname", "kaufmann", ".", "if", "an", "internal", "link", "intending", "to", "refer", "to", "a", "specific", "person", "led", "you", "to", "this", "page", ",", "you", "may", "wish", "to", "change", "that", "link", "by", "adding", "the", "person", "'s", "given", "name", "(", "s", ")", "to", "the", "link", "."], "relevance": 0.2921297097262429, "url": "https://en.wikipedia.org/wiki/Kaufmann",