{"query_id": 3938, "passages": [{"selected": true, "logits_start": [0.009783568792045116, 0.005685462616384029, 0.040672171860933304, 0.0030969008803367615, 0.04553304612636566, 0.00284199183806777, 0.0031485671643167734, 0.03394430875778198, 0.005204131361097097, 0.003187270835042, 0.015969812870025635, 0.0028931559063494205, 0.004974454175680876, 0.004874695558100939, 0.0029167290776968002, 0.0030402354896068573, 0.009685216471552849, 0.012454400770366192, 0.002922569867223501, 0.003285059705376625, 0.005605565384030342, 0.0027780900709331036, 0.0029922618996351957, 0.01976163685321808, 0.05966299772262573, 0.0028623894322663546, 0.0029135174117982388, 0.006409301422536373, 0.04541945084929466, 0.003224035492166877, 0.002979129087179899, 0.003463112749159336, 0.002728967694565654, 0.002877685008570552, 0.008905288763344288, 0.05181717127561569, 0.0025593049358576536, 0.003045078134164214, 0.04056158661842346, 0.0025262997951358557, 0.005077895242720842, 0.002731985179707408, 0.0038264605682343245, 0.002623622538521886, 0.0027757540810853243, 0.002952879061922431, 0.00871561374515295, 0.052065711468458176, 0.002504488220438361, 0.0025743376463651657, 0.0030962550081312656, 0.0025604097172617912, 0.002949824556708336, 0.03806578367948532, 0.0024593425914645195, 0.0032706877682358027, 0.0025520187336951494, 0.0026374454610049725, 0.005511379800736904, 0.006576004903763533, 0.0026266041677445173, 0.0027238919865339994, 0.0037853592075407505, 0.002481133444234729, 0.0025903177447617054, 0.007252599578350782, 0.026394257321953773, 0.0025222881231456995, 0.002513709245249629, 0.003063053358346224, 0.01853540726006031, 0.0025447290390729904, 0.002845958573743701, 0.07203742116689682, 0.0025643769185990095, 0.041290752589702606, 0.005592721980065107, 0.0027350159361958504, 0.14879684150218964, 0.0023690543603152037, 0.0, 0.0, 0.0, 0.0, 0.0, 0.0, 0.0, 0.0, 0.0, 0.0, 0.0, 0.0, 0.0, 0.0, 0.0, 0.0, 0.0, 0.0, 0.0, 0.0, 0.0, 0.0, 0.0, 0.0, 0.0, 0.0, 0.0, 0.0, 0.0, 0.0, 0.0, 0.0, 0.0, 0.0, 0.0, 0.0, 0.0, 0.0, 0.0, 0.0, 0.0, 0.0, 0.0, 0.0, 0.0, 0.0, 0.0, 0.0, 0.0, 0.0, 0.0, 0.0, 0.0, 0.0, 0.0, 0.0, 0.0, 0.0, 0.0, 0.0, 0.0, 0.0, 0.0, 0.0, 0.0, 0.0, 0.0, 0.0, 0.0, 0.0, 0.0, 0.0, 0.0, 0.0, 0.0, 0.0, 0.0, 0.0, 0.0, 0.0, 0.0, 0.0, 0.0, 0.0, 0.0, 0.0, 0.0, 0.0, 0.0, 0.0, 0.0, 0.0, 0.0, 0.0, 0.0, 0.0, 0.0, 0.0, 0.0, 0.0, 0.0, 0.0, 0.0, 0.0, 0.0, 0.0, 0.0, 0.0, 0.0, 0.0, 0.0, 0.0, 0.0, 0.0, 0.0, 0.0, 0.0, 0.0, 0.0, 0.0, 0.0, 0.0, 0.0, 0.0, 0.0, 0.0, 0.0, 0.0, 0.0, 0.0, 0.0, 0.0, 0.0, 0.0, 0.0, 0.0, 0.0, 0.0, 0.0, 0.0, 0.0, 0.0, 0.0, 0.0, 0.0, 0.0, 0.0, 0.0, 0.0, 0.0, 0.0, 0.0, 0.0, 0.0, 0.0, 0.0, 0.0, 0.0, 0.0, 0.0], "end_index": 78, "start_index": 78, "relevance": 0.7712264726885751, "tokens": ["meaning", "of", "redvers", ".", "english", "name", ".", "in", "english", ",", "the", "name", "redvers", "means-name", "derived", "from", "a", "surname", ",", "and", "only", "used", "as", "a", "first", "name", "since", "the", "19th", "century..the", "name", "redvers", "originated", "as", "an", "english", "name", ".", "the", "name", "redvers", "is", "most", "often", "used", "as", "a", "boy", "name", "or", "male", "name", ".", "english", "name", "meaning-name", "derived", "from", "a", "surname", ",", "and", "only", "used", "as", "a", "first", "name", "since", "the", "19th", "century", ".", "origin-english", ".", "expression", "num", "-", "1", "."], "logits_end": [0.002961269812658429, 0.0015251769218593836, 0.04160401597619057, 0.004540860187262297, 0.007673667278140783, 0.003970044199377298, 0.002287963405251503, 0.0016070364508777857, 0.03519456833600998, 0.0009500360465608537, 0.0016016339650377631, 0.0009598515462130308, 0.003534795017912984, 0.031205393373966217, 0.001021716627292335, 0.0010047020623460412, 0.0015428432961925864, 0.015437532216310501, 0.0009479842847213149, 0.001099286717362702, 0.0015085038030520082, 0.0008529218612238765, 0.0009440120193175972, 0.0015995427966117859, 0.02168816141784191, 0.0014957116218283772, 0.0012115436838939786, 0.0015202960930764675, 0.020361751317977905, 0.039842866361141205, 0.0012502787867560983, 0.009516444988548756, 0.0010489877313375473, 0.000861441483721137, 0.0015889456262812018, 0.015028754249215126, 0.023284228518605232, 0.07723810523748398, 0.001951143960468471, 0.0005670133396051824, 0.022052612155675888, 0.0005389488069340587, 0.0008332449942827225, 0.0005177358980290592, 0.0005418704822659492, 0.0005532460054382682, 0.001002168981358409, 0.013860343024134636, 0.0006376202800311148, 0.0005884815473109484, 0.0015579333994537592, 0.013289063237607479, 0.06366880983114243, 0.0037644621916115284, 0.0003836487012449652, 0.008101974613964558, 0.0003896263660863042, 0.00035645722527988255, 0.0006951255491003394, 0.016009166836738586, 0.00045198440784588456, 0.00043276691576465964, 0.0005952191422693431, 0.00031960816704668105, 0.0003060534945689142, 0.0007044734084047377, 0.003289110492914915, 0.00048105139285326004, 0.000421030301367864, 0.0005201534950174391, 0.0024996581487357616, 0.04613111913204193, 0.07505904883146286, 0.0545768104493618, 0.016628390178084373, 0.00392131507396698, 0.045764222741127014, 0.0012292491737753153, 0.12395285815000534, 0.08934226632118225, 0.0, 0.0, 0.0, 0.0, 0.0, 0.0, 0.0, 0.0, 0.0, 0.0, 0.0, 0.0, 0.0, 0.0, 0.0, 0.0, 0.0, 0.0, 0.0, 0.0, 0.0, 0.0, 0.0, 0.0, 0.0, 0.0, 0.0, 0.0, 0.0, 0.0, 0.0, 0.0, 0.0, 0.0, 0.0, 0.0, 0.0, 0.0, 0.0, 0.0, 0.0, 0.0, 0.0, 0.0, 0.0, 0.0, 0.0, 0.0, 0.0, 0.0, 0.0, 0.0, 0.0, 0.0, 0.0, 0.0, 0.0, 0.0, 0.0, 0.0, 0.0, 0.0, 0.0, 0.0, 0.0, 0.0, 0.0, 0.0, 0.0, 0.0, 0.0, 0.0, 0.0, 0.0, 0.0, 0.0, 0.0, 0.0, 0.0, 0.0, 0.0, 0.0, 0.0, 0.0, 0.0, 0.0, 0.0, 0.0, 0.0, 0.0, 0.0, 0.0, 0.0, 0.0, 0.0, 0.0, 0.0, 0.0, 0.0, 0.0, 0.0, 0.0, 0.0, 0.0, 0.0, 0.0, 0.0, 0.0, 0.0, 0.0, 0.0, 0.0, 0.0, 0.0, 0.0, 0.0, 0.0, 0.0, 0.0, 0.0, 0.0, 0.0, 0.0, 0.0, 0.0, 0.0, 0.0, 0.0, 0.0, 0.0, 0.0, 0.0, 0.0, 0.0, 0.0, 0.0, 0.0, 0.0, 0.0, 0.0, 0.0, 0.0, 0.0, 0.0, 0.0, 0.0, 0.0, 0.0, 0.0, 0.0, 0.0, 0.0, 0.0, 0.0, 0.0, 0.0, 0.0, 0.0, 0.0, 0.0], "url": "http://www.meaning-of-names.com/english-names/redvers.asp"}, {"relevance": 0.2287735273114249, "tokens": ["english", "meaning", ":", "the", "name", "redvers", "is", "an", "english", "baby", "name", ".", "in", "english", "the", "meaning", "of", "the", "name", "redvers", "is", ":", "name", "derived", "from", "a", "surname", ",", "and", "only", "used", "as", "a", "first", "name", "since", "the", "19th", "century", ".", "soulurge", "number", ":", "1.", "expression", "number", ":", "1.", "people", "with", "this", "name", "have", "a", "deep", "inner", "desire", "to", "use", "their", "abilities", "in", "leadership", ",", "and", "to", "have", "personal", "independence", "."],