{"query_id": 6670, "passages": [{"logits_end": [0.0019681279081851244, 0.000402062083594501, 0.0006723894621245563, 0.00013528234558179975, 5.0716756959445775e-05, 0.0004936379846185446, 0.0012577616143971682, 4.8581405280856416e-05, 0.007990924641489983, 0.004583172965794802, 7.853980787331238e-05, 0.024294603615999222, 0.03109019622206688, 0.0006516319699585438, 0.00014282124175224453, 0.003863637102767825, 0.00489509291946888, 0.00023941391555126756, 0.006703892257064581, 0.1959562450647354, 0.634739339351654, 0.012387830764055252, 0.0006452516536228359, 0.00011732076382031664, 7.093613385222852e-05, 6.709325680276379e-05, 7.697026740061119e-05, 8.751461427891627e-05, 7.747599738650024e-05, 4.246597382007167e-05, 0.009223747998476028, 0.006996913813054562, 0.03445375710725784, 0.00013092697190586478, 0.0002729831321630627, 7.346999336732551e-05, 0.00039118953282013535, 0.0007437071180902421, 0.0013794450787827373, 0.0015248648123815656, 0.0002537706750445068, 7.12250403012149e-05, 6.944360211491585e-05, 7.955372711876407e-05, 5.8394285588292405e-05, 5.738658001064323e-05, 7.022787758614868e-05, 0.0006564604118466377, 7.062374061206356e-05, 0.00015510981029365212, 6.80075609125197e-05, 7.404501957353204e-05, 0.0005344831733964384, 0.0017593132797628641, 4.779675873578526e-05, 6.649371789535508e-05, 6.590802513528615e-05, 6.840408605057746e-05, 6.81746460031718e-05, 8.531043567927554e-05, 6.659754581050947e-05, 6.259070505620912e-05, 6.789655890315771e-05, 6.550579564645886e-05, 0.001209022244438529, 7.281313446583226e-05, 0.0010055104503408074, 7.37176087568514e-05, 0.00022278745018411428, 0.0006012032390572131, 0.0031502735801041126, 0.0, 0.0, 0.0, 0.0, 0.0, 0.0, 0.0, 0.0, 0.0, 0.0, 0.0, 0.0, 0.0, 0.0, 0.0, 0.0, 0.0, 0.0, 0.0, 0.0, 0.0, 0.0, 0.0, 0.0, 0.0, 0.0, 0.0, 0.0, 0.0, 0.0, 0.0, 0.0, 0.0, 0.0, 0.0, 0.0, 0.0, 0.0, 0.0, 0.0, 0.0, 0.0, 0.0, 0.0, 0.0, 0.0, 0.0, 0.0, 0.0, 0.0, 0.0, 0.0, 0.0, 0.0, 0.0, 0.0, 0.0, 0.0, 0.0, 0.0, 0.0, 0.0, 0.0, 0.0, 0.0, 0.0, 0.0, 0.0, 0.0, 0.0, 0.0, 0.0, 0.0, 0.0, 0.0, 0.0, 0.0, 0.0, 0.0, 0.0, 0.0, 0.0, 0.0, 0.0, 0.0, 0.0, 0.0, 0.0, 0.0, 0.0, 0.0, 0.0, 0.0, 0.0, 0.0, 0.0, 0.0, 0.0, 0.0, 0.0, 0.0, 0.0, 0.0, 0.0, 0.0, 0.0, 0.0, 0.0, 0.0, 0.0, 0.0, 0.0, 0.0, 0.0, 0.0, 0.0, 0.0, 0.0, 0.0, 0.0, 0.0, 0.0], "start_index": 11, "logits_start": [0.08523795753717422, 0.0012629992561414838, 0.00534784235060215, 0.003742534201592207, 0.008264976553618908, 0.005901949014514685, 0.01594989001750946, 0.05391469970345497, 0.17400862276554108, 0.0043939207680523396, 0.062492452561855316, 0.34743234515190125, 0.004167450591921806, 0.033109236508607864, 0.01888159103691578, 0.034788068383932114, 0.0020732819102704525, 0.001210700487717986, 0.09300921112298965, 0.003594172652810812, 0.0009708788129501045, 0.006780118215829134, 8.209120278479531e-05, 8.232452091760933e-05, 5.724951552110724e-05, 8.19306296762079e-05, 6.63020764477551e-05, 7.082719821482897e-05, 8.479387906845659e-05, 0.0007310512010008097, 0.01974520832300186, 0.0003150232951156795, 0.00017744801880326122, 0.0031066788360476494, 0.00012872797378804535, 5.6825832871254534e-05, 0.003086941549554467, 0.0020542913116514683, 0.0003514064010232687, 0.00019397011783439666, 4.562005415209569e-05, 3.727529110619798e-05, 2.95836798613891e-05, 2.8105834644520655e-05, 9.431040234630927e-05, 4.3988849938614294e-05, 4.2842511902563274e-05, 8.99515362107195e-05, 2.009177660511341e-05, 4.4229633203940466e-05, 2.080376543744933e-05, 2.834989209077321e-05, 3.4454482374712825e-05, 5.468875679071061e-05, 0.00029676195117644966, 3.7067802622914314e-05, 3.005167491210159e-05, 3.1245370337273926e-05, 2.640784987306688e-05, 7.370702223852277e-05, 2.9681545129278675e-05, 4.8266429075738415e-05, 4.832686317968182e-05, 3.39694888680242e-05, 0.0012758821249008179, 2.0356101231300272e-05, 0.00027049618074670434, 2.3768820028635673e-05, 2.9521872420446016e-05, 3.001038021466229e-05, 7.2179660492111e-05, 0.0, 0.0, 0.0, 0.0, 0.0, 0.0, 0.0, 0.0, 0.0, 0.0, 0.0, 0.0, 0.0, 0.0, 0.0, 0.0, 0.0, 0.0, 0.0, 0.0, 0.0, 0.0, 0.0, 0.0, 0.0, 0.0, 0.0, 0.0, 0.0, 0.0, 0.0, 0.0, 0.0, 0.0, 0.0, 0.0, 0.0, 0.0, 0.0, 0.0, 0.0, 0.0, 0.0, 0.0, 0.0, 0.0, 0.0, 0.0, 0.0, 0.0, 0.0, 0.0, 0.0, 0.0, 0.0, 0.0, 0.0, 0.0, 0.0, 0.0, 0.0, 0.0, 0.0, 0.0, 0.0, 0.0, 0.0, 0.0, 0.0, 0.0, 0.0, 0.0, 0.0, 0.0, 0.0, 0.0, 0.0, 0.0, 0.0, 0.0, 0.0, 0.0, 0.0, 0.0, 0.0, 0.0, 0.0, 0.0, 0.0, 0.0, 0.0, 0.0, 0.0, 0.0, 0.0, 0.0, 0.0, 0.0, 0.0, 0.0, 0.0, 0.0, 0.0, 0.0, 0.0, 0.0, 0.0, 0.0, 0.0, 0.0, 0.0, 0.0, 0.0, 0.0, 0.0, 0.0, 0.0, 0.0, 0.0, 0.0, 0.0, 0.0], "tokens": ["valliyur", "or", "vallioor", "is", "a", "panchayat", "union", "in", "radhapuram", "taluk", "in", "tirunelveli", "district", "in", "the", "indian", "state", "of", "tamil", "nadu", ".", "valliyur", "is", "one", "of", "the", "fastest", "growing", "towns", "in", "tirunelveli", "district", ".", "this", "town", "is", "located", "along", "nh", "7.", "it", "gets", "its", "name", "from", "the", "goddess", "valli", ",", "consort", "of", "lord", "murugan", ".", "its", "in", "a", "place", "that", "connects", "two", "big", "towns", "as", "tirunelveli", "and", "nagercoil", "in", "nh", "7", "."], "url": "http://wikimapia.org/1905411/Vallioor", "relevance": 0.49788805550802867, "end_index": 20, "selected": true}, {"logits_end": [0.00029468481079675257, 0.0002924768778029829, 7.409360114252195e-05, 0.00012718381185550243, 0.00014223366451915354, 0.0001856739545473829, 0.000304142915410921, 0.0003137770981993526, 2.759186645562295e-05, 6.97274153935723e-05, 0.0003126751398667693, 0.00016386091010645032, 7.291469955816865e-05, 0.0001053747400874272, 0.0002448954910505563, 0.038774386048316956, 0.0011369299609214067, 0.0013382926117628813, 0.0832277238368988, 0.001248928252607584, 0.00031191285233944654, 0.0003213740710634738, 7.310674118343741e-05, 0.0060858349315822124, 0.0008609517244622111, 0.12209857255220413, 0.39499297738075256, 0.005242933984845877, 0.0005775621393695474, 0.0007025361992418766, 0.00039419179665856063, 0.00046620547072961926, 0.004503990989178419, 0.004623549524694681, 0.0006551274564117193, 0.0005588872008956969, 0.00010786972416099161, 0.0005514158983714879, 0.0008915078942663968, 0.00040212273597717285, 7.644019206054509e-05, 0.009804408065974712, 0.0004267974873073399, 0.00013965065591037273, 0.0006059047882445157, 0.00016755219257902354, 0.0211748369038105, 0.25776395201683044, 7.248401379911229e-05, 0.001147531089372933, 0.0010089321294799447, 0.00042040180414915085, 7.314160757232457e-05, 0.0002292843855684623, 0.0003141792258247733, 0.0005659628659486771, 0.001253359718248248, 0.00018361154070589691, 5.9868445532629266e-05, 0.001227158005349338, 0.0008131489157676697, 0.0015533070545643568, 0.028037892654538155, 0.0, 0.0, 0.0, 0.0, 0.0, 0.0, 0.0, 0.0, 0.0, 0.0, 0.0, 0.0, 0.0, 0.0, 0.0, 0.0, 0.0, 0.0, 0.0, 0.0, 0.0, 0.0, 0.0, 0.0, 0.0, 0.0, 0.0, 0.0, 0.0, 0.0, 0.0, 0.0, 0.0, 0.0, 0.0, 0.0, 0.0, 0.0, 0.0, 0.0, 0.0, 0.0, 0.0, 0.0, 0.0, 0.0, 0.0, 0.0, 0.0, 0.0, 0.0, 0.0, 0.0, 0.0, 0.0, 0.0, 0.0, 0.0, 0.0, 0.0, 0.0, 0.0, 0.0, 0.0, 0.0, 0.0, 0.0, 0.0, 0.0, 0.0, 0.0, 0.0, 0.0, 0.0, 0.0, 0.0, 0.0, 0.0, 0.0, 0.0, 0.0, 0.0, 0.0, 0.0, 0.0, 0.0, 0.0, 0.0, 0.0, 0.0, 0.0, 0.0, 0.0, 0.0, 0.0, 0.0, 0.0, 0.0, 0.0, 0.0, 0.0, 0.0, 0.0, 0.0, 0.0, 0.0, 0.0, 0.0, 0.0, 0.0, 0.0, 0.0, 0.0, 0.0, 0.0, 0.0, 0.0, 0.0, 0.0, 0.0, 0.0, 0.0, 0.0, 0.0, 0.0, 0.0, 0.0, 0.0, 0.0, 0.0], "url": "http://murugan.org/temples/valliyur.htm", "relevance": 0.42742012888290204,