{"query_id": 6693, "passages": [{"logits_start": [0.18213188648223877, 0.0028001938480883837, 0.0024809357710182667, 0.011092030443251133, 0.003093767212703824, 0.003720000619068742, 0.03255234286189079, 0.0029096754733473063, 0.0027417168021202087, 0.002787234727293253, 0.0034174493048340082, 0.012710788287222385, 0.08107194304466248, 0.0034901790786534548, 0.00502088014036417, 0.002613691845908761, 0.0032059280201792717, 0.024187566712498665, 0.004191179759800434, 0.002541160210967064, 0.0031328590121120214, 0.0030183412600308657, 0.00253315013833344, 0.011330644600093365, 0.03043825551867485, 0.3733808994293213, 0.008397085592150688, 0.008100940845906734, 0.01650366559624672, 0.006246363744139671, 0.001722549321129918, 0.0016225817380473018, 0.0015616676537320018, 0.0030189817771315575, 0.0017449972219765186, 0.0017230947269126773, 0.0030895995441824198, 0.0037971679121255875, 0.0027783866971731186, 0.0014137341640889645, 0.0012943396577611566, 0.0013035435695201159, 0.0012960763415321708, 0.0012832887005060911, 0.0013122460804879665, 0.0015324492705985904, 0.00289602461270988, 0.0012784551363438368, 0.0015598696190863848, 0.001314840978011489, 0.0012414578814059496, 0.0015283661196008325, 0.001672925427556038, 0.0033893368672579527, 0.010969534516334534, 0.0017644001636654139, 0.002272317185997963, 0.017223916947841644, 0.023768609389662743, 0.01986047439277172, 0.00230056862346828, 0.005879264324903488, 0.0038101214449852705, 0.0013354136608541012, 0.0013721211580559611, 0.009150519967079163, 0.0009842502186074853, 0.0020897453650832176, 0.0, 0.0, 0.0, 0.0, 0.0, 0.0, 0.0, 0.0, 0.0, 0.0, 0.0, 0.0, 0.0, 0.0, 0.0, 0.0, 0.0, 0.0, 0.0, 0.0, 0.0, 0.0, 0.0, 0.0, 0.0, 0.0, 0.0, 0.0, 0.0, 0.0, 0.0, 0.0, 0.0, 0.0, 0.0, 0.0, 0.0, 0.0, 0.0, 0.0, 0.0, 0.0, 0.0, 0.0, 0.0, 0.0, 0.0, 0.0, 0.0, 0.0, 0.0, 0.0, 0.0, 0.0, 0.0, 0.0, 0.0, 0.0, 0.0, 0.0, 0.0, 0.0, 0.0, 0.0, 0.0, 0.0, 0.0, 0.0, 0.0, 0.0, 0.0, 0.0, 0.0, 0.0, 0.0, 0.0, 0.0, 0.0, 0.0, 0.0, 0.0, 0.0, 0.0, 0.0, 0.0, 0.0, 0.0, 0.0, 0.0, 0.0, 0.0, 0.0, 0.0, 0.0, 0.0, 0.0, 0.0, 0.0, 0.0, 0.0, 0.0, 0.0, 0.0, 0.0, 0.0, 0.0, 0.0, 0.0, 0.0, 0.0, 0.0, 0.0, 0.0, 0.0, 0.0, 0.0, 0.0, 0.0, 0.0, 0.0, 0.0, 0.0, 0.0, 0.0, 0.0], "tokens": ["african", "masks-biombo", ".", "biombo", "mask", ".", "biombo", "masks", "are", "usually", "carved", "from", "wood", "and", "colored", "with", "red", "tukula", "powder", ",", "a", "dye", "made", "from", "the", "camwood", "tree", ".", "the", "eyes", "are", "a", "typical", "coffee", "bean", "shape", ".", "a", "triangular", "checkerboard", "design", "is", "used", "to", "decorate", "the", "eyebrows", "and", "the", "planes", "of", "the", "face", ".", "the", "three", "forms", "at", "the", "back", "of", "the", "head", "represent", "the", "biombo", "hairstyle", "."], "url": "http://www.artyfactory.com/africanmasks/masks/biombo.htm", "relevance": 0.4755186451921992, "logits_end": [0.0033138857688754797, 0.019018905237317085, 0.003236440708860755, 0.009537817910313606, 0.0029823551885783672, 0.009328316897153854, 0.02412968873977661, 0.0010041785426437855, 0.00043207802809774876, 0.0004488018748816103, 0.0005406198324635625, 0.0005429780576378107, 0.06405624747276306, 0.0011295442236587405, 0.001170123927295208, 0.0004608225717674941, 0.00043338502291589975, 0.01929994486272335, 0.0071251280605793, 0.001103208982385695, 0.00043139990884810686, 0.0011917611118406057, 0.0004466660611797124, 0.0006560868350788951, 0.0007681980496272445, 0.17644003033638, 0.2174787074327469, 0.23331069946289062, 0.0007995578926056623, 0.022662881761789322, 0.00041377596789970994, 0.00035828317049890757, 0.00034749682527035475, 0.0012452020309865475, 0.0012673274613916874, 0.002217387780547142, 0.04963625222444534, 0.00038836951716803014, 0.001233718590810895, 0.001215814147144556, 0.0011558784171938896, 0.00038657159893773496, 0.00039604888297617435, 0.0002917698002420366, 0.0003029145300388336, 0.00030143978074193, 0.001622300362214446, 0.0004518321075011045, 0.00046681633102707565, 0.0005582106532528996, 0.00025251993793062866, 0.00035524318809621036, 0.0013191397301852703, 0.03219807147979736, 0.0004954139003530145, 0.00040147610707208514, 0.00041899929055944085, 0.0009285627747885883, 0.000562315690331161, 0.001783263054676354, 0.0004075770266354084, 0.000735435402020812, 0.0011748571414500475, 0.00044589696335606277, 0.0003823899896815419, 0.01776132918894291, 0.004252926912158728, 0.048386670649051666, 0.0, 0.0, 0.0, 0.0, 0.0, 0.0, 0.0, 0.0, 0.0, 0.0, 0.0, 0.0, 0.0, 0.0, 0.0, 0.0, 0.0, 0.0, 0.0, 0.0, 0.0, 0.0, 0.0, 0.0, 0.0, 0.0, 0.0, 0.0, 0.0, 0.0, 0.0, 0.0, 0.0, 0.0, 0.0, 0.0, 0.0, 0.0, 0.0, 0.0, 0.0, 0.0, 0.0, 0.0, 0.0, 0.0, 0.0, 0.0, 0.0, 0.0, 0.0, 0.0, 0.0, 0.0, 0.0, 0.0, 0.0, 0.0, 0.0, 0.0, 0.0, 0.0, 0.0, 0.0, 0.0, 0.0, 0.0, 0.0, 0.0, 0.0, 0.0, 0.0, 0.0, 0.0, 0.0, 0.0, 0.0, 0.0, 0.0, 0.0, 0.0, 0.0, 0.0, 0.0, 0.0, 0.0, 0.0, 0.0, 0.0, 0.0, 0.0, 0.0, 0.0, 0.0, 0.0, 0.0, 0.0, 0.0, 0.0, 0.0, 0.0, 0.0, 0.0, 0.0, 0.0, 0.0, 0.0, 0.0, 0.0, 0.0, 0.0, 0.0, 0.0, 0.0, 0.0, 0.0, 0.0, 0.0, 0.0, 0.0, 0.0, 0.0, 0.0, 0.0, 0.0]}, {"logits_start": [0.023157909512519836, 0.0010023247450590134, 0.001930859754793346, 0.0013268169714137912, 0.0026811514981091022, 0.002540766727179289, 0.001733887824229896, 0.002287697745487094, 0.036072056740522385, 0.03354477882385254, 0.0029375471640378237, 0.007873146794736385, 0.10789922624826431, 0.002083513652905822, 0.04178466275334358, 0.002351909875869751, 0.00889341440051794, 0.006545999553054571, 0.05681001767516136, 0.0025494499132037163, 0.004292166791856289, 0.0114132734015584, 0.13923141360282898, 0.016389789059758186, 0.21955625712871552, 0.003570754313841462, 0.029098089784383774, 0.02901981584727764, 0.0026379860937595367, 0.014441240578889847, 0.022794276475906372, 0.0011070946929976344, 0.04397552087903023, 0.004516758490353823, 0.0030891222413629293, 0.0017007397254928946, 0.0006122709601186216, 0.0005322105716913939, 0.0005183034809306264, 0.0005123488372191787, 0.0005839807563461363, 0.0021130237728357315, 0.000551386910956353, 0.000538799271453172, 0.0005135911633260548, 0.0005220306920818985, 0.0005924347788095474, 0.0013831967953592539, 0.03888606280088425, 0.004766334779560566, 0.0005033542402088642, 0.0010372294345870614, 0.0005383798852562904, 0.0004549217701423913, 0.00045449723256751895, 0.00041226967005059123, 0.00044101569801568985, 0.00046865714830346406, 0.00039736731559969485, 0.0003974018036387861, 0.0004304041503928602, 0.00039957670378498733, 0.0004179094103164971, 0.0003947000950574875, 0.00040402624290436506, 0.0006282316171564162, 0.00042356812627986073, 0.0006118553574196994, 0.0011423018295317888, 0.0018258182099089026, 0.0004113683244213462, 0.0004025186353828758, 0.0004201328265480697, 0.0003811504284385592, 0.0003724894195329398, 0.0003873690729960799, 0.0003852988302242011, 0.000445737037807703, 0.0015547043876722455, 0.0028900664765387774, 0.014346079900860786, 0.00033923733280971646, 0.00038636408862657845, 0.00036401828401722014, 0.0003305181744508445, 0.00039644219214096665, 0.0008491259650327265, 0.000549950054846704, 0.00036384022678248584, 0.00033835103386081755, 0.00045738660264760256, 0.00048537642578594387, 0.0012431597569957376, 0.00039426932926289737, 0.0003214714815840125, 0.0003763109561987221, 0.00035606155870482326, 0.0002950888592749834, 0.0008482894627377391, 0.0017353144939988852, 0.0009211291908286512, 0.00040839440771378577, 0.0004193982167635113, 0.0004326024209149182, 0.0008251871331594884, 0.00026761431945487857, 0.00023904659610707313, 0.00027468870393931866, 0.001055059488862753, 0.004325995687395334, 0.0006034466787241399, 0.0005490510375238955, 0.0, 0.0, 0.0, 0.0, 0.0, 0.0, 0.0, 0.0, 0.0, 0.0, 0.0, 0.0, 0.0, 0.0, 0.0, 0.0, 0.0, 0.0, 0.0, 0.0, 0.0, 0.0, 0.0, 0.0, 0.0, 0.0, 0.0, 0.0, 0.0, 0.0, 0.0, 0.0, 0.0, 0.0, 0.0, 0.0, 0.0, 0.0, 0.0, 0.0, 0.0, 0.0, 0.0, 0.0, 0.0, 0.0, 0.0, 0.0, 0.0, 0.0, 0.0, 0.0, 0.0, 0.0, 0.0, 0.0, 0.0, 0.0, 0.0, 0.0, 0.0, 0.0, 0.0, 0.0, 0.0, 0.0, 0.0, 0.0, 0.0, 0.0, 0.0, 0.0, 0.0, 0.0, 0.0, 0.0, 