{"query_id": 6878, "passages": [{"selected": true, "logits_start": [0.030498068779706955, 0.0007853633142076433, 0.0008136060205288231, 0.0008340443018823862, 0.0007215384976007044, 0.0008150380454026163, 0.07916385680437088, 0.0019744436722248793, 0.001143470872193575, 0.0018153199926018715, 0.0007199582760222256, 0.03337682783603668, 0.006004286464303732, 0.01251264102756977, 0.002189522609114647, 0.0006773212808184326, 0.054643481969833374, 0.009023590013384819, 0.004754388239234686, 0.0018083004979416728, 0.0013222354464232922, 0.0045371814630925655, 0.003045091638341546, 0.0005579269491136074, 0.004308684263378382, 0.0005719928885810077, 0.02732090651988983, 0.001276163151487708, 0.001132323988713324, 0.5186578035354614, 0.00034199858782812953, 0.0025187146384269, 0.000356892793206498, 0.0004839512112084776, 0.0004319768340792507, 0.07303102314472198, 0.007981636561453342, 0.004570613149553537, 0.0017672950634732842, 0.00043620518408715725, 0.003626937046647072, 0.001550536835566163, 0.000481058465084061, 0.00040808101766742766, 0.002531871199607849, 0.0013023724313825369, 0.0009373612701892853, 0.002038982231169939, 0.0006351743941195309, 0.0009373205830343068, 0.0023519773967564106, 0.0003402532311156392, 0.00032446885597892106, 0.01086714118719101, 0.00041564562707208097, 0.0005110836937092245, 0.058677904307842255, 0.0011956868693232536, 0.0045782169327139854, 0.00025932726566679776, 0.0019683297723531723, 0.0002715159207582474, 0.0006960302707739174, 0.00028144539101049304, 0.0008303000358864665, 0.0028137604240328074, 0.000241508983890526, 0.0, 0.0, 0.0, 0.0, 0.0, 0.0, 0.0, 0.0, 0.0, 0.0, 0.0, 0.0, 0.0, 0.0, 0.0, 0.0, 0.0, 0.0, 0.0, 0.0, 0.0, 0.0, 0.0, 0.0, 0.0, 0.0, 0.0, 0.0, 0.0, 0.0, 0.0, 0.0, 0.0, 0.0, 0.0, 0.0, 0.0, 0.0, 0.0, 0.0, 0.0, 0.0, 0.0, 0.0, 0.0, 0.0, 0.0, 0.0, 0.0, 0.0, 0.0, 0.0, 0.0, 0.0, 0.0, 0.0, 0.0, 0.0, 0.0, 0.0, 0.0, 0.0, 0.0, 0.0, 0.0, 0.0, 0.0, 0.0, 0.0, 0.0, 0.0, 0.0, 0.0, 0.0, 0.0, 0.0, 0.0, 0.0, 0.0, 0.0, 0.0, 0.0, 0.0, 0.0, 0.0, 0.0, 0.0, 0.0, 0.0, 0.0, 0.0, 0.0, 0.0, 0.0, 0.0, 0.0, 0.0, 0.0, 0.0, 0.0, 0.0, 0.0, 0.0, 0.0, 0.0, 0.0, 0.0, 0.0, 0.0, 0.0, 0.0, 0.0, 0.0, 0.0, 0.0, 0.0, 0.0, 0.0, 0.0, 0.0, 0.0, 0.0, 0.0, 0.0, 0.0, 0.0, 0.0, 0.0, 0.0, 0.0, 0.0, 0.0, 0.0, 0.0, 0.0, 0.0, 0.0, 0.0, 0.0, 0.0, 0.0, 0.0, 0.0, 0.0, 0.0, 0.0, 0.0, 0.0, 0.0, 0.0, 0.0, 0.0, 0.0, 0.0, 0.0, 0.0, 0.0, 0.0, 0.0, 0.0, 0.0, 0.0, 0.0, 0.0, 0.0, 0.0, 0.0, 0.0, 0.0, 0.0, 0.0, 0.0, 0.0], "end_index": 29, "start_index": 29, "relevance": 0.42831140468431994, "tokens": ["subtract", "numbers", "in", "a", "range", ".", "to", "do", "this", "task", ",", "use", "the", "sum", "function", ".", "adding", "a", "negative", "number", "is", "the", "same", "as", "subtracting", ".", "note", "there", "is", "no", "subtract", "function", "in", "excel", ".", "use", "the", "sum", "function", "and", "convert", "any", "numbers", "that", "you", "want", "to", "subtract", "to", "their", "negative", "values", ".", "for", "example", ",", "sum", "(", "100", ",", "-32,15", ",", "-6", ")", "returns", "77", "."], "logits_end": [0.0025725774466991425, 0.0003109532699454576, 0.00028915147413499653, 0.0002890343021135777, 0.008122297003865242, 0.013002002611756325, 0.0012551976833492517, 0.00027630102704279125, 0.00021791212202515453, 0.006997734773904085, 0.00025736706447787583, 0.000821234134491533, 0.0003324313147459179, 0.001188219408504665, 0.03315071016550064, 0.06470563262701035, 0.0011027436703443527, 0.0002761774812825024, 0.001367256511002779, 0.005297204479575157, 0.00021597313752863556, 0.000277383514912799, 0.0006781170959584415, 0.00019006288493983448, 0.009941823780536652, 0.04607803001999855, 0.0014721776824444532, 0.0003042321768589318, 0.0003846276958938688, 0.3122074007987976, 0.0004186333389952779, 0.0008730744593776762, 6.69393120915629e-05, 0.0044188606552779675, 0.021535217761993408, 0.0003164168738294393, 0.00013719135313294828, 0.0003833064984064549, 0.003639718983322382, 8.227882790379226e-05, 0.0003218027122784406, 0.00030633038841187954, 9.788778697839007e-05, 6.657527410425246e-05, 0.00012274121399968863, 0.00012292407336644828, 0.00011699154856614769, 0.00022082062787376344, 0.00011786898539867252, 0.0001227846514666453, 0.000451142608653754, 0.010000605136156082, 0.1944490522146225, 0.00014839724462945014, 5.961045826552436e-05, 8.724555664230138e-05, 0.0010611012112349272, 0.00010764237958937883, 0.006622732616961002, 0.00013385953207034618, 0.004176059737801552, 0.00017583258158992976, 0.007793531287461519, 0.001816825708374381, 0.0001596325309947133, 0.016510851681232452, 0.20917557179927826, 0.0, 0.0, 0.0, 0.0, 0.0, 0.0, 0.0, 0.0, 0.0, 0.0, 0.0, 0.0, 0.0, 0.0, 0.0, 0.0, 0.0, 0.0, 0.0, 0.0, 0.0, 0.0, 0.0, 0.0, 0.0, 0.0, 0.0, 0.0, 0.0, 0.0, 0.0, 0.0, 0.0, 0.0, 0.0, 0.0, 0.0, 0.0, 0.0, 0.0, 0.0, 0.0, 0.0, 0.0, 0.0, 0.0, 0.0, 0.0, 0.0, 0.0, 0.0, 0.0, 0.0, 0.0, 0.0, 0.0, 0.0, 0.0, 0.0, 0.0, 0.0, 0.0, 0.0, 0.0, 0.0, 0.0, 0.0, 0.0, 0.0, 0.0, 0.0, 0.0, 0.0, 0.0, 0.0, 0.0, 0.0, 0.0, 0.0, 0.0, 0.0, 0.0, 0.0, 0.0, 0.0, 0.0, 0.0, 0.0, 0.0, 0.0, 0.0, 0.0, 0.0, 0.0, 0.0, 0.0, 0.0, 0.0, 0.0, 0.0, 0.0, 0.0, 0.0, 0.0, 0.0, 0.0, 0.0, 0.0, 0.0, 0.0, 0.0, 0.0, 0.0, 0.0, 0.0, 0.0, 0.0, 0.0, 0.0, 0.0, 0.0, 0.0, 0.0, 0.0, 0.0, 0.0, 0.0, 0.0, 0.0, 0.0, 0.0, 0.0, 0.0, 0.0, 0.0, 0.0, 0.0, 0.0, 0.0, 0.0, 0.0, 0.0, 0.0, 0.0, 0.0, 0.0, 0.0, 0.0, 0.0, 0.0, 0.0, 0.0, 0.0, 0.0, 0.0, 0.0, 0.0, 0.0, 0.0, 0.0, 0.0, 0.0, 0.0, 0.0, 0.0, 0.0, 0.0, 0.0, 0.0, 0.0, 0.0, 0.0, 0.0], "url": "https://support.office.com/en-us/article/Subtract-numbers-18617F36-C730-4B22-81FE-5062BBEB4383"}, {"relevance": 0.42831140468431994, "tokens": ["subtract", "numbers", "in", "a", "range", ".", "to", "do", "this", "task", ",", "use", "the", "sum", "function", ".", "adding", "a", "negative", "number", "is", "the", "same", "as", "subtracting", ".", "note", "there", "is", "no", "subtract", "function", "in", "excel", ".", "use", "the", "sum", "function", "and", "convert", "any", "numbers", "that", "you", "want", "to", "subtract", "to", "their", "negative", "values", ".", "for", "example", ",", "sum", "(", "100", ",", "-32,15", ",", "-6", ")", "returns", "77", "."],