{"query_id": 7019, "passages": [{"logits_end": [0.0012379486579447985, 0.0014153270749375224, 0.0004360235470812768, 0.0002989030908793211, 0.0003711847239173949, 0.0003871647350024432, 0.0007899038027971983, 0.024733874946832657, 0.007323692552745342, 0.0011982544092461467, 0.0004491990839596838, 0.00026598278782330453, 0.0012363281566649675, 0.0013384970370680094, 0.000670239794999361, 0.0016368646174669266, 0.00033637360320426524, 0.0016087855910882354, 0.00033653725404292345, 0.0015900692669674754, 0.00033069279743358493, 0.0016298721311613917, 0.00033633672865107656, 0.001409699092619121, 0.0006456047995015979, 0.0032273470424115658, 0.012050075456500053, 0.01399440411478281, 0.0018133651465177536, 0.0018332740291953087, 0.000335618038661778, 0.0007722575683146715, 0.001581910764798522, 0.0013937127077952027, 0.001020418363623321, 0.0017459463560953736, 0.0003465961490292102, 0.00028216897044330835, 0.00029431504663079977, 0.0014953452628105879, 0.0015010805800557137, 0.0010159318335354328, 0.00029378753970377147, 0.00044735564733855426, 0.0010996701894327998, 0.004471997730433941, 0.0003162204520776868, 0.00030112103559076786, 0.0011778263142332435, 0.00028230948373675346, 0.0007140921079553664, 0.03866403177380562, 0.2118164449930191, 0.01257020328193903, 0.030014386400580406, 0.06970452517271042, 0.1438317596912384, 0.009368972852826118, 0.02783130295574665, 0.005984927527606487, 0.000981972785666585, 0.00026853795861825347, 0.03306056931614876, 0.0020402371883392334, 0.0028959426563233137, 0.020076461136341095, 0.004235650412738323, 0.0032363685313612223, 0.0009426114847883582, 0.016328414902091026, 0.005502046551555395, 0.09180659800767899, 0.008922725915908813, 0.049519795924425125, 0.0029130608309060335, 0.0003384910523891449, 0.0003989532997366041, 0.00024894485250115395, 0.0005100340349599719, 0.002488519297912717, 0.0002611762611195445, 0.0006529742386192083, 0.0010171959875151515, 0.0038299679290503263, 0.09191472828388214, 0.0, 0.0, 0.0, 0.0, 0.0, 0.0, 0.0, 0.0, 0.0, 0.0, 0.0, 0.0, 0.0, 0.0, 0.0, 0.0, 0.0, 0.0, 0.0, 0.0, 0.0, 0.0, 0.0, 0.0, 0.0, 0.0, 0.0, 0.0, 0.0, 0.0, 0.0, 0.0, 0.0, 0.0, 0.0, 0.0, 0.0, 0.0, 0.0, 0.0, 0.0, 0.0, 0.0, 0.0, 0.0, 0.0, 0.0, 0.0, 0.0, 0.0, 0.0, 0.0, 0.0, 0.0, 0.0, 0.0, 0.0, 0.0, 0.0, 0.0, 0.0, 0.0, 0.0, 0.0, 0.0, 0.0, 0.0, 0.0, 0.0, 0.0, 0.0, 0.0, 0.0, 0.0, 0.0, 0.0, 0.0, 0.0, 0.0, 0.0, 0.0, 0.0, 0.0, 0.0, 0.0, 0.0, 0.0, 0.0, 0.0, 0.0, 0.0, 0.0, 0.0, 0.0, 0.0, 0.0, 0.0, 0.0, 0.0, 0.0, 0.0, 0.0, 0.0, 0.0, 0.0, 0.0, 0.0, 0.0], "url": "http://www.regencypark-apts.com/", "relevance": 0.5687753519884459, "tokens": ["award-winning", "floorplans", "designed", "to", "fit", "your", "life", ".", "glastar", "award", "winning", "best", "2-bedroom", "floor", "plan", "2005", ",", "2006", ",", "2007", ",", "2008", ",", "2010", "&", "2011.", "regency", "park", "offers", "1", ",", "2", "&", "3", "bedroom", "apartments", ",", "and", "also", "2", "bedroom", "townhouses", "which", "offer", "3", "floors", "of", "living", "space", "and", "natural", "fireplaces", ".", "regency", "park", "apartments", ".", "2518", "normandy", "drive", ",", "grand", "rapids", ",", "mi", "49506", "located", "minutes", "from", "east", "grand", "rapids", "call", "us", "now", "to", "schedule", "a", "tour", "!", "(", "888", ")", "874-6898", "."], "logits_start": [0.013109028339385986, 0.0011401060037314892, 0.0006919185980223119, 0.0006496264250017703, 0.0006852163351140916, 0.0006055649719201028, 0.0006199228228069842, 0.0017009659204632044, 0.025920752435922623, 0.0005591957014985383, 0.000688956817612052, 0.0005557182594202459, 0.0009333359193988144, 0.0006956018041819334, 0.0005682523478753865, 0.00069692253600806, 0.000476314831757918, 0.0008202233002521098, 0.00044914940372109413, 0.0008142850711010396, 0.00045969043276272714, 0.0008156771655194461, 0.0004541015950962901, 0.0008676745346747339, 0.002864895388484001, 0.020920587703585625, 0.02416158653795719, 0.008187943138182163, 0.0009219925268553197, 0.0011088798055425286, 0.0005673872656188905, 0.0007968305726535618, 0.0008538620895706117, 0.0009860736317932606, 0.003605562960729003, 0.0006214038003236055, 0.00041089835576713085, 0.000451480271294713, 0.00048497383249923587, 0.0009357261587865651, 0.005702498834580183, 0.0007302581216208637, 0.0005881722900085151, 0.0008830732549540699, 0.0019472017884254456, 0.022212747484445572, 0.0008269717800430954, 0.0024523756001144648, 0.0010245098965242505, 0.0005682175979018211, 0.0021094558760523796, 0.01138436421751976, 0.003683732822537422, 0.24969184398651123, 0.009898817166686058, 0.003327338956296444, 0.0037326638121157885, 0.1925816535949707, 0.01996637135744095, 0.0018243704689666629, 0.0008102608262561262, 0.006780990399420261, 0.024599196389317513, 0.0007735140388831496, 0.013473727740347385, 0.014229993335902691, 0.043974198400974274, 0.021645724773406982, 0.029280144721269608, 0.14532019197940826, 0.004109976813197136, 0.02639099955558777, 0.0010662975255399942, 0.004963376559317112, 0.0005255359574221075, 0.00029394691227935255, 0.00025154868490062654, 0.0002510570047888905, 0.0002383516839472577, 0.00027365973801352084, 0.00025567621923983097, 0.00024749391013756394, 0.0002237601875094697, 0.0008690351387485862, 0.0011565187014639378, 0.0, 0.0, 0.0, 0.0, 0.0, 0.0, 0.0, 0.0, 0.0, 0.0, 0.0, 0.0, 0.0, 0.0, 0.0, 0.0, 0.0, 0.0, 0.0, 0.0, 0.0, 0.0, 0.0, 0.0, 0.0, 0.0, 0.0, 0.0, 0.0, 0.0, 0.0, 0.0, 0.0, 0.0, 0.0, 0.0, 0.0, 0.0, 0.0, 0.0, 0.0, 0.0, 0.0, 0.0, 0.0, 0.0, 0.0, 0.0, 0.0, 0.0, 0.0, 0.0, 0.0, 0.0, 0.0, 0.0, 0.0, 0.0, 0.0, 0.0, 0.0, 0.0, 0.0, 0.0, 0.0, 0.0, 0.0, 0.0, 0.0, 0.0, 0.0, 0.0, 0.0, 0.0, 0.0, 0.0, 0.0, 0.0, 0.0, 0.0, 0.0, 0.0, 0.0, 0.0, 0.0, 0.0, 0.0, 0.0, 0.0, 0.0, 0.0, 0.0, 0.0, 0.0, 0.0, 0.0, 0.0, 0.0, 0.0, 0.0, 0.0, 0.0, 0.0, 0.0, 0.0, 0.0, 0.0, 0.0]}, {"logits_end": [0.6242399215698242, 0.01080968976020813, 0.0005648997612297535, 0.00039239120087586343, 0.0016097998013719916, 0.0002714602742344141, 0.00028537839534692466, 0.001424380810931325, 0.0003968489181715995, 0.00015480394358746707, 0.00018607854144647717, 0.00015247981355059892, 0.00014488441229332238, 0.0005127042531967163, 0.0001654672814765945, 0.0018086542841047049, 0.00025519312475807965, 0.0014928366290405393, 0.0004327372007537633, 0.030705751851201057, 0.1748417466878891, 0.00038867632974870503, 0.00015183552750386298, 0.00047357374569401145, 0.04140342026948929, 0.0013141987146809697, 0.0001711883523967117, 0.00013804860645905137, 0.00014162564184516668, 0.00013477139873430133, 0.00014608872879762203, 0.00013417417358141392, 0.0011905598221346736, 0.0003367049212101847, 0.0001352748804492876, 0.0001403467176714912, 0.0003186414542142302, 0.00014100463886279613, 0.0001316789275733754, 0.00013772040256299078, 0.00014399840438272804, 0.00649490999057889, 0.095383420586586, 0.0, 0.0, 0.0, 0.0, 0.0, 0.0, 0.0, 0.0, 0.0, 0.0, 0.0, 0.0, 0.0, 0.0, 0.0, 0.0, 0.0, 0.0, 0.0, 0.0, 0.0, 0.0, 0.0, 0.0, 0.0, 0.0, 0.0, 0.0, 0.0, 0.0, 0.0, 0.0, 0.0, 0.0, 0.0, 0.0, 0.0, 0.0, 0.0, 0.0, 0.0, 0.0, 0.0, 0.0, 0.0, 0.0, 0.0, 0.0, 0.0, 0.0, 0.0, 0.0, 0.0, 0.0, 0.0, 0.0, 0.0, 0.0, 0.0, 0.0, 0.0, 0.0, 0.0, 0.0, 0.0, 0.0, 0.0, 0.0, 0.0, 0.0, 0.0, 0.0, 0.0, 0.0, 0.0, 0.0, 0.0, 0.0, 0.0, 0.0, 0.0, 0.0, 0.0, 0.0, 0.0, 0.0, 0.0, 0.0, 0.0, 0.0, 0.0, 0.0, 0.0, 0.0, 0.0, 0.0, 0.0, 0.0, 0.0, 0.0, 0.0, 0.0, 0.0, 0.0, 0.0, 0.0, 0.0, 0.0, 0.0, 0.0, 0.0, 0.0, 0.0, 0.0, 0.0, 0.0, 0.0, 0.0, 0.0, 0.0, 0.0, 0.0, 0.0, 0.0, 0.0, 0.0, 0.0, 0.0, 0.0, 0.0, 0.0, 0.0, 0.0, 0.0, 0.0, 0.0, 0.0, 0.0, 0.0, 0.0, 0.0, 0.0, 0.0, 0.0, 0.0, 0.0, 0.0, 0.0, 0.0, 0.0], "start_index": 0,