{"query_id": 7019, "passages": [{"logits_start": [0.011845331639051437, 0.001041669980622828, 0.0007772035314701498, 0.0009070378146134317, 0.0009800096740946174, 0.0009421955328434706, 0.0009926133789122105, 0.0016068547265604138, 0.03638570383191109, 0.0009407643228769302, 0.0009994710562750697, 0.0009511369280517101, 0.0023956659715622663, 0.0011491363402456045, 0.0012060068547725677, 0.0012048962526023388, 0.0008962217252701521, 0.0013594257179647684, 0.0008658685255795717, 0.0011922826524823904, 0.000852205092087388, 0.001173043274320662, 0.0008538031834177673, 0.001260521705262363, 0.006071341224014759, 0.0685848668217659, 0.08102209866046906, 0.011695251800119877, 0.0012683053500950336, 0.000965359911788255, 0.0007524421089328825, 0.0008744657970964909, 0.000863573863171041, 0.0007604220882058144, 0.0008311322890222073, 0.0008594805840402842, 0.0006995679577812552, 0.0007173925405368209, 0.000722182565368712, 0.0007748475181870162, 0.000813518010545522, 0.0008080955594778061, 0.0007288823835551739, 0.0007532623712904751, 0.0007742643356323242, 0.0015966728096827865, 0.0008286949596367776, 0.0008151449728757143, 0.0008798222988843918, 0.000717244460247457, 0.0010000999318435788, 0.0010670162737369537, 0.003859512507915497, 0.18695850670337677, 0.015049556270241737, 0.009347790852189064, 0.006020240485668182, 0.11666009575128555, 0.06258254498243332, 0.0019174432381987572, 0.0007476025493815541, 0.008917521685361862, 0.041883714497089386, 0.0008417561766691506, 0.009971152991056442, 0.015592167153954506, 0.013508964329957962, 0.016499163582921028, 0.05820532888174057, 0.11512342840433121, 0.00699175801128149, 0.03901965543627739, 0.0006659290520474315, 0.0054724132642149925, 0.0003294526250101626, 0.00023453259200323373, 0.00019945891108363867, 0.00018698959320317954, 0.00019263756985310465, 0.0001723253371892497, 0.0001711928052827716, 0.00018651390564627945, 0.00018036115216091275, 0.000853333855047822, 0.0004325814079493284, 0.0, 0.0, 0.0, 0.0, 0.0, 0.0, 0.0, 0.0, 0.0, 0.0, 0.0, 0.0, 0.0, 0.0, 0.0, 0.0, 0.0, 0.0, 0.0, 0.0, 0.0, 0.0, 0.0, 0.0, 0.0, 0.0, 0.0, 0.0, 0.0, 0.0, 0.0, 0.0, 0.0, 0.0, 0.0, 0.0, 0.0, 0.0, 0.0, 0.0, 0.0, 0.0, 0.0, 0.0, 0.0, 0.0, 0.0, 0.0, 0.0, 0.0, 0.0, 0.0, 0.0, 0.0, 0.0, 0.0, 0.0, 0.0, 0.0, 0.0, 0.0, 0.0, 0.0, 0.0, 0.0, 0.0, 0.0, 0.0, 0.0, 0.0, 0.0, 0.0, 0.0, 0.0, 0.0, 0.0, 0.0, 0.0, 0.0, 0.0, 0.0, 0.0, 0.0, 0.0, 0.0, 0.0, 0.0, 0.0, 0.0, 0.0, 0.0, 0.0, 0.0, 0.0, 0.0, 0.0, 0.0, 0.0, 0.0, 0.0, 0.0, 0.0, 0.0, 0.0, 0.0, 0.0, 0.0, 0.0], "tokens": ["award-winning", "floorplans", "designed", "to", "fit", "your", "life", ".", "glastar", "award", "winning", "best", "2-bedroom", "floor", "plan", "2005", ",", "2006", ",", "2007", ",", "2008", ",", "2010", "&", "2011.", "regency", "park", "offers", "1", ",", "2", "&", "3", "bedroom", "apartments", ",", "and", "also", "2", "bedroom", "townhouses", "which", "offer", "3", "floors", "of", "living", "space", "and", "natural", "fireplaces", ".", "regency", "park", "apartments", ".", "2518", "normandy", "drive", ",", "grand", "rapids", ",", "mi", "49506", "located", "minutes", "from", "east", "grand", "rapids", "call", "us", "now", "to", "schedule", "a", "tour", "!", "(", "888", ")", "874-6898", "."], "url": "http://www.regencypark-apts.com/", "relevance": 0.5687753519884459, "logits_end": [0.0003673499159049243, 0.0012564355274662375, 0.000369841669453308, 0.000254888174822554, 0.0003048570069950074, 0.00027065962785854936, 0.0008715208387002349, 0.006296203937381506, 0.02693595178425312, 0.0006748195155523717, 0.00036319135688245296, 0.0002506407618056983, 0.002173656364902854, 0.0007693833322264254, 0.0008478570380248129, 0.0012051076628267765, 0.0008061114931479096, 0.0018466521287336946, 0.0007695722742937505, 0.0010434703435748816, 0.0007067682454362512, 0.001053420128300786, 0.0007406563963741064, 0.000579960411414504, 0.0003823012812063098, 0.0008348515257239342, 0.048840709030628204, 0.06929183006286621, 0.0016199075616896152, 0.011649258434772491, 0.0009654372115619481, 0.0011216577840968966, 0.0019674820359796286, 0.0010034875012934208, 0.0003363077121321112, 0.0010049371048808098, 0.0008942715940065682, 0.0005972477956674993, 0.0006666308036074042, 0.0009721979731693864, 0.00038305888301692903, 0.0009330461616627872, 0.00047593138879165053, 0.000781436450779438, 0.0009680494549684227, 0.0009184248046949506, 0.0003160118649248034, 0.00040937328594736755, 0.0009405977907590568, 0.0003240402147639543, 0.0003536978329066187, 0.0010162482503801584, 0.03483432158827782, 0.05303601175546646, 0.07476914674043655, 0.043906062841415405, 0.12827669084072113, 0.000774154148530215, 0.03972239047288895, 0.013376886956393719, 0.00046025673509575427, 0.0005215844721533358, 0.029481718316674232, 0.0011839928338304162, 0.0006781669217161834, 0.002932244446128607, 0.0018574997084215283, 0.001260367571376264, 0.000590514566283673, 0.0518842451274395, 0.005034739151597023, 0.06016099080443382, 0.001944037270732224, 0.18229062855243683, 0.0017705835634842515, 0.0004927715053781867, 0.00040779559640213847, 0.0002210765378549695, 0.0008043863927014172, 0.0006847440381534398, 0.0003047650388907641, 0.0007125585107132792, 0.0008664548513479531, 0.0013241325505077839, 0.06270669400691986, 0.0, 0.0, 0.0, 0.0, 0.0, 0.0, 0.0, 0.0, 0.0, 0.0, 0.0, 0.0, 0.0, 0.0, 0.0, 0.0, 0.0, 0.0, 0.0, 0.0, 0.0, 0.0, 0.0, 0.0, 0.0, 0.0, 0.0, 0.0, 0.0, 0.0, 0.0, 0.0, 0.0, 0.0, 0.0, 0.0, 0.0, 0.0, 0.0, 0.0, 0.0, 0.0, 0.0, 0.0, 0.0, 0.0, 0.0, 0.0, 0.0, 0.0, 0.0, 0.0, 0.0, 0.0, 0.0, 0.0, 0.0, 0.0, 0.0, 0.0, 0.0, 0.0, 0.0, 0.0, 0.0, 0.0, 0.0, 0.0, 0.0, 0.0, 0.0, 0.0, 0.0, 0.0, 0.0, 0.0, 0.0, 0.0, 0.0, 0.0, 0.0, 0.0, 0.0, 0.0, 0.0, 0.0, 0.0, 0.0, 0.0, 0.0, 0.0, 0.0, 0.0, 0.0, 0.0, 0.0, 0.0, 0.0, 0.0, 0.0, 0.0, 0.0, 0.0, 0.0, 0.0, 0.0, 0.0, 0.0]}, {"logits_start": [0.5457022190093994, 0.0035315819550305605, 0.003336459631100297, 0.0032882760278880596, 0.00338642462156713, 0.003176390426233411, 0.003633311251178384, 0.005676659755408764, 0.003765285713598132, 0.0033244076184928417, 0.003386907512322068, 0.0032007184345275164, 0.0033399169333279133, 0.003170634154230356, 0.003299891483038664, 0.005152895115315914, 0.003953965846449137, 0.03436039760708809, 0.006849555764347315, 0.01947232149541378, 0.01599477417767048, 0.01336845476180315, 0.0034762113355100155, 0.030209237709641457, 0.20207008719444275, 0.005881074815988541, 0.003201535204425454, 0.0019140937365591526, 0.0019193536136299372, 0.0017393046291545033, 0.0018159843748435378, 0.001730621326714754, 0.001988024450838566, 0.001791497110389173, 0.001762861618772149, 0.0018187349196523428, 0.0017870682058855891, 0.0016340299043804407, 0.0018313884502276778, 0.0017916705692186952, 0.0019367571221664548, 0.030064070597290993, 0.005264862906187773, 0.0, 0.0, 0.0, 0.0, 0.0, 0.0, 0.0, 0.0, 0.0, 0.0, 0.0, 0.0, 0.0, 0.0, 0.0, 0.0, 0.0, 0.0, 0.0, 0.0, 0.0, 0.0, 0.0, 0.0, 0.0, 0.0, 0.0, 0.0, 0.0, 0.0, 0.0, 0.0, 0.0, 0.0, 0.0, 0.0, 0.0, 0.0, 0.0, 0.0, 0.0, 0.0, 0.0, 0.0, 0.0, 0.0, 0.0, 0.0, 0.0, 0.0, 0.0, 0.0, 0.0, 0.0, 0.0, 0.0, 0.0, 0.0, 0.0, 0.0, 0.0, 0.0, 0.0, 0.0, 0.0, 0.0, 0.0, 0.0, 0.0, 0.0, 0.0, 0.0, 0.0, 0.0, 0.0, 0.0, 0.0, 0.0, 0.0, 0.0, 0.0, 0.0, 0.0, 0.0, 0.0, 0.0, 0.0, 0.0, 0.0, 0.0, 0.0, 0.0, 0.0, 0.0, 0.0, 0.0, 0.0, 0.0, 0.0, 0.0, 0.0, 0.0, 0.0, 0.0, 0.0, 0.0, 0.0, 0.0, 0.0, 0.0, 0.0, 0.0, 0.0, 0.0, 0.0, 0.0, 0.0, 0.0, 0.0, 0.0, 0.0, 0.0, 0.0, 0.0, 0.0, 0.0, 0.0, 0.0, 0.0, 0.0, 0.0, 0.0, 0.0, 0.0, 0.0, 0.0, 0.0, 0.0, 0.0, 0.0, 0.0, 0.0, 0.0, 0.0, 0.0, 0.0, 0.0, 0.0, 0.0, 0.0], "selected": true, "relevance": 0.3088875118447284, "url": "http://www.stbasils.com.au/",