{"query_id": 7145, "passages": [{"logits_start": [0.04446794465184212, 0.004377114120870829, 0.006140462588518858, 0.0291791670024395, 0.005733651574701071, 0.0061115422286093235, 0.005724666640162468, 0.006855669431388378, 0.03863856568932533, 0.055776696652173996, 0.04252500459551811, 0.005755911115556955, 0.00808714423328638, 0.004971507005393505, 0.004141377750784159, 0.004624685272574425, 0.0038959363009780645, 0.003823391394689679, 0.004173445049673319, 0.008444814011454582, 0.0058046262711286545, 0.003984866198152304, 0.003895139554515481, 0.004208587575703859, 0.0037543403450399637, 0.003567467676475644, 0.003822251223027706, 0.0038443398661911488, 0.004175424110144377, 0.008939974941313267, 0.009410674683749676, 0.004094185773283243, 0.003956902306526899, 0.003715864149853587, 0.0035766782239079475, 0.0039086248725652695, 0.009031741879880428, 0.02214880846440792, 0.004655086435377598, 0.005231678485870361, 0.0037193014286458492, 0.004091775044798851, 0.012280687689781189, 0.12349709123373032, 0.011089731939136982, 0.005943187512457371, 0.0052108969539403915, 0.010298451408743858, 0.006544914096593857, 0.0041090864688158035, 0.043619461357593536, 0.010170752182602882, 0.07464642077684402, 0.0036438617389649153, 0.0029937950894236565, 0.0028640609234571457, 0.003996539395302534, 0.008055061101913452, 0.0030323020182549953, 0.003548592096194625, 0.0036059096455574036, 0.004298547748476267, 0.0100176353007555, 0.014835385605692863, 0.041521649807691574, 0.043127916753292084, 0.003132985206320882, 0.002638172823935747, 0.0027014557272195816, 0.005452926270663738, 0.00986900832504034, 0.011264026165008545, 0.0026158965192735195, 0.01846218667924404, 0.00877577718347311, 0.0074295829981565475, 0.002448467304930091, 0.001960642635822296, 0.00213976320810616, 0.0017691405955702066, 0.0018797055818140507, 0.0020224577747285366, 0.003955055959522724, 0.0041345576755702496, 0.0018779702950268984, 0.0016824178164824843, 0.0015304357511922717, 0.0016656643711030483, 0.0033962128218263388, 0.01563173718750477, 0.0018805034924298525, 0.0020587912295013666, 0.0017501944676041603, 0.0013509236741811037, 0.001532089663669467, 0.0030523110181093216, 0.0, 0.0, 0.0, 0.0, 0.0, 0.0, 0.0, 0.0, 0.0, 0.0, 0.0, 0.0, 0.0, 0.0, 0.0, 0.0, 0.0, 0.0, 0.0, 0.0, 0.0, 0.0, 0.0, 0.0, 0.0, 0.0, 0.0, 0.0, 0.0, 0.0, 0.0, 0.0, 0.0, 0.0, 0.0, 0.0, 0.0, 0.0, 0.0, 0.0, 0.0, 0.0, 0.0, 0.0, 0.0, 0.0, 0.0, 0.0, 0.0, 0.0, 0.0, 0.0, 0.0, 0.0, 0.0, 0.0, 0.0, 0.0, 0.0, 0.0, 0.0, 0.0, 0.0, 0.0, 0.0, 0.0, 0.0, 0.0, 0.0, 0.0, 0.0, 0.0, 0.0, 0.0, 0.0, 0.0, 0.0, 0.0, 0.0, 0.0, 0.0, 0.0, 0.0, 0.0, 0.0, 0.0, 0.0, 0.0, 0.0, 0.0, 0.0, 0.0, 0.0, 0.0, 0.0, 0.0, 0.0], "tokens": ["sala", "topazio-overlooking", "the", "pool", ",", "this", "restaurant", "specializes", "in", "local", "cuisine", "and", "serves", "breakfast", ",", "lunch", ",", "and", "dinner", ".", "guests", "can", "enjoy", "alfresco", "dining", "(", "weather", "permitting", ")", ".", "a", "children", "'s", "menu", "is", "available", ".", "24-hour", "room", "service", "is", "available", ".", "in", "addition", "to", "a", "full-service", "spa", ",", "fonte", "del", "benessere", "resort", "features", "an", "outdoor", "pool", "and", "a", "24-hour", "fitness", "center", ".", "the", "hotel", "offers", "a", "restaurant", ".", "a", "bar/lounge", "is", "on", "site", "where", "guests", "can", "unwind", "with", "a", "drink", ".", "a", "complimentary", "breakfast", "is", "offered", ".", "high-speed", "wireless", "internet", "access", "is", "complimentary", "."], "url": "https://www.expedia.com/Castelpetroso-Hotels-Fonte-Del-Benessere-Resort.h4338927.Hotel-Information", "relevance": 0.3333333333333333, "logits_end": [0.0009365928708575666, 0.0013696914538741112, 0.00036457955138757825, 0.04589712247252464, 0.0017265164060518146, 0.0011167906923219562, 0.0009290609741583467, 0.0013706551399081945, 0.003172011114656925, 0.012028860859572887, 0.019443746656179428, 0.0015737772919237614, 0.001525228493846953, 0.001693443744443357, 0.0010940093779936433, 0.00166695739608258, 0.0014666412025690079, 0.0007228650501929224, 0.0017902886029332876, 0.0774894654750824, 0.000620844482909888, 0.0005643340409733355, 0.000458000780781731, 0.0011440322268754244, 0.001494980650022626, 0.001094525447115302, 0.000703246972989291, 0.00170156080275774, 0.03465500473976135, 0.06433504074811935, 0.0008533718064427376, 0.0007458784966729581, 0.0006539170281030238, 0.0006971051334403455, 0.0008067912422120571, 0.002462792908772826, 0.05136169493198395, 0.0015863619046285748, 0.0012891336809843779, 0.0022455784492194653, 0.0010894855950027704, 0.00281572830863297, 0.05671517923474312, 0.002818414941430092, 0.0016747077461332083, 0.0006160488119348884, 0.0005366242257878184, 0.0013956943294033408, 0.002422232646495104, 0.001021327916532755, 0.003441765671595931, 0.001177588477730751, 0.05676170438528061, 0.0018356468062847853, 0.0011856954079121351, 0.0005317405448295176, 0.0006559682660736144, 0.004690334666520357, 0.0008075936930254102, 0.0005195486010052264, 0.0005526309250853956, 0.0014915642095729709, 0.0288421418517828, 0.20245258510112762, 0.0006713502225466073, 0.03996076434850693, 0.001193671370856464, 0.0005165738984942436, 0.0017900359816849232, 0.05767526850104332, 0.0004814171406906098, 0.011666635982692242, 0.0006183665245771408, 0.00171194551512599, 0.0022436336148530245, 0.0021048635244369507, 0.0006413694354705513, 0.0005304876831360161, 0.0011631457600742579, 0.0005110196070745587, 0.0004592074255924672, 0.001690647448413074, 0.041165128350257874, 0.0007243953878059983, 0.000727836275473237, 0.0006082460167817771, 0.0004613020282704383, 0.0016536773182451725, 0.03640935197472572, 0.006920632440596819, 0.0017170436913147569, 0.0018072455422952771, 0.0014329008990898728, 0.00047347391955554485, 0.0018623798387125134, 0.055501535534858704, 0.0, 0.0, 0.0, 0.0, 0.0, 0.0, 0.0, 0.0, 0.0, 0.0, 0.0, 0.0, 0.0, 0.0, 0.0, 0.0, 0.0, 0.0, 0.0, 0.0, 0.0, 0.0, 0.0, 0.0, 0.0, 0.0, 0.0, 0.0, 0.0, 0.0, 0.0, 0.0, 0.0, 0.0, 0.0, 0.0, 0.0, 0.0, 0.0, 0.0, 0.0, 0.0, 0.0, 0.0, 0.0, 0.0, 0.0, 0.0, 0.0, 0.0, 0.0, 0.0, 0.0, 0.0, 0.0, 0.0, 0.0, 0.0, 0.0, 0.0, 0.0, 0.0, 0.0, 0.0, 0.0, 0.0, 0.0, 0.0, 0.0, 0.0, 0.0, 0.0, 0.0, 0.0, 0.0, 0.0, 0.0, 0.0, 0.0, 0.0, 0.0, 0.0, 0.0, 0.0, 0.0, 0.0, 0.0, 0.0, 0.0, 0.0, 0.0, 0.0, 0.0, 0.0, 0.0, 0.0, 0.0]}, {"logits_start": [0.05576131492853165, 0.009233701974153519, 0.010255686938762665, 0.009953352622687817, 0.010302701964974403, 0.009806273505091667, 0.009864798747003078, 0.009618510492146015, 0.00922288279980421, 0.009215295314788818, 0.015704650431871414, 0.100643590092659, 0.11121109873056412, 0.3194405436515808, 0.020495710894465446, 0.030001329258084297, 0.01020028255879879, 0.007705992087721825, 0.01018677931278944, 0.006255862768739462, 0.00675291009247303, 0.006319618318229914, 0.005854794289916754, 0.006417537573724985, 0.00606894725933671, 0.01987173780798912, 0.04242938756942749, 0.005924917757511139, 0.005916265770792961, 0.005048025399446487, 0.004683115053921938, 0.005360614974051714, 0.004334080498665571, 0.004708322696387768, 0.004539082758128643, 0.004641776904463768, 0.004229843616485596, 0.004306664690375328, 0.004266615957021713, 0.004029572010040283, 0.004257466644048691, 0.004785091616213322, 0.013176062144339085, 0.006942042149603367, 0.003916021436452866, 0.003754371777176857, 0.003611175576224923, 0.003512855852022767, 0.0035510403104126453, 0.0034937220625579357, 0.0038754104170948267, 0.003830664325505495, 0.010509992949664593, 0.0, 0.0, 0.0, 0.0, 0.0, 0.0, 0.0, 0.0, 0.0, 0.0, 0.0, 0.0, 0.0, 0.0, 0.0, 0.0, 0.0, 0.0, 0.0, 0.0, 0.0, 0.0, 0.0, 0.0, 0.0, 0.0, 0.0, 0.0, 0.0, 0.0, 0.0, 0.0, 0.0, 0.0, 0.0, 0.0, 0.0, 0.0, 0.0, 0.0, 0.0, 0.0, 0.0, 0.0, 0.0, 0.0, 0.0, 0.0, 0.0, 0.0, 0.0, 0.0, 0.0, 0.0, 0.0, 0.0, 0.0, 0.0, 0.0, 0.0, 0.0, 0.0, 0.0, 0.0, 0.0, 0.0, 0.0, 0.0, 0.0, 0.0, 0.0, 0.0, 0.0, 0.0, 0.0, 0.0, 0.0, 0.0, 0.0, 0.0, 0.0, 0.0, 0.0, 0.0, 0.0, 0.0, 0.0, 0.0, 0.0, 0.0, 0.0, 0.0, 0.0, 0.0, 0.0, 0.0, 0.0, 0.0, 0.0, 0.0, 0.0, 