{"query_id": 7145, "passages": [{"logits_end": [0.004754333291202784, 0.008028083480894566, 0.000721933611202985, 0.18461653590202332, 0.002363982144743204, 0.0015468276105821133, 0.013445504009723663, 0.02410120703279972, 0.005908304359763861, 0.0057472409680485725, 0.014781353995203972, 0.0016422054031863809, 0.0025030961260199547, 0.011047941632568836, 0.0009408110636286438, 0.0015756177017465234, 0.0005219433223828673, 0.00037735889782197773, 0.0034069307148456573, 0.3835960328578949, 0.0013092965818941593, 0.00046341255074366927, 0.0002931988856289536, 0.001455973950214684, 0.0018974482081830502, 0.00035300356103107333, 0.0008123167208395898, 0.0013950368156656623, 0.002598607912659645, 0.07122279703617096, 0.0007597779622301459, 0.0005453204503282905, 0.00017431601008865982, 0.0002929134061560035, 0.00020160818530712277, 0.0015357864322140813, 0.028668280690908432, 0.0009024179307743907, 0.0010686228051781654, 0.0007573386537842453, 0.00020020223746541888, 0.0014639644650742412, 0.010201950557529926, 0.0018347295699641109, 0.0010006990050897002, 0.00020397825574036688, 0.00010339820437366143, 0.0018071928061544895, 0.006129025481641293, 0.0007695042295381427, 0.009200391359627247, 0.007387375924736261, 0.016914622858166695, 0.0071778250858187675, 0.0016008185921236873, 0.00015296436322387308, 0.0006887743365950882, 0.004884281661361456, 0.0004858673783019185, 0.00011630318476818502, 0.0006235897308215499, 0.0011603906750679016, 0.009354477748274803, 0.05678629130125046, 0.0005003416445106268, 0.002232403727248311, 0.00041510985465720296, 0.00014719953469466418, 0.0015089045045897365, 0.02099462039768696, 0.00016488302208017558, 0.0028016602154821157, 0.00027930099167861044, 0.00038483281969092786, 0.0014728427631780505, 0.000795127300079912, 0.00018332350009586662, 0.00014790847490075976, 0.0002497333043720573, 0.00013804530317429453, 0.00012854499800596386, 0.001125043723732233, 0.014075523242354393, 0.0001836053706938401, 0.00023649279319215566, 0.0003782807616516948, 0.0001538911456009373, 0.0006955767166800797, 0.004706056788563728, 0.0007309257634915411, 0.001514033880084753, 0.0012310516322031617, 0.0004345234774518758, 0.0002092003560392186, 0.0011910366592928767, 0.012006651610136032, 0.0, 0.0, 0.0, 0.0, 0.0, 0.0, 0.0, 0.0, 0.0, 0.0, 0.0, 0.0, 0.0, 0.0, 0.0, 0.0, 0.0, 0.0, 0.0, 0.0, 0.0, 0.0, 0.0, 0.0, 0.0, 0.0, 0.0, 0.0, 0.0, 0.0, 0.0, 0.0, 0.0, 0.0, 0.0, 0.0, 0.0, 0.0, 0.0, 0.0, 0.0, 0.0, 0.0, 0.0, 0.0, 0.0, 0.0, 0.0, 0.0, 0.0, 0.0, 0.0, 0.0, 0.0, 0.0, 0.0, 0.0, 0.0, 0.0, 0.0, 0.0, 0.0, 0.0, 0.0, 0.0, 0.0, 0.0, 0.0, 0.0, 0.0, 0.0, 0.0, 0.0, 0.0, 0.0, 0.0, 0.0, 0.0, 0.0, 0.0, 0.0, 0.0, 0.0, 0.0, 0.0, 0.0, 0.0, 0.0, 0.0, 0.0, 0.0, 0.0, 0.0, 0.0, 0.0, 0.0, 0.0], "url": "https://www.expedia.com/Castelpetroso-Hotels-Fonte-Del-Benessere-Resort.h4338927.Hotel-Information", "relevance": 0.3333333333333333, "tokens": ["sala", "topazio-overlooking", "the", "pool", ",", "this", "restaurant", "specializes", "in", "local", "cuisine", "and", "serves", "breakfast", ",", "lunch", ",", "and", "dinner", ".", "guests", "can", "enjoy", "alfresco", "dining", "(", "weather", "permitting", ")", ".", "a", "children", "'s", "menu", "is", "available", ".", "24-hour", "room", "service", "is", "available", ".", "in", "addition", "to", "a", "full-service", "spa", ",", "fonte", "del", "benessere", "resort", "features", "an", "outdoor", "pool", "and", "a", "24-hour", "fitness", "center", ".", "the", "hotel", "offers", "a", "restaurant", ".", "a", "bar/lounge", "is", "on", "site", "where", "guests", "can", "unwind", "with", "a", "drink", ".", "a", "complimentary", "breakfast", "is", "offered", ".", "high-speed", "wireless", "internet", "access", "is", "complimentary", "."], "logits_start": [0.35367879271507263, 0.04512675106525421, 0.045067016035318375, 0.09447882324457169, 0.0018834637012332678, 0.0242727342993021, 0.03813678398728371, 0.02361634001135826, 0.052670810371637344, 0.022784734144806862, 0.013310316018760204, 0.0011015210766345263, 0.003947267308831215, 0.0029609063640236855, 0.0007910907734185457, 0.0013668268220499158, 0.000613287091255188, 0.0007435374427586794, 0.002151549095287919, 0.00332483253441751, 0.003471038769930601, 0.0006066923961043358, 0.0006389531772583723, 0.0012341552646830678, 0.0009059651056304574, 0.00043230681330896914, 0.0007733391248621047, 0.0005290483823046088, 0.0007776177953928709, 0.0017260161694139242, 0.004254714120179415, 0.00041699461871758103, 0.00037411629455164075, 0.00041347305523231626, 0.00040652675670571625, 0.0007279273704625666, 0.0014219169970601797, 0.005659621208906174, 0.0005200456944294274, 0.00035776422009803355, 0.00039197609294205904, 0.0006050225347280502, 0.0017309169052168727, 0.03691931441426277, 0.001033894601278007, 0.0011261706240475178, 0.004624830558896065, 0.009055932983756065, 0.004253474995493889, 0.0010446537053212523, 0.08170150220394135, 0.02218966744840145, 0.012384340167045593, 0.0019624242559075356, 0.000630508060567081, 0.0013035688316449523, 0.004206583369523287, 0.0023594542872160673, 0.0004196191730443388, 0.003937601111829281, 0.004832984879612923, 0.002564324764534831, 0.0037227023858577013, 0.0010808305814862251, 0.006154755596071482, 0.0009683292009867728, 0.0002627036883495748, 0.00035046422271989286, 0.0005189203075133264, 0.0007564552943222225, 0.013457725755870342, 0.001985221402719617, 0.0002868376614060253, 0.001215580152347684, 0.0006993305869400501, 0.00043100598850287497, 0.00025872705737128854, 0.00022185778652783483, 0.0002928690519183874, 0.00021187530364841223, 0.0002895052020903677, 0.000296308018732816, 0.0005784821696579456, 0.000987679697573185, 0.00019338935089763254, 0.00021021465363446623, 0.00019106248510070145, 0.00024516001576557755, 0.00046980284969322383, 0.004479746799916029, 0.00042206738726235926, 0.00024405101430602372, 0.00024121877504512668, 0.00020205159671604633, 0.00031097829923965037, 0.0008077279198914766, 0.0, 0.0, 0.0, 0.0, 0.0, 0.0, 0.0, 0.0, 0.0, 0.0, 0.0, 0.0, 0.0, 0.0, 0.0, 0.0, 0.0, 0.0, 0.0, 0.0, 0.0, 0.0, 0.0, 0.0, 0.0, 0.0, 0.0, 0.0, 0.0, 0.0, 0.0, 0.0, 0.0, 0.0, 0.0, 0.0, 0.0, 0.0, 0.0, 0.0, 0.0, 0.0, 0.0, 0.0, 0.0, 0.0, 0.0, 0.0, 0.0, 0.0, 0.0, 0.0, 0.0, 0.0, 0.0, 0.0, 0.0, 0.0, 0.0, 0.0, 0.0, 0.0, 0.0, 0.0, 0.0, 0.0, 0.0, 0.0, 0.0, 0.0, 0.0, 0.0, 0.0, 0.0, 0.0, 0.0, 0.0, 0.0, 0.0, 0.0, 0.0, 0.0, 0.0, 0.0, 0.0, 0.0, 0.0, 0.0, 0.0, 0.0, 0.0, 0.0, 0.0, 0.0, 0.0, 0.0, 0.0]}, {"logits_end": [0.005645617377012968, 0.01789584383368492, 0.009252010844647884, 0.025110503658652306, 0.0009599558543413877, 0.0008109455229714513, 0.0005344143719412386, 0.0007148308213800192, 0.0004768382932525128, 0.0009515974088571966, 0.005359097849577665, 0.004057771991938353, 0.0011231715325266123, 0.0025223034899681807, 0.001988573931157589, 0.001950685284100473, 0.0010758297285065055, 0.0005635829293169081, 0.0019136134069412947, 0.0011911598267033696, 0.0013647029409185052, 0.0008415142656303942, 0.00045648583909496665, 0.0007245342130772769, 0.0034470772370696068, 0.5771114230155945, 0.01992013491690159, 0.0011853261385113, 0.0011344564845785499, 0.002012677723541856, 0.0005470941541716456, 0.00421050563454628, 0.0013472134014591575, 0.0007009790278971195, 0.00048423121916130185, 0.001014367095194757, 0.0019375724950805306, 0.0015087239444255829, 0.0014502477133646607, 0.0003463346802163869, 0.0012407820904627442, 0.003148144343867898, 0.2279188185930252, 0.0011398736387491226, 0.0003038638096768409, 0.0003578397154342383, 0.00030177299049682915, 0.00039954413659870625, 0.0010824440978467464, 0.0004515705513767898, 0.00041177356615662575, 0.0019367928616702557, 0.05546290799975395, 0.0, 0.0, 0.0, 0.0, 0.0, 0.0, 0.0, 0.0, 0.0, 0.0, 0.0, 0.0, 0.0, 0.0, 0.0, 0.0, 0.0, 0.0, 0.0, 0.0, 0.0, 0.0, 0.0, 0.0, 0.0, 0.0, 0.0, 0.0, 0.0, 0.0, 0.0, 0.0, 0.0, 0.0, 0.0, 0.0, 0.0, 0.0, 0.0, 0.0, 0.0, 0.0, 0.0, 0.0, 0.0, 0.0, 0.0, 0.0, 0.0, 0.0, 0.0, 0.0, 0.0, 0.0, 0.0, 0.0, 0.0, 0.0, 0.0, 0.0, 0.0, 0.0, 0.0, 0.0, 0.0, 0.0, 0.0, 0.0, 0.0, 0.0, 0.0, 0.0, 0.0, 0.0, 0.0,