{"query_id": 7897, "passages": [{"logits_end": [0.00012406814494170249, 0.0005751270800828934, 0.004841148387640715, 0.033903904259204865, 0.00018127041403204203, 0.0013981834053993225, 0.000579503015615046, 0.0003932374238502234, 0.0001857440365711227, 0.0017226387280970812, 0.000393692753277719, 0.012947723269462585, 0.04064790904521942, 0.00026605426683090627, 0.0009638360352255404, 0.00024990219390019774, 0.00015422588330693543, 0.00021479884162545204, 0.00014050812751520425, 0.7283511757850647, 0.0014325359370559454, 0.0020052697509527206, 0.0002851276658475399, 0.0004281857400201261, 0.0001265798491658643, 0.0001686961331870407, 0.00014367936819326133, 0.0007396291475743055, 0.00018614889995660633, 0.00011991884821327403, 0.0008529128390364349, 0.00012872618390247226, 0.00041447588591836393, 0.00014281652693171054, 0.00020621139265131205, 0.00011163390445290133, 0.00010463657963555306, 0.00013843440683558583, 0.00015747665020171553, 0.000898153695743531, 0.033934805542230606, 0.0007263942388817668, 0.0004991610767319798, 0.0012490714434534311, 0.00020903610857203603, 7.466025272151455e-05, 0.004499524831771851, 0.00022702969727106392, 8.504655124852434e-05, 0.0009355076472274959, 0.00016678801330272108, 7.6932723459322e-05, 0.00044635700760409236, 0.00013273869990371168, 9.561794286128134e-05, 0.0006996225565671921, 0.0001684572343947366, 0.0001531984453322366, 7.079431088641286e-05, 0.0028282394632697105, 0.00017094987560994923, 9.718430374050513e-05, 0.0008178043644875288, 0.00012296665227040648, 8.825109398458153e-05, 0.0001759990118443966, 0.0001268357882509008, 0.0009729382582008839, 0.03140748664736748, 0.008179506286978722, 0.00022292559151537716, 0.0005185056361369789, 0.00033069425262510777, 0.000109202774183359, 7.368474325630814e-05, 0.0005507005262188613, 9.547088120598346e-05, 0.00034933839924633503, 0.00011194211401743814, 0.0002617044956423342, 0.00016760631115175784, 9.176678577205166e-05, 7.367925718426704e-05, 0.00013881489576306194, 0.0014211818343028426, 0.0204263087362051, 0.00013215375656727701, 0.00017339868645649403, 0.0006593785365112126, 0.0003487042849883437, 9.297087672166526e-05, 0.00012922163296025246, 0.00026445186813361943, 0.00010497201583348215, 0.0004809529345948249, 0.003907164093106985, 0.0007404724601656199, 0.00012808341125492007, 0.00031146450783126056, 0.00011827898561023176, 0.0008661013562232256, 0.040133602917194366, 0.0, 0.0, 0.0, 0.0, 0.0, 0.0, 0.0, 0.0, 0.0, 0.0, 0.0, 0.0, 0.0, 0.0, 0.0, 0.0, 0.0, 0.0, 0.0, 0.0, 0.0, 0.0, 0.0, 0.0, 0.0, 0.0, 0.0, 0.0, 0.0, 0.0, 0.0, 0.0, 0.0, 0.0, 0.0, 0.0, 0.0, 0.0, 0.0, 0.0, 0.0, 0.0, 0.0, 0.0, 0.0, 0.0, 0.0, 0.0, 0.0, 0.0, 0.0, 0.0, 0.0, 0.0, 0.0, 0.0, 0.0, 0.0, 0.0, 0.0, 0.0, 0.0, 0.0, 0.0, 0.0, 0.0, 0.0, 0.0, 0.0, 0.0, 0.0, 0.0, 0.0, 0.0, 0.0, 0.0, 0.0, 0.0, 0.0, 0.0, 0.0, 0.0, 0.0, 0.0, 0.0, 0.0, 0.0, 0.0, 0.0, 0.0, 0.0], "start_index": 19, "logits_start": [0.04265046492218971, 0.002948578679934144, 0.002595440950244665, 0.0019202565308660269, 0.06700266152620316, 0.0033366731368005276, 0.0012295602355152369, 0.0011262297630310059, 0.000590729177929461, 0.009678030386567116, 0.000958719989284873, 0.006500026676803827, 0.001587670762091875, 0.05828341096639633, 0.0016271458007395267, 0.0007344637997448444, 0.0010992791503667831, 0.0018689839635044336, 0.038939256221055984, 0.6624777913093567, 0.00039932309300638735, 0.001420105341821909, 0.0007064208621159196, 0.0003400716814212501, 0.00025278920657001436, 0.0002626121568027884, 0.00020150156342424452, 0.00046600084169767797, 0.00018830165208783, 0.00021178876340854913, 0.0005602226592600346, 0.00021666917018592358, 0.0005456694634631276, 0.0002691979752853513, 0.00023443873215001076, 0.00020289377425797284, 0.00020071731705684215, 0.000217415377846919, 0.0002184041659347713, 0.0003793819050770253, 0.0006910889642313123, 0.022449912503361702, 0.0009474431280978024, 0.0008971451898105443, 0.00019893646822310984, 0.0018356507644057274, 0.006023883353918791, 0.00025023031048476696, 0.0005843942635692656, 0.0004645689041353762, 0.00014499557437375188, 0.0006817896501161158, 0.0005033056368120015, 0.00020937786030117422, 0.00029023695969954133, 0.0005008965381421149, 0.00015090862871147692, 0.00030164243071340024, 0.0007933286833576858, 0.0024368104059249163, 0.00015731377061456442, 0.00028353973175399005, 0.000296722719212994, 0.00013673563080374151, 0.0002209442900493741, 0.00022525260283146054, 0.0001736172562232241, 0.00039223901694640517, 0.0005211849929764867, 0.01474447175860405, 0.00016992518794722855, 0.0004938735510222614, 0.0003307647129986435, 0.00022023177007213235, 0.00043630143045447767, 0.0004753631947096437, 0.00017413361638318747, 0.0003920886665582657, 0.00017776073946151882, 0.0002151635562768206, 0.0001870737614808604, 0.0001639641704969108, 0.0002995031827595085, 0.0002325571986148134, 0.00040103227365761995, 0.00046009456855244935, 0.007979987189173698, 0.00028626638231799006, 0.00024366639263462275, 0.00019624260312411934, 0.0005202317261137068, 0.00045654457062482834, 0.0004103084502276033, 0.0002693433198146522, 0.0019810220692306757, 0.00817239098250866, 0.0005406165728345513, 0.0001831661065807566, 0.000704208214301616, 0.00015965811326168478, 0.00024969098740257323, 0.0006586899398826063, 0.0, 0.0, 0.0, 0.0, 0.0, 0.0, 0.0, 0.0, 0.0, 0.0, 0.0, 0.0, 0.0, 0.0, 0.0, 0.0, 0.0, 0.0, 0.0, 0.0, 0.0, 0.0, 0.0, 0.0, 0.0, 0.0, 0.0, 0.0, 0.0, 0.0, 0.0, 0.0, 0.0, 0.0, 0.0, 0.0, 0.0, 0.0, 0.0, 0.0, 0.0, 0.0, 0.0, 0.0, 0.0, 0.0, 0.0, 0.0, 0.0, 0.0, 0.0, 0.0, 0.0, 0.0, 0.0, 0.0, 0.0, 0.0, 0.0, 0.0, 0.0, 0.0, 0.0, 0.0, 0.0, 0.0, 0.0, 0.0, 0.0, 0.0, 0.0, 0.0, 0.0, 0.0, 0.0, 0.0, 0.0, 0.0, 0.0, 0.0, 0.0, 0.0, 0.0, 0.0, 0.0, 0.0, 0.0, 0.0, 0.0, 0.0, 0.0], "tokens": ["the", "food", "chain", ".", "a", "cheetah", "chases", "down", "and", "devours", "a", "zebra", ".", "the", "scene", "is", "not", "uncommon", "in", "etosha", ",", "where", "the", "cycle", "of", "life", ",", "death", ",", "and", "birth", "has", "played", "out", "longer", "than", "any", "human", "can", "remember", ".", "in", "this", "situation", ",", "the", "cheetah", "is", "the", "predator", ",", "the", "animal", "that", "is", "eating", ",", "while", "the", "zebra", "is", "the", "prey", ",", "the", "animal", "being", "eaten", ".", "predators", "and", "prey", "comprise", "only", "a", "portion", "of", "what", "is", "commonly", "known", "as", "a", "food", "chain", ".", "a", "food", "chain", "explains", "how", "food", "energy", "is", "transferred", "between", "living", "things", "in", "an", "environment", "."], "url": "http://www.pbs.org/edens/etosha/fm_foodchain.htm", "relevance": 0.4575939947559229, "end_index": 19,