{"query_id": 7897, "passages": [{"logits_start": [0.02303246408700943, 0.0020977365784347057, 0.0029540385585278273, 0.005160965956747532, 0.008623676374554634, 0.005241294391453266, 0.003109913319349289, 0.0029927317518740892, 0.002788842422887683, 0.014530773274600506, 0.003153654281049967, 0.006991425063461065, 0.005847462452948093, 0.01720883511006832, 0.0033219752367585897, 0.002542769303545356, 0.002528250217437744, 0.0036005766596645117, 0.055864837020635605, 0.44690024852752686, 0.0029749679379165173, 0.010610628873109818, 0.0038875380996614695, 0.0024746449198573828, 0.001967795193195343, 0.0019388453802093863, 0.0017811538418754935, 0.0019995442125946283, 0.0017322435742244124, 0.0017583760200068355, 0.002020409097895026, 0.0018019132548943162, 0.002242141868919134, 0.0019146989798173308, 0.001950178644619882, 0.0017495306674391031, 0.0017742589116096497, 0.0018650940619409084, 0.0017656789859756827, 0.0020029565785080194, 0.0053097871132195, 0.0448593944311142, 0.003815507050603628, 0.006750418804585934, 0.001982221845537424, 0.004487122409045696, 0.006766477134078741, 0.0018204111838713288, 0.002653055125847459, 0.00312931090593338, 0.0016276664100587368, 0.002301430329680443, 0.0021601419430226088, 0.001687155687250197, 0.0016702658031135798, 0.0020030252635478973, 0.0015539575833827257, 0.0017856959020718932, 0.002484352793544531, 0.00430391076952219, 0.0016034039435908198, 0.002272658748552203, 0.0024120956659317017, 0.0015017591649666429, 0.001970250392332673, 0.0018928919453173876, 0.0016091929282993078, 0.0021411681082099676, 0.004823802970349789, 0.10158226639032364, 0.0013740162830799818, 0.0024538713041692972, 0.0014714377466589212, 0.0013548934366554022, 0.0015559245366603136, 0.002303406596183777, 0.0013523297384381294, 0.0013671404449269176, 0.0012820492265745997, 0.001409427379257977, 0.0013806074857711792, 0.00126362475566566, 0.0013628575252369046, 0.0014080334221944213, 0.002174829598516226, 0.0033818078227341175, 0.004260136745870113, 0.0015591849805787206, 0.0021888851188123226, 0.0012428784975782037, 0.0012530733365565538, 0.001250400673598051, 0.0013681850396096706, 0.0012306192656978965, 0.004319771192967892, 0.047886814922094345, 0.0015994003042578697, 0.0012612976133823395, 0.00426429882645607, 0.0011201663874089718, 0.001303148572333157, 0.003329606493934989, 0.0, 0.0, 0.0, 0.0, 0.0, 0.0, 0.0, 0.0, 0.0, 0.0, 0.0, 0.0, 0.0, 0.0, 0.0, 0.0, 0.0, 0.0, 0.0, 0.0, 0.0, 0.0, 0.0, 0.0, 0.0, 0.0, 0.0, 0.0, 0.0, 0.0, 0.0, 0.0, 0.0, 0.0, 0.0, 0.0, 0.0, 0.0, 0.0, 0.0, 0.0, 0.0, 0.0, 0.0, 0.0, 0.0, 0.0, 0.0, 0.0, 0.0, 0.0, 0.0, 0.0, 0.0, 0.0, 0.0, 0.0, 0.0, 0.0, 0.0, 0.0, 0.0, 0.0, 0.0, 0.0, 0.0, 0.0, 0.0, 0.0, 0.0, 0.0, 0.0, 0.0, 0.0, 0.0, 0.0, 0.0, 0.0, 0.0, 0.0, 0.0, 0.0, 0.0, 0.0, 0.0, 0.0, 0.0, 0.0, 0.0, 0.0, 0.0], "selected": true, "relevance": 0.4575939947559229, "url": "http://www.pbs.org/edens/etosha/fm_foodchain.htm", "logits_end": [0.00046535703586414456, 0.0004258295812178403, 0.002360346494242549, 0.032368555665016174, 0.00040929531678557396, 0.001180065213702619, 0.000821929716039449, 0.0010382607579231262, 0.00047964666737243533, 0.003431068966165185, 0.0004372272524051368, 0.023206355050206184, 0.04307546466588974, 0.0007772766402922571, 0.0011158965062350035, 0.0004750406660605222, 0.00039787220885045826, 0.000402382604079321, 0.0002741748176049441, 0.5821122527122498, 0.0014547358732670546, 0.0033381604589521885, 0.0008487430750392377, 0.0006971447146497667, 0.0003981990448664874, 0.0008145804749801755, 0.0008115153759717941, 0.0012472325470298529, 0.0010999925434589386, 0.0004955194890499115, 0.0011088752653449774, 0.00042769950232468545, 0.0007049478590488434, 0.0004491471336223185, 0.0008145198225975037, 0.00045583356404677033, 0.000394991016946733, 0.0007611262262798846, 0.0004375280113890767, 0.0012949317460879683, 0.03817201405763626, 0.00195621931925416, 0.0010003041243180633, 0.004348508082330227, 0.0009219817584380507, 0.000430459767812863, 0.008487447164952755, 0.0004169041058048606, 0.0004153001355007291, 0.002059261780232191, 0.0009057192946784198, 0.00047744440962560475, 0.001138028223067522, 0.000639231875538826, 0.00040595876635052264, 0.0012302438262850046, 0.0011733716819435358, 0.000539327273145318, 0.0003912602842319757, 0.003103539813309908, 0.00041096386848948896, 0.0004210553888697177, 0.001734709134325385, 0.0008510919869877398, 0.0004748022183775902, 0.001094802631996572, 0.0004586067807395011, 0.0015384808648377657, 0.0429840050637722, 0.04038071259856224, 0.0007451472920365632, 0.0011867909925058484, 0.0011639135191217065, 0.00041835065349005163, 0.0003440812579356134, 0.0011944901198148727, 0.0003410631907172501, 0.0005386315751820803, 0.0004160691751167178, 0.0008218277944251895, 0.000812259444501251, 0.00040506929508410394, 0.00034395031980238855, 0.00038792568375356495, 0.0025151469744741917, 0.04451965168118477, 0.000527715717907995, 0.0004589758173096925, 0.0012185483938083053, 0.0008558527333661914, 0.00039215738070197403, 0.00038596047670580447, 0.0006478358409367502, 0.0003622194635681808, 0.000906188040971756, 0.014948979951441288, 0.001064541982486844, 0.0003993536520283669, 0.001191059360280633, 0.0008993584779091179, 0.0013529571006074548, 0.04636261239647865, 0.0, 0.0, 0.0, 0.0, 0.0, 0.0, 0.0, 0.0, 0.0, 0.0, 0.0, 0.0, 0.0, 0.0, 0.0, 0.0, 0.0, 0.0, 0.0, 0.0, 0.0, 0.0, 0.0, 0.0, 0.0, 0.0, 0.0, 0.0, 0.0, 0.0, 0.0, 0.0, 0.0, 0.0, 0.0, 0.0, 0.0, 0.0, 0.0, 0.0, 0.0, 0.0, 0.0, 0.0, 0.0, 0.0, 0.0, 0.0, 0.0, 0.0, 0.0, 0.0, 0.0, 0.0, 0.0, 0.0, 0.0, 0.0, 0.0, 0.0, 0.0, 0.0, 0.0, 0.0, 0.0, 0.0, 0.0, 0.0, 0.0, 0.0, 0.0, 0.0, 0.0, 0.0, 0.0, 0.0, 0.0, 0.0, 0.0, 0.0, 0.0, 0.0, 0.0, 0.0, 0.0, 0.0, 0.0, 0.0, 0.0, 0.0, 0.0], "tokens": ["the", "food", "chain", ".", "a", "cheetah", "chases", "down", "and", "devours", "a", "zebra", ".", "the", "scene", "is", "not", "uncommon", "in", "etosha", ",", "where", "the", "cycle", "of", "life", ",", "death", ",", "and", "birth", "has", "played", "out", "longer", "than", "any", "human", "can", "remember", ".", "in", "this", "situation", ",", "the", "cheetah", "is", "the", "predator", ",", "the", "animal", "that", "is", "eating", ",", "while", "the", "zebra", "is", "the", "prey", ",", "the", "animal", "being", "eaten", ".", "predators", "and", "prey", "comprise", "only", "a", "portion", "of", "what", "is", "commonly", "known", "as", "a", "food", "chain", ".", "a", "food", "chain", "explains", "how", "food", "energy", "is", "transferred", "between", "living", "things", "in", "an", "environment", "."], "end_index": 19,