{"query_id": 7940, "passages": [{"logits_start": [0.011849027127027512, 0.011859681457281113, 0.011859136633574963, 0.011831948533654213, 0.011840777471661568, 0.011876479722559452, 0.011934163048863411, 0.011990649625658989, 0.01203262247145176, 0.012077783234417439, 0.012143010273575783, 0.01221760269254446, 0.012292482890188694, 0.01236188318580389, 0.012441993691027164, 0.012527693063020706, 0.012575220316648483, 0.012566440738737583, 0.012558525428175926, 0.012545990757644176, 0.012529822997748852, 0.012518597766757011, 0.012491323053836823, 0.01249599363654852, 0.012494917958974838, 0.012499958276748657, 0.012501019984483719, 0.01253080740571022, 0.012566307559609413, 0.0125725781545043, 0.01253647543489933, 0.012526622973382473, 0.012522907927632332, 0.012535205110907555, 0.012552225962281227, 0.012553844600915909, 0.0125551363453269, 0.012560762465000153, 0.012563968077301979, 0.012574712745845318, 0.012582732364535332, 0.012604869902133942, 0.012635222636163235, 0.012629539705812931, 0.01257194485515356, 0.012519655749201775, 0.012468974106013775, 0.012419968843460083, 0.012379227206110954, 0.012332022190093994, 0.012318388558924198, 0.012319379486143589, 0.012329411692917347, 0.01233548391610384, 0.012370939366519451, 0.012412827461957932, 0.01242916565388441, 0.012406437657773495, 0.01241502445191145, 0.012447970919311047, 0.012488090433180332, 0.012527612037956715, 0.012546771205961704, 0.012563372030854225, 0.012602681294083595, 0.01264496985822916, 0.012697095982730389, 0.012746911495923996, 0.012813721783459187, 0.012894174084067345, 0.012941762804985046, 0.01293879933655262, 0.012946318835020065, 0.012954034842550755, 0.01295583788305521, 0.012996893376111984, 0.013055296614766121, 0.013142629526555538, 0.013236252591013908, 0.013311338610947132, 0.0, 0.0, 0.0, 0.0, 0.0, 0.0, 0.0, 0.0, 0.0, 0.0, 0.0, 0.0, 0.0, 0.0, 0.0, 0.0, 0.0, 0.0, 0.0, 0.0, 0.0, 0.0, 0.0, 0.0, 0.0, 0.0, 0.0, 0.0, 0.0, 0.0, 0.0, 0.0, 0.0, 0.0, 0.0, 0.0, 0.0, 0.0, 0.0, 0.0, 0.0, 0.0, 0.0, 0.0, 0.0, 0.0, 0.0, 0.0, 0.0, 0.0, 0.0, 0.0, 0.0, 0.0, 0.0, 0.0, 0.0, 0.0, 0.0, 0.0, 0.0, 0.0, 0.0, 0.0, 0.0, 0.0, 0.0, 0.0, 0.0, 0.0, 0.0, 0.0, 0.0, 0.0, 0.0, 0.0, 0.0, 0.0, 0.0, 0.0, 0.0, 0.0, 0.0, 0.0, 0.0, 0.0, 0.0, 0.0, 0.0, 0.0, 0.0, 0.0, 0.0, 0.0, 0.0, 0.0, 0.0, 0.0, 0.0, 0.0, 0.0, 0.0, 0.0, 0.0, 0.0, 0.0, 0.0, 0.0, 0.0, 0.0, 0.0, 0.0, 0.0, 0.0, 0.0, 0.0, 0.0, 0.0, 0.0, 0.0, 0.0, 0.0, 0.0, 0.0, 0.0, 0.0, 0.0, 0.0, 0.0, 0.0, 0.0, 0.0, 0.0, 0.0, 0.0, 0.0, 0.0, 0.0, 0.0, 0.0, 0.0, 0.0, 0.0, 0.0, 0.0, 0.0, 0.0, 0.0, 0.0, 0.0, 0.0, 0.0, 0.0, 0.0, 0.0, 0.0, 0.0, 0.0, 0.0, 0.0], "logits_end": [0.011302828788757324, 0.011318068951368332, 0.011287577450275421, 0.011353537440299988, 0.011459284462034702, 0.01151060126721859, 0.011638321913778782, 0.011716620065271854, 0.01173042319715023, 0.01179253775626421, 0.011836848221719265, 0.012037856504321098, 0.012087932787835598, 0.01219356432557106, 0.012393050827085972, 0.012475100345909595, 0.01250524166971445, 0.012600550428032875, 0.012732335366308689, 0.012846063822507858, 0.012957588769495487, 0.012895516119897366, 0.012866602279245853, 0.012859921902418137, 0.01287902146577835, 0.012823960743844509, 0.012793728150427341, 0.012800301425158978, 0.012759805656969547, 0.012669553980231285, 0.01269384752959013, 0.012759552337229252, 0.012801576405763626, 0.012740337289869785, 0.012718540616333485, 0.012654072605073452, 0.012671418488025665, 0.012765048071742058, 0.01278118696063757, 0.0127131137996912, 0.012711243703961372, 0.012816582806408405, 0.012808489613234997, 0.012758021242916584, 0.012783011421561241, 0.012846407480537891, 0.012896574102342129, 0.012946286238729954, 0.012826047837734222, 0.01275035459548235, 0.012696349993348122, 0.012600591406226158, 0.012526826933026314, 0.012464757077395916, 0.012448904104530811, 0.012392177246510983, 0.012285387143492699, 0.01229648943990469, 0.01238178089261055, 0.012415680103003979, 0.012406663969159126, 0.012394564226269722, 0.012338889762759209, 0.012369346804916859, 0.012430091388523579, 0.012489713728427887, 0.01246680784970522, 0.01252548024058342, 0.012690034694969654, 0.012747764587402344, 0.012753819115459919, 0.012816403992474079, 0.012886001728475094, 0.012839149683713913, 0.012796436436474323, 0.012834610417485237, 0.012832814827561378, 0.012821592390537262, 0.0127725750207901, 0.012712248601019382, 0.0, 0.0, 0.0, 0.0, 0.0, 0.0, 0.0, 0.0, 0.0, 0.0, 0.0, 0.0, 0.0, 0.0, 0.0, 0.0, 0.0, 0.0, 0.0, 0.0, 0.0, 0.0, 0.0, 0.0, 0.0, 0.0, 0.0, 0.0, 0.0, 0.0, 0.0, 0.0, 0.0, 0.0, 0.0, 0.0, 0.0, 0.0, 0.0, 0.0, 0.0, 0.0, 0.0, 0.0, 0.0, 0.0, 0.0, 0.0, 0.0, 0.0, 0.0, 0.0, 0.0, 0.0, 0.0, 0.0, 0.0, 0.0, 0.0, 0.0, 0.0, 0.0, 0.0, 0.0, 0.0, 0.0, 0.0, 0.0, 0.0, 0.0, 0.0, 0.0, 0.0, 0.0, 0.0, 0.0, 0.0, 0.0, 0.0, 0.0, 0.0, 0.0, 0.0, 0.0, 0.0, 0.0, 0.0, 0.0, 0.0, 0.0, 0.0, 0.0, 0.0, 0.0, 0.0, 0.0, 0.0, 0.0, 0.0, 0.0, 0.0, 0.0, 0.0, 0.0, 0.0, 0.0, 0.0, 0.0, 0.0, 0.0, 0.0, 0.0, 0.0, 0.0, 0.0, 0.0, 0.0, 0.0, 0.0, 0.0, 0.0, 0.0, 0.0, 0.0, 0.0, 0.0, 0.0, 0.0, 0.0, 0.0, 0.0, 0.0, 0.0, 0.0, 0.0, 0.0, 0.0, 0.0, 0.0, 0.0, 0.0, 0.0, 0.0, 0.0, 0.0, 0.0, 0.0, 0.0, 0.0, 0.0, 0.0, 0.0, 0.0, 0.0, 0.0, 0.0, 0.0, 0.0, 0.0, 0.0], "tokens": ["the", "name", "marissa", "is", "a", "latin", "baby", "name", ".", "in", "latin", "the", "meaning", "of", "the", "name", "marissa", "is", ":", "of", "the", "sea.and", "mary", ".", "american", "meaning", ":", "the", "name", "marissa", "is", "an", "american", "baby", "name", ".", "in", "american", "the", "meaning", "of", "the", "name", "marissa", "is", ":", "of", "the", "sea.and", "mary", ".", "hebrew", "meaning", ":", "the", "name", "marissa", "is", "a", "hebrew", "baby", "name", ".", "in", "hebrew", "the", "meaning", "of", "the", "name", "marissa", "is", ":", "wished-for", "child", ";", "rebellion", ";", "bitter", "."], "relevance": 0.3799104423916768, "url": "http://www.sheknows.com/baby-names/name/marissa"}, {"url": "http://www.urbandictionary.com/define.php?term=Marissa&defid=5117833", "start_index": 47, "tokens": ["8.", "marissa", ".", "marissa", "is", "a", "very", "unique", "name", ",", "especially", "this", "spelling", "of", "it", ".", "the", "name", "marissa", "means", "'of", "the", "sea'..", "the", "sea", "is", "a", "very", "beautiful", ",", "mysterious", "place", ".", "which", "is", "the", "same", "for", "most", "girls", "named", "marissa", ".", "beautiful", "and", "very", "mysterious", "."], "relevance": 0.3370197603748675, "selected": true,