{"query_id": 8134, "passages": [{"selected": true, "logits_start": [0.0015529784141108394, 0.0003136560844723135, 0.00033968916977755725, 0.0042044976726174355, 0.00030107624479569495, 0.00032768951496109366, 0.0003114007704425603, 0.0003361869603395462, 0.00033038450055755675, 0.00031107960967347026, 0.0003192764997947961, 0.00032471565646119416, 0.0015151689294725657, 0.0003371109487488866, 0.00029983470449224114, 0.000305098423268646, 0.0003151924174744636, 0.0003193282464053482, 0.00030196591978892684, 0.0003207549743819982, 0.0003182134823873639, 0.0005220865714363754, 0.811089277267456, 0.020667454227805138, 0.013338255695998669, 0.00018261188233736902, 0.0026659180875867605, 0.0059945667162537575, 0.0005271346308290958, 0.00015745777636766434, 0.0015704843681305647, 0.00019638947560451925, 0.00015623510989826173, 0.00017101499543059617, 0.002671015216037631, 0.00031819965806789696, 0.00017916013894136995, 0.0001547085412312299, 0.0003492180840112269, 0.0002287168026668951, 0.00014631231897510588, 0.0007863089558668435, 0.00014026759890839458, 0.0001610673061804846, 0.002804866526275873, 0.00014615082181990147, 0.0007266172324307263, 0.0001293514942517504, 0.00014987774193286896, 0.0015349177410826087, 0.00012202125799376518, 0.00013903713261242956, 0.00012980823521502316, 0.0001606397854629904, 0.00031046936055645347, 0.00012877436529379338, 0.00012700818479061127, 0.00013192876940593123, 0.0006961695617064834, 0.00020742189371958375, 0.00012310560850892216, 0.00012577259622048587, 0.00012250749568920583, 0.00012626388343051076, 0.00012064063048455864, 0.0001242779107997194, 0.00012802545097656548, 0.00014696693688165396, 0.10724394023418427, 0.005034215282648802, 0.0035774034913629293, 0.00010258056863676757, 0.0, 0.0, 0.0, 0.0, 0.0, 0.0, 0.0, 0.0, 0.0, 0.0, 0.0, 0.0, 0.0, 0.0, 0.0, 0.0, 0.0, 0.0, 0.0, 0.0, 0.0, 0.0, 0.0, 0.0, 0.0, 0.0, 0.0, 0.0, 0.0, 0.0, 0.0, 0.0, 0.0, 0.0, 0.0, 0.0, 0.0, 0.0, 0.0, 0.0, 0.0, 0.0, 0.0, 0.0, 0.0, 0.0, 0.0, 0.0, 0.0, 0.0, 0.0, 0.0, 0.0, 0.0, 0.0, 0.0, 0.0, 0.0, 0.0, 0.0, 0.0, 0.0, 0.0, 0.0, 0.0, 0.0, 0.0, 0.0, 0.0, 0.0, 0.0, 0.0, 0.0, 0.0, 0.0, 0.0, 0.0, 0.0, 0.0, 0.0, 0.0, 0.0, 0.0, 0.0, 0.0, 0.0, 0.0, 0.0, 0.0, 0.0, 0.0, 0.0, 0.0, 0.0, 0.0, 0.0, 0.0, 0.0, 0.0, 0.0, 0.0, 0.0, 0.0, 0.0, 0.0, 0.0, 0.0, 0.0, 0.0, 0.0, 0.0, 0.0, 0.0, 0.0, 0.0, 0.0, 0.0, 0.0, 0.0, 0.0, 0.0, 0.0, 0.0, 0.0, 0.0, 0.0, 0.0, 0.0, 0.0, 0.0, 0.0, 0.0, 0.0, 0.0, 0.0, 0.0, 0.0, 0.0, 0.0, 0.0, 0.0, 0.0, 0.0, 0.0, 0.0, 0.0, 0.0, 0.0, 0.0, 0.0, 0.0, 0.0, 0.0, 0.0, 0.0, 0.0, 0.0, 0.0, 0.0, 0.0, 0.0, 0.0, 0.0, 0.0, 0.0, 0.0, 0.0, 0.0], "end_index": 24, "start_index": 22, "relevance": 0.5232521412008544, "tokens": ["english", "meaning", ":", "the", "name", "henry", "is", "an", "english", "baby", "name", ".", "in", "english", "the", "meaning", "of", "the", "name", "henry", "is", ":", "rules", "his", "household", ".", "'", "oft-used", "english", "and", "french", "royal", "name", ".", "the", "second", "son", "of", "charles", "prince", "of", "wales", "is", "named", "henry", ".", "german", "meaning", ":", "the", "name", "henry", "is", "a", "german", "baby", "name", ".", "in", "german", "the", "meaning", "of", "the", "name", "henry", "is", ":", "rules", "his", "household", "."], "logits_end": [0.0007555321790277958, 0.0002862853871192783, 0.0001939244248205796, 0.00036590086529031396, 0.00017734158609528095, 0.00037390858051367104, 0.0001651560451136902, 0.00020341236086096615, 0.0002649080997798592, 0.00030364247504621744, 0.0007692205253988504, 0.0006561564514413476, 0.0002764835662674159, 0.00020910438615828753, 0.00017159857088699937, 0.00016487498942296952, 0.0001516473712399602, 0.00019169987353961915, 0.00020386933465488255, 0.0006701538804918528, 0.0003836109535768628, 0.0005285235238261521, 0.07956788688898087, 0.06901252269744873, 0.40271100401878357, 0.16542981564998627, 0.0005721316556446254, 0.002296432154253125, 0.0076834955252707005, 7.754746911814436e-05, 0.007992672733962536, 0.005204717628657818, 0.003385805292055011, 0.00913661066442728, 0.00013945998216513544, 9.124767530011013e-05, 0.00012329831952229142, 3.0185135983629152e-05, 0.00027680493076331913, 0.0007705491152592003, 3.912853935617022e-05, 0.003687117714434862, 4.259056368027814e-05, 4.8974525270750746e-05, 0.01018611527979374, 0.005951106082648039, 0.00048098090337589383, 6.090858732932247e-05, 4.142125180806033e-05, 0.00013553518510889262, 1.9276858438388444e-05, 0.0001158041923190467, 1.604745011718478e-05, 3.952725819544867e-05, 0.0009988130768761039, 0.00021353791817091405, 0.0007015913142822683, 0.0014071706682443619, 0.0001154262208729051, 0.00022485310910269618, 1.7689406377030537e-05, 1.7594547898625024e-05, 1.1036542673537042e-05, 1.528824577690102e-05, 1.5291336239897646e-05, 0.0001234262017533183, 7.433014252455905e-05, 6.173007568577304e-05, 0.005626938305795193, 0.003981249872595072, 0.11136883497238159, 0.09219158440828323, 0.0, 0.0, 0.0, 0.0, 0.0, 0.0, 0.0, 0.0, 0.0, 0.0, 0.0, 0.0, 0.0, 0.0, 0.0, 0.0, 0.0, 0.0, 0.0, 0.0, 0.0, 0.0, 0.0, 0.0, 0.0, 0.0, 0.0, 0.0, 0.0, 0.0, 0.0, 0.0, 0.0, 0.0, 0.0, 0.0, 0.0, 0.0, 0.0, 0.0, 0.0, 0.0, 0.0, 0.0, 0.0, 0.0, 0.0, 0.0, 0.0, 0.0, 0.0, 0.0, 0.0, 0.0, 0.0, 0.0, 0.0, 0.0, 0.0, 0.0, 0.0, 0.0, 0.0, 0.0, 0.0, 0.0, 0.0, 0.0, 0.0, 0.0, 0.0, 0.0, 0.0, 0.0, 0.0, 0.0, 0.0, 0.0, 0.0, 0.0, 0.0, 0.0, 0.0, 0.0, 0.0, 0.0, 0.0, 0.0, 0.0, 0.0, 0.0, 0.0, 0.0, 0.0, 0.0, 0.0, 0.0, 0.0, 0.0, 0.0, 0.0, 0.0, 0.0, 0.0, 0.0, 0.0, 0.0, 0.0, 0.0, 0.0, 0.0, 0.0, 0.0, 0.0, 0.0, 0.0, 0.0, 0.0, 0.0, 0.0, 0.0, 0.0, 0.0, 0.0, 0.0, 0.0, 0.0, 0.0, 0.0, 0.0, 0.0, 0.0, 0.0, 0.0, 0.0, 0.0, 0.0, 0.0, 0.0, 0.0, 0.0, 0.0, 0.0, 0.0, 0.0, 0.0, 0.0, 0.0, 0.0, 0.0, 0.0, 0.0, 0.0, 0.0, 0.0, 0.0, 0.0, 0.0, 0.0, 0.0, 0.0, 0.0, 0.0, 0.0, 0.0, 0.0, 0.0, 0.0], "url": "http://www.sheknows.com/baby-names/name/henry"}, {"relevance": 0.4767478587991455, "tokens": ["notes", ":", "henry", "is", "a", "name", "with", "german", "and", "english", "origins", ".", "the", "meaning", "of", "the", "name", "henry", "is", "ruler", "of", "the", "home", ".", "the", "french", "spelling", "of", "henry", "is", "henri", "whereas", "the", "german", "spelling", "is", "henrik", ".", "the", "most", "common", "nickname", "of", "the", "name", "henry", "is", "hank", ".", "other", "nicknames", "include", "harry", ",", "henny", "and", "hen", "."],