{"query_id": 8134, "passages": [{"logits_start": [0.013540820218622684, 0.013444005511701107, 0.013358356431126595, 0.013324289582669735, 0.013324439525604248, 0.013345294632017612, 0.013377138413488865, 0.013409883715212345, 0.013455649837851524, 0.013527222909033298, 0.013586967252194881, 0.013615171425044537, 0.013629375956952572, 0.013653796166181564, 0.013681134209036827, 0.013705290853977203, 0.013720978051424026, 0.013751212507486343, 0.013800530694425106, 0.013848374597728252, 0.01388626080006361, 0.013899430632591248, 0.013915692456066608, 0.013925435952842236, 0.013941662386059761, 0.013930906541645527, 0.013901558704674244, 0.013851633295416832, 0.01376959215849638, 0.013721124269068241, 0.013686095364391804, 0.013684173114597797, 0.013691266067326069, 0.01367688924074173, 0.013651478104293346, 0.01362633891403675, 0.013595860451459885, 0.013588467612862587, 0.013585438020527363, 0.013605153188109398, 0.013631656765937805, 0.013650658540427685, 0.013667385093867779, 0.013671048916876316, 0.013677635230123997, 0.013666386716067791, 0.013651875779032707, 0.013646337203681469, 0.013637101277709007, 0.013657636009156704, 0.013696902431547642, 0.013741464354097843, 0.01378745399415493, 0.013834809884428978, 0.013890406116843224, 0.013955965638160706, 0.014014351181685925, 0.014039917849004269, 0.014058851636946201, 0.014095542021095753, 0.014145751483738422, 0.01421855203807354, 0.014294028282165527, 0.014401637017726898, 0.014548007398843765, 0.01470936555415392, 0.0148764131590724, 0.01503463089466095, 0.015209300443530083, 0.015382389537990093, 0.01556470338255167, 0.015707485377788544, 0.0, 0.0, 0.0, 0.0, 0.0, 0.0, 0.0, 0.0, 0.0, 0.0, 0.0, 0.0, 0.0, 0.0, 0.0, 0.0, 0.0, 0.0, 0.0, 0.0, 0.0, 0.0, 0.0, 0.0, 0.0, 0.0, 0.0, 0.0, 0.0, 0.0, 0.0, 0.0, 0.0, 0.0, 0.0, 0.0, 0.0, 0.0, 0.0, 0.0, 0.0, 0.0, 0.0, 0.0, 0.0, 0.0, 0.0, 0.0, 0.0, 0.0, 0.0, 0.0, 0.0, 0.0, 0.0, 0.0, 0.0, 0.0, 0.0, 0.0, 0.0, 0.0, 0.0, 0.0, 0.0, 0.0, 0.0, 0.0, 0.0, 0.0, 0.0, 0.0, 0.0, 0.0, 0.0, 0.0, 0.0, 0.0, 0.0, 0.0, 0.0, 0.0, 0.0, 0.0, 0.0, 0.0, 0.0, 0.0, 0.0, 0.0, 0.0, 0.0, 0.0, 0.0, 0.0, 0.0, 0.0, 0.0, 0.0, 0.0, 0.0, 0.0, 0.0, 0.0, 0.0, 0.0, 0.0, 0.0, 0.0, 0.0, 0.0, 0.0, 0.0, 0.0, 0.0, 0.0, 0.0, 0.0, 0.0, 0.0, 0.0, 0.0, 0.0, 0.0, 0.0, 0.0, 0.0, 0.0, 0.0, 0.0, 0.0, 0.0, 0.0, 0.0, 0.0, 0.0, 0.0, 0.0, 0.0, 0.0, 0.0, 0.0, 0.0, 0.0, 0.0, 0.0, 0.0, 0.0, 0.0, 0.0, 0.0, 0.0, 0.0, 0.0, 0.0, 0.0, 0.0, 0.0, 0.0, 0.0, 0.0, 0.0, 0.0, 0.0, 0.0, 0.0, 0.0, 0.0], "logits_end": [0.012831417843699455, 0.012775974348187447, 0.012808228842914104, 0.012911656871438026, 0.01297643594443798, 0.013072644360363483, 0.013127514161169529, 0.013235646300017834, 0.01328863762319088, 0.013297751545906067, 0.013352105394005775, 0.01335726398974657, 0.013432452455163002, 0.013527307659387589, 0.013611650094389915, 0.01360270380973816, 0.013687308877706528, 0.013876441866159439, 0.01393134519457817, 0.01400512270629406, 0.014002790674567223, 0.014066910371184349, 0.014086172915995121, 0.014056865125894547, 0.01408182643353939, 0.01414569653570652, 0.014073536731302738, 0.01392715610563755, 0.013803372159600258, 0.01373152807354927, 0.013714711181819439, 0.013797100633382797, 0.013785083778202534, 0.013650801032781601, 0.013532666489481926, 0.013423954136669636, 0.013350756838917732, 0.01338950265198946, 0.01355320867151022, 0.013560129329562187, 0.013683134689927101, 0.013818955048918724, 0.013696148991584778, 0.013726815581321716, 0.013749903067946434, 0.01373382844030857, 0.01376270316541195, 0.013777823187410831, 0.013831406831741333, 0.013926062732934952, 0.013925314880907536, 0.013953023590147495, 0.01391403004527092, 0.013963737525045872, 0.014057694934308529, 0.014070081524550915, 0.01412277389317751, 0.014100064523518085, 0.01413562148809433, 0.014263033866882324, 0.014381208457052708, 0.01440482959151268, 0.014512840658426285, 0.014739183709025383, 0.01482381485402584, 0.014941847883164883, 0.015000243671238422, 0.015142410062253475, 0.015264904126524925, 0.01531000342220068, 0.015385525301098824, 0.015437707304954529, 0.0, 0.0, 0.0, 0.0, 0.0, 0.0, 0.0, 0.0, 0.0, 0.0, 0.0, 0.0, 0.0, 0.0, 0.0, 0.0, 0.0, 0.0, 0.0, 0.0, 0.0, 0.0, 0.0, 0.0, 0.0, 0.0, 0.0, 0.0, 0.0, 0.0, 0.0, 0.0, 0.0, 0.0, 0.0, 0.0, 0.0, 0.0, 0.0, 0.0, 0.0, 0.0, 0.0, 0.0, 0.0, 0.0, 0.0, 0.0, 0.0, 0.0, 0.0, 0.0, 0.0, 0.0, 0.0, 0.0, 0.0, 0.0, 0.0, 0.0, 0.0, 0.0, 0.0, 0.0, 0.0, 0.0, 0.0, 0.0, 0.0, 0.0, 0.0, 0.0, 0.0, 0.0, 0.0, 0.0, 0.0, 0.0, 0.0, 0.0, 0.0, 0.0, 0.0, 0.0, 0.0, 0.0, 0.0, 0.0, 0.0, 0.0, 0.0, 0.0, 0.0, 0.0, 0.0, 0.0, 0.0, 0.0, 0.0, 0.0, 0.0, 0.0, 0.0, 0.0, 0.0, 0.0, 0.0, 0.0, 0.0, 0.0, 0.0, 0.0, 0.0, 0.0, 0.0, 0.0, 0.0, 0.0, 0.0, 0.0, 0.0, 0.0, 0.0, 0.0, 0.0, 0.0, 0.0, 0.0, 0.0, 0.0, 0.0, 0.0, 0.0, 0.0, 0.0, 0.0, 0.0, 0.0, 0.0, 0.0, 0.0, 0.0, 0.0, 0.0, 0.0, 0.0, 0.0, 0.0, 0.0, 0.0, 0.0, 0.0, 0.0, 0.0, 0.0, 0.0, 0.0, 0.0, 0.0, 0.0, 0.0, 0.0, 0.0, 0.0, 0.0, 0.0, 0.0, 0.0], "tokens": ["english", "meaning", ":", "the", "name", "henry", "is", "an", "english", "baby", "name", ".", "in", "english", "the", "meaning", "of", "the", "name", "henry", "is", ":", "rules", "his", "household", ".", "'", "oft-used", "english", "and", "french", "royal", "name", ".", "the", "second", "son", "of", "charles", "prince", "of", "wales", "is", "named", "henry", ".", "german", "meaning", ":", "the", "name", "henry", "is", "a", "german", "baby", "name", ".", "in", "german", "the", "meaning", "of", "the", "name", "henry", "is", ":", "rules", "his", "household", "."], "relevance": 0.5232521412008544, "url": "http://www.sheknows.com/baby-names/name/henry"}, {"url": "http://www.babynames.com/name/Henry", "start_index": 56, "tokens": ["notes", ":", "henry", "is", "a", "name", "with", "german", "and", "english", "origins", ".", "the", "meaning", "of", "the", "name", "henry", "is", "ruler", "of", "the", "home", ".", "the", "french", "spelling", "of", "henry", "is", "henri", "whereas", "the", "german", "spelling", "is", "henrik", ".", "the", "most", "common", "nickname", "of", "the", "name", "henry", "is", "hank", ".", "other", "nicknames", "include", "harry", ",", "henny", "and", "hen", "."], "relevance": 0.4767478587991455, "selected": true,