{"query_id": 9178, "passages": [{"relevance": 0.4060699132491072, "tokens": ["before", "understanding", "what", "a", "bract", "is", ",", "it", "is", "helpful", "to", "understand", "what", "it", "is", "not", ".", "first", ",", "it", "is", "not", "a", "part", "of", "the", "flower", "by", "definition", ".", "complete", "flowers", "are", "composed", "of", "four", "parts", ":", "sepals", ",", "petals", ",", "stamens", ",", "and", "pistils", ".", "a", "bract", "is", "none", "of", "these", ".", "neither", "is", "a", "bract", "a", "leaf", ",", "although", "it", "is", "sometimes", "defined", "as", "a", "leaflike", "structure", "."], "logits_end": [0.0011741553898900747, 0.0008372366428375244, 0.0004027615941595286, 0.0004248512559570372, 0.0025382202584296465, 0.0006948101217858493, 0.0004316091653890908, 0.0020775676239281893, 0.0004827164812013507, 0.0003382747818250209, 0.0003180574858561158, 0.0002986893814522773, 0.00028306833701208234, 0.0003413160447962582, 0.0003449272771831602, 0.0009763050475157797, 0.04847654700279236, 0.005074284505099058, 0.00034615345066413283, 0.002090114401653409, 0.0005182455061003566, 0.0002633356489241123, 0.00041075394256040454, 0.00025317620020359755, 0.00016308958583977073, 0.00026024188264273107, 0.00416858633980155, 0.0003387493488844484, 0.0012329722521826625, 0.07610359787940979, 0.0014480312820523977, 0.0005380524671636522, 0.00017965742154046893, 0.00019920790509786457, 0.00011581620492506772, 0.00025007774820551276, 0.004030113574117422, 0.00023882914683781564, 0.003917111549526453, 0.00032757685403339565, 0.0013317142147570848, 0.00013011560076847672, 0.0013548597926273942, 0.0001389567187288776, 0.00012427066394593567, 0.0434185154736042, 0.24589920043945312, 0.0009702162351459265, 0.00800641905516386, 0.00015959142183419317, 0.00011785406968556345, 5.7316996389999986e-05, 0.0016897328896448016, 0.08070485293865204, 0.001018376206047833, 0.0003442013985477388, 0.0009449092322029173, 0.0016943463124334812, 0.00024809257593005896, 0.012756464071571827, 0.0002573667443357408, 4.9728394515113905e-05, 0.00023925681307446212, 4.340730811236426e-05, 2.51145102083683e-05, 2.563374800956808e-05, 3.9936017856234685e-05, 0.0002107235777657479, 0.0031026718206703663, 0.025171952322125435, 0.4068153500556946, 0.0, 0.0, 0.0, 0.0, 0.0, 0.0, 0.0, 0.0, 0.0, 0.0, 0.0, 0.0, 0.0, 0.0, 0.0, 0.0, 0.0, 0.0, 0.0, 0.0, 0.0, 0.0, 0.0, 0.0, 0.0, 0.0, 0.0, 0.0, 0.0, 0.0, 0.0, 0.0, 0.0, 0.0, 0.0, 0.0, 0.0, 0.0, 0.0, 0.0, 0.0, 0.0, 0.0, 0.0, 0.0, 0.0, 0.0, 0.0, 0.0, 0.0, 0.0, 0.0, 0.0, 0.0, 0.0, 0.0, 0.0, 0.0, 0.0, 0.0, 0.0, 0.0, 0.0, 0.0, 0.0, 0.0, 0.0, 0.0, 0.0, 0.0, 0.0, 0.0, 0.0, 0.0, 0.0, 0.0, 0.0, 0.0, 0.0, 0.0, 0.0, 0.0, 0.0, 0.0, 0.0, 0.0, 0.0, 0.0, 0.0, 0.0, 0.0, 0.0, 0.0, 0.0, 0.0, 0.0, 0.0, 0.0, 0.0, 0.0, 0.0, 0.0, 0.0, 0.0, 0.0, 0.0, 0.0, 0.0, 0.0, 0.0, 0.0, 0.0, 0.0, 0.0, 0.0, 0.0, 0.0, 0.0, 0.0, 0.0, 0.0, 0.0, 0.0, 0.0, 0.0, 0.0, 0.0, 0.0, 0.0, 0.0, 0.0, 0.0, 0.0, 0.0, 0.0, 0.0, 0.0, 0.0, 0.0, 0.0, 0.0, 0.0, 0.0, 0.0, 0.0, 0.0, 0.0, 0.0, 0.0, 0.0, 0.0, 0.0, 0.0, 0.0, 0.0, 0.0, 0.0, 0.0, 0.0, 0.0, 0.0, 0.0, 0.0, 0.0, 0.0, 0.0, 0.0, 0.0, 0.0], "url": "http://davesgarden.com/guides/articles/view/3156/", "logits_start": [0.0259860772639513, 0.0009535204735584557, 0.0009815776720643044, 0.0034235850907862186, 0.003414261620491743, 0.0008978403056971729, 0.0009487642091698945, 0.019144322723150253, 0.0010117029305547476, 0.0008238078444264829, 0.000809057499282062, 0.0007611526525579393, 0.0007356225396506488, 0.0007351309177465737, 0.0007632002234458923, 0.0008029856835491955, 0.0008588721393607557, 0.03231602534651756, 0.0007020711782388389, 0.027104103937745094, 0.0010437117889523506, 0.0007073715096339583, 0.0012538357404991984, 0.0006384942680597305, 0.0005843196995556355, 0.000591313699260354, 0.000590725801885128, 0.0005897098453715444, 0.0005884385318495333, 0.0006954818381927907, 0.01446368545293808, 0.0006929197115823627, 0.0006054838304407895, 0.0006568558164872229, 0.0005575906834565103, 0.0005652437102980912, 0.000568643503356725, 0.0006745397113263607, 0.3916996717453003, 0.002398884855210781, 0.006983973551541567, 0.00046470831148326397, 0.0010701683349907398, 0.0004838275199290365, 0.0004840003384742886, 0.002236593049019575, 0.0004937175544910133, 0.05614433065056801, 0.004412811249494553, 0.0006654931930825114, 0.0005893842899240553, 0.0004075170436408371, 0.00041512446478009224, 0.0004738169373013079, 0.1458987146615982, 0.020637815818190575, 0.1675821989774704, 0.015595270320773125, 0.001143337693065405, 0.0007698039407841861, 0.0003884470497723669, 0.00040806870674714446, 0.001175549579784274, 0.0004917115438729525, 0.000405109953135252, 0.0003754931967705488, 0.0004532265884336084, 0.006851046811789274, 0.01826014742255211, 0.0006111875409260392, 0.0002867510193027556, 0.0, 0.0, 0.0, 0.0, 0.0, 0.0, 0.0, 0.0, 0.0, 0.0, 0.0, 0.0, 0.0, 0.0, 0.0, 0.0, 0.0, 0.0, 0.0, 0.0, 0.0, 0.0, 0.0, 0.0, 0.0, 0.0, 0.0, 0.0, 0.0, 0.0, 0.0, 0.0, 0.0, 0.0, 0.0, 0.0, 0.0, 0.0, 0.0, 0.0, 0.0, 0.0, 0.0, 0.0, 0.0, 0.0, 0.0, 0.0, 0.0, 0.0, 0.0, 0.0, 0.0, 0.0, 0.0, 0.0, 0.0, 0.0, 0.0, 0.0, 0.0, 0.0, 0.0, 0.0, 0.0, 0.0, 0.0, 0.0, 0.0, 0.0, 0.0, 0.0, 0.0, 0.0, 0.0, 0.0, 0.0, 0.0, 0.0, 0.0, 0.0, 0.0, 0.0, 0.0, 0.0, 0.0, 0.0, 0.0, 0.0, 0.0, 0.0, 0.0, 0.0, 0.0, 0.0, 0.0, 0.0, 0.0, 0.0, 0.0, 0.0, 0.0, 0.0, 0.0, 0.0, 0.0, 0.0, 0.0, 0.0, 0.0, 0.0, 0.0, 0.0, 0.0, 0.0, 0.0, 0.0, 0.0, 0.0, 0.0, 0.0, 0.0, 0.0, 0.0, 0.0, 0.0, 0.0, 0.0, 0.0, 0.0, 0.0, 0.0, 0.0, 0.0, 0.0, 0.0, 0.0, 0.0, 0.0, 0.0, 0.0, 0.0, 0.0, 0.0, 0.0, 0.0, 0.0, 0.0, 0.0, 0.0, 0.0, 0.0, 0.0, 0.0, 0.0, 0.0, 0.0, 0.0, 0.0, 0.0, 0.0, 0.0, 0.0, 0.0, 0.0, 0.0, 0.0, 0.0, 0.0]}, {"selected": true,